--------------------------------------------------------
--  Fichier cree - lundi-avril-01-2024   
--------------------------------------------------------
REM INSERTING into C_GPI.CONTRAT_MAINTENANCE
SET DEFINE OFF;
Insert into C_GPI.CONTRAT_MAINTENANCE (CONT_ID,FOURN_ID,REFERENCE_CONTRAT) values ('1','1','Contrat_Maintenance_Equipement_DATA_CENTER');
Insert into C_GPI.CONTRAT_MAINTENANCE (CONT_ID,FOURN_ID,REFERENCE_CONTRAT) values ('2','7','Contrat_Achat_Materiel_DATA_CENTER');
Insert into C_GPI.CONTRAT_MAINTENANCE (CONT_ID,FOURN_ID,REFERENCE_CONTRAT) values ('3','2','Contrat_Achat_&_Maintenance_Materiel_informatique');
Insert into C_GPI.CONTRAT_MAINTENANCE (CONT_ID,FOURN_ID,REFERENCE_CONTRAT) values ('4','6','Contrat_INTERNET');
Insert into C_GPI.CONTRAT_MAINTENANCE (CONT_ID,FOURN_ID,REFERENCE_CONTRAT) values ('5','8','Contrat_INTERNET');
Insert into C_GPI.CONTRAT_MAINTENANCE (CONT_ID,FOURN_ID,REFERENCE_CONTRAT) values ('6','5','Contrat_Achat_&_Maintenance_SITE_WEB_(CIAR)');
Insert into C_GPI.CONTRAT_MAINTENANCE (CONT_ID,FOURN_ID,REFERENCE_CONTRAT) values ('7','4','Contrat_Achat_&_Maintenance_ERP');
Insert into C_GPI.CONTRAT_MAINTENANCE (CONT_ID,FOURN_ID,REFERENCE_CONTRAT) values ('8','9','Contrat_Achat_&_Maintenance_SYMANTEC');
Insert into C_GPI.CONTRAT_MAINTENANCE (CONT_ID,FOURN_ID,REFERENCE_CONTRAT) values ('9','3','Contrat_Bureatique');
REM INSERTING into C_GPI.DEPARTEMENTS
SET DEFINE OFF;
Insert into C_GPI.DEPARTEMENTS (DEP_ID,DEPARTEMENT,NOM_DEPARTEMENT,DR_ID) values ('1','DG','Direction GENERALE','1');
Insert into C_GPI.DEPARTEMENTS (DEP_ID,DEPARTEMENT,NOM_DEPARTEMENT,DR_ID) values ('2','DAG','Direction ADMINISTRATION GENERALE','1');
Insert into C_GPI.DEPARTEMENTS (DEP_ID,DEPARTEMENT,NOM_DEPARTEMENT,DR_ID) values ('3','JUR_20','Departement JURIDIQUE_DR-ANNABA','3');
Insert into C_GPI.DEPARTEMENTS (DEP_ID,DEPARTEMENT,NOM_DEPARTEMENT,DR_ID) values ('4','INF_20','Departement INFORMATIQUE_DR-ANNABA','3');
Insert into C_GPI.DEPARTEMENTS (DEP_ID,DEPARTEMENT,NOM_DEPARTEMENT,DR_ID) values ('6','DFC_30','Departement FINANCE & COMPTABILITE_DR-ORAN','4');
Insert into C_GPI.DEPARTEMENTS (DEP_ID,DEPARTEMENT,NOM_DEPARTEMENT,DR_ID) values ('7','REA_DG','Direction REASSURANCE','1');
Insert into C_GPI.DEPARTEMENTS (DEP_ID,DEPARTEMENT,NOM_DEPARTEMENT,DR_ID) values ('8','DRC_60','Departement RESEAU & COMMERCIAL_DR-BLIDA','7');
Insert into C_GPI.DEPARTEMENTS (DEP_ID,DEPARTEMENT,NOM_DEPARTEMENT,DR_ID) values ('9','DRM_DG','Direction RISK_MANAGEMENT','1');
Insert into C_GPI.DEPARTEMENTS (DEP_ID,DEPARTEMENT,NOM_DEPARTEMENT,DR_ID) values ('10','SOUSCRIPTION_30','Departement SOUSCRIPTION_DR-ORAN','4');
Insert into C_GPI.DEPARTEMENTS (DEP_ID,DEPARTEMENT,NOM_DEPARTEMENT,DR_ID) values ('141','CONTROLE_20','Departement CONTROLE_DR-ANNABA','3');
Insert into C_GPI.DEPARTEMENTS (DEP_ID,DEPARTEMENT,NOM_DEPARTEMENT,DR_ID) values ('140','DCR_30','Departement CREANCE & RECOUVEREMENT_DR-ORAN','4');
Insert into C_GPI.DEPARTEMENTS (DEP_ID,DEPARTEMENT,NOM_DEPARTEMENT,DR_ID) values ('142','DFCA_20','Departement FNANCES, COMPTABILITE & ADMINISTRATION_DR-ANNABA','3');
Insert into C_GPI.DEPARTEMENTS (DEP_ID,DEPARTEMENT,NOM_DEPARTEMENT,DR_ID) values ('160','RESEAU_30','Departement RESEAU_DR-ORAN','4');
Insert into C_GPI.DEPARTEMENTS (DEP_ID,DEPARTEMENT,NOM_DEPARTEMENT,DR_ID) values ('250','PROD_80','Departement PRODUCTION_DR-DELIBRAHIM','8');
Insert into C_GPI.DEPARTEMENTS (DEP_ID,DEPARTEMENT,NOM_DEPARTEMENT,DR_ID) values ('143','SINI_20','Departement SINISTRE_DR-ANNABA','3');
Insert into C_GPI.DEPARTEMENTS (DEP_ID,DEPARTEMENT,NOM_DEPARTEMENT,DR_ID) values ('144','COM_DG','Direction de COMMUNICATION','1');
Insert into C_GPI.DEPARTEMENTS (DEP_ID,DEPARTEMENT,NOM_DEPARTEMENT,DR_ID) values ('145','ACT_DG','Direction ACTUARIAT','1');
Insert into C_GPI.DEPARTEMENTS (DEP_ID,DEPARTEMENT,NOM_DEPARTEMENT,DR_ID) values ('146','DREG_20','Direction REGIONALE_DR-ANNABA','3');
Insert into C_GPI.DEPARTEMENTS (DEP_ID,DEPARTEMENT,NOM_DEPARTEMENT,DR_ID) values ('175','SOUSCRIPTION_DG','Direction SOUSCRIPTION','1');
Insert into C_GPI.DEPARTEMENTS (DEP_ID,DEPARTEMENT,NOM_DEPARTEMENT,DR_ID) values ('148','PROD_20','Departement PRODUCTION_DR-ANNABA','3');
Insert into C_GPI.DEPARTEMENTS (DEP_ID,DEPARTEMENT,NOM_DEPARTEMENT,DR_ID) values ('149','DRAG_40','Direction REGIONALE ADMINISTRATION GENERALE_DR-GHARDAIA','5');
Insert into C_GPI.DEPARTEMENTS (DEP_ID,DEPARTEMENT,NOM_DEPARTEMENT,DR_ID) values ('174','LIQUIDATION_DG','Centre de LIQUIDATION','1');
Insert into C_GPI.DEPARTEMENTS (DEP_ID,DEPARTEMENT,NOM_DEPARTEMENT,DR_ID) values ('179','INF_30','Departement INFORMATIQUE_DR-ORAN','4');
Insert into C_GPI.DEPARTEMENTS (DEP_ID,DEPARTEMENT,NOM_DEPARTEMENT,DR_ID) values ('163','REC_DG','Centre de RECOUVREMENT','1');
Insert into C_GPI.DEPARTEMENTS (DEP_ID,DEPARTEMENT,NOM_DEPARTEMENT,DR_ID) values ('164','DPI_DG','Direction de PLACEMENTS & d''INVISTISSEMENTS','1');
Insert into C_GPI.DEPARTEMENTS (DEP_ID,DEPARTEMENT,NOM_DEPARTEMENT,DR_ID) values ('165','CA_DG','Centre d''ASSAINISSEMENT','1');
Insert into C_GPI.DEPARTEMENTS (DEP_ID,DEPARTEMENT,NOM_DEPARTEMENT,DR_ID) values ('166','JUR _DG','Direction JURIDIQUE','1');
Insert into C_GPI.DEPARTEMENTS (DEP_ID,DEPARTEMENT,NOM_DEPARTEMENT,DR_ID) values ('167','INF_DG','Direction INFORMATIQUE','1');
Insert into C_GPI.DEPARTEMENTS (DEP_ID,DEPARTEMENT,NOM_DEPARTEMENT,DR_ID) values ('168','DFC_DG','Direction FINANCE & COMPTABILITE','1');
Insert into C_GPI.DEPARTEMENTS (DEP_ID,DEPARTEMENT,NOM_DEPARTEMENT,DR_ID) values ('177','CONTROLE_30','Departement CONTROLE_DR-ORAN','4');
Insert into C_GPI.DEPARTEMENTS (DEP_ID,DEPARTEMENT,NOM_DEPARTEMENT,DR_ID) values ('170','RESEAU_DG','Direction RESEAU','1');
Insert into C_GPI.DEPARTEMENTS (DEP_ID,DEPARTEMENT,NOM_DEPARTEMENT,DR_ID) values ('171','SINI_DG','Direction SINISTRE','1');
Insert into C_GPI.DEPARTEMENTS (DEP_ID,DEPARTEMENT,NOM_DEPARTEMENT,DR_ID) values ('172','CONTROLE_DG','Direction CONTROLE','1');
Insert into C_GPI.DEPARTEMENTS (DEP_ID,DEPARTEMENT,NOM_DEPARTEMENT,DR_ID) values ('178','DREG_30','Direction REGIONALE_DR-ORAN','4');
Insert into C_GPI.DEPARTEMENTS (DEP_ID,DEPARTEMENT,NOM_DEPARTEMENT,DR_ID) values ('180','JUR_30','Departement JURIDIQUE_DR-ORAN','4');
Insert into C_GPI.DEPARTEMENTS (DEP_ID,DEPARTEMENT,NOM_DEPARTEMENT,DR_ID) values ('181','SINI_30','Departement SINISTRE_DR-ORAN','4');
Insert into C_GPI.DEPARTEMENTS (DEP_ID,DEPARTEMENT,NOM_DEPARTEMENT,DR_ID) values ('182','CONTROLE_40','Departement CONTROLE_DR-GHARDAIA','5');
Insert into C_GPI.DEPARTEMENTS (DEP_ID,DEPARTEMENT,NOM_DEPARTEMENT,DR_ID) values ('183','DFC_40','Departement FINANCE & COMPTABILITE_DR-GHARDAIA','5');
Insert into C_GPI.DEPARTEMENTS (DEP_ID,DEPARTEMENT,NOM_DEPARTEMENT,DR_ID) values ('184','DREG_40','Direction REGIONALE_DR-GHARDAIA','5');
Insert into C_GPI.DEPARTEMENTS (DEP_ID,DEPARTEMENT,NOM_DEPARTEMENT,DR_ID) values ('185','INF_40','Departement INFORMATIQUE_DR-GHARDAIA','5');
Insert into C_GPI.DEPARTEMENTS (DEP_ID,DEPARTEMENT,NOM_DEPARTEMENT,DR_ID) values ('186','PROD_40','Departement PRODUCTION_DR-GHARDAIA','5');
Insert into C_GPI.DEPARTEMENTS (DEP_ID,DEPARTEMENT,NOM_DEPARTEMENT,DR_ID) values ('187','SINI_40','Departement SINISTRE_DR-GHARDAIA','5');
Insert into C_GPI.DEPARTEMENTS (DEP_ID,DEPARTEMENT,NOM_DEPARTEMENT,DR_ID) values ('188','CONTROLE_50','Departement CONTROLE_DR-SETIF','6');
Insert into C_GPI.DEPARTEMENTS (DEP_ID,DEPARTEMENT,NOM_DEPARTEMENT,DR_ID) values ('189','DCR_50','Departement CREANCE & RECOUVEREMENT_DR-SETIF','6');
Insert into C_GPI.DEPARTEMENTS (DEP_ID,DEPARTEMENT,NOM_DEPARTEMENT,DR_ID) values ('190','DFCA_50','Departement FNANCES, COMPTABILITE & ADMINISTRATION_DR-SETIF','6');
Insert into C_GPI.DEPARTEMENTS (DEP_ID,DEPARTEMENT,NOM_DEPARTEMENT,DR_ID) values ('191','DREG_50','Direction REGIONALE_DR-SETIF','6');
Insert into C_GPI.DEPARTEMENTS (DEP_ID,DEPARTEMENT,NOM_DEPARTEMENT,DR_ID) values ('192','INF_50','Departement INFORMATIQUE_DR-SETIF','6');
Insert into C_GPI.DEPARTEMENTS (DEP_ID,DEPARTEMENT,NOM_DEPARTEMENT,DR_ID) values ('193','JUR_50','Departement JURIDIQUE_DR-SETIF','6');
Insert into C_GPI.DEPARTEMENTS (DEP_ID,DEPARTEMENT,NOM_DEPARTEMENT,DR_ID) values ('194','PROD_50','Departement PRODUCTION_DR-SETIF','6');
Insert into C_GPI.DEPARTEMENTS (DEP_ID,DEPARTEMENT,NOM_DEPARTEMENT,DR_ID) values ('195','SINI_50','Departement SINISTRE_DR-SETIF','6');
Insert into C_GPI.DEPARTEMENTS (DEP_ID,DEPARTEMENT,NOM_DEPARTEMENT,DR_ID) values ('196','DFC_60','Departement FINANCE & COMPTABILITE_DR-BLIDA','7');
Insert into C_GPI.DEPARTEMENTS (DEP_ID,DEPARTEMENT,NOM_DEPARTEMENT,DR_ID) values ('197','DFCA_60','Departement FNANCES, COMPTABILITE & ADMINISTRATION_DR-BLIDA','7');
Insert into C_GPI.DEPARTEMENTS (DEP_ID,DEPARTEMENT,NOM_DEPARTEMENT,DR_ID) values ('198','DRAG_60','Direction REGIONALE ADMINISTRATION GENERALE_DR-BLIDA','7');
Insert into C_GPI.DEPARTEMENTS (DEP_ID,DEPARTEMENT,NOM_DEPARTEMENT,DR_ID) values ('199','DREG_60','Direction REGIONALE_DR-BLIDA','7');
Insert into C_GPI.DEPARTEMENTS (DEP_ID,DEPARTEMENT,NOM_DEPARTEMENT,DR_ID) values ('200','INF_60','Departement INFORMATIQUE_DR-BLIDA','7');
Insert into C_GPI.DEPARTEMENTS (DEP_ID,DEPARTEMENT,NOM_DEPARTEMENT,DR_ID) values ('201','JUR_60','Departement JURIDIQUE_DR-BLIDA','7');
Insert into C_GPI.DEPARTEMENTS (DEP_ID,DEPARTEMENT,NOM_DEPARTEMENT,DR_ID) values ('202','PROD_60','Departement PRODUCTION_DR-BLIDA','7');
Insert into C_GPI.DEPARTEMENTS (DEP_ID,DEPARTEMENT,NOM_DEPARTEMENT,DR_ID) values ('203','SINI_60','Departement SINISTRE_DR-BLIDA','7');
Insert into C_GPI.DEPARTEMENTS (DEP_ID,DEPARTEMENT,NOM_DEPARTEMENT,DR_ID) values ('210','DFCA_10','Departement FNANCES, COMPTABILITE & ADMINISTRATION_DR-ALGER','2');
Insert into C_GPI.DEPARTEMENTS (DEP_ID,DEPARTEMENT,NOM_DEPARTEMENT,DR_ID) values ('212','DREG_10','Direction REGIONALE_DR-ALGER','2');
Insert into C_GPI.DEPARTEMENTS (DEP_ID,DEPARTEMENT,NOM_DEPARTEMENT,DR_ID) values ('211','DFC_10','Departement FINANCE & COMPTABILITE_DR-ALGER','2');
Insert into C_GPI.DEPARTEMENTS (DEP_ID,DEPARTEMENT,NOM_DEPARTEMENT,DR_ID) values ('213','DRAG_10','Direction REGIONALE ADMINISTRATION GENERALE_DR-ALGER','2');
Insert into C_GPI.DEPARTEMENTS (DEP_ID,DEPARTEMENT,NOM_DEPARTEMENT,DR_ID) values ('214','INF_10','Departement INFORMATIQUE_DR-ALGER','2');
Insert into C_GPI.DEPARTEMENTS (DEP_ID,DEPARTEMENT,NOM_DEPARTEMENT,DR_ID) values ('215','JUR_10','Departement JURIDIQUE_DR-ALGER','2');
Insert into C_GPI.DEPARTEMENTS (DEP_ID,DEPARTEMENT,NOM_DEPARTEMENT,DR_ID) values ('216','PROD_10','Departement PRODUCTION_DR-ALGER','2');
Insert into C_GPI.DEPARTEMENTS (DEP_ID,DEPARTEMENT,NOM_DEPARTEMENT,DR_ID) values ('217','SINI_10','Departement SINISTRE_DR-ALGER','2');
Insert into C_GPI.DEPARTEMENTS (DEP_ID,DEPARTEMENT,NOM_DEPARTEMENT,DR_ID) values ('218','CONTROLE_10','Departement CONTROLE_DR-ALGER','2');
Insert into C_GPI.DEPARTEMENTS (DEP_ID,DEPARTEMENT,NOM_DEPARTEMENT,DR_ID) values ('219','DCR_10','Departement CREANCE & RECOUVEREMENT_DR-ALGER','2');
Insert into C_GPI.DEPARTEMENTS (DEP_ID,DEPARTEMENT,NOM_DEPARTEMENT,DR_ID) values ('220','RESEAU_10','Departement RESEAU_DR-ALGER','2');
Insert into C_GPI.DEPARTEMENTS (DEP_ID,DEPARTEMENT,NOM_DEPARTEMENT,DR_ID) values ('221','SOUSCRIPTION_10','Departement SOUSCRIPTION_DR-ALGER','2');
Insert into C_GPI.DEPARTEMENTS (DEP_ID,DEPARTEMENT,NOM_DEPARTEMENT,DR_ID) values ('222','AD_10','AGENCE DIRECTE_DR-ALGER','2');
Insert into C_GPI.DEPARTEMENTS (DEP_ID,DEPARTEMENT,NOM_DEPARTEMENT,DR_ID) values ('223','AD_20','AGENCE DIRECTE_DR-ANNABA','3');
Insert into C_GPI.DEPARTEMENTS (DEP_ID,DEPARTEMENT,NOM_DEPARTEMENT,DR_ID) values ('224','AD_30','AGENCE DIRECTE_DR-ORAN','4');
Insert into C_GPI.DEPARTEMENTS (DEP_ID,DEPARTEMENT,NOM_DEPARTEMENT,DR_ID) values ('225','AD_40','AGENCE DIRECTE_DR-GHARDAIA','5');
Insert into C_GPI.DEPARTEMENTS (DEP_ID,DEPARTEMENT,NOM_DEPARTEMENT,DR_ID) values ('226','AD_50','AGENCE DIRECTE_DR-SETIF','6');
Insert into C_GPI.DEPARTEMENTS (DEP_ID,DEPARTEMENT,NOM_DEPARTEMENT,DR_ID) values ('227','AD_60','AGENCE DIRECTE_DR-BLIDA','7');
Insert into C_GPI.DEPARTEMENTS (DEP_ID,DEPARTEMENT,NOM_DEPARTEMENT,DR_ID) values ('243','A_D80','AGENCE DIRECTE_DR-DELIBRAHIM','8');
Insert into C_GPI.DEPARTEMENTS (DEP_ID,DEPARTEMENT,NOM_DEPARTEMENT,DR_ID) values ('244','RESEAU_80','Departement RESEAU_DR-DELIBRAHIM','8');
Insert into C_GPI.DEPARTEMENTS (DEP_ID,DEPARTEMENT,NOM_DEPARTEMENT,DR_ID) values ('245','SOUSCRIPTION_80','Departement SOUSCRIPTION_DR-DELIBRAHIM','8');
Insert into C_GPI.DEPARTEMENTS (DEP_ID,DEPARTEMENT,NOM_DEPARTEMENT,DR_ID) values ('246','DCR_80','Departement CREANCE & RECOUVEREMENT_DR-DELIBRAHIM','8');
Insert into C_GPI.DEPARTEMENTS (DEP_ID,DEPARTEMENT,NOM_DEPARTEMENT,DR_ID) values ('247','CONTROLE_60','Departement CONTROLE_DR-BLIDA','7');
Insert into C_GPI.DEPARTEMENTS (DEP_ID,DEPARTEMENT,NOM_DEPARTEMENT,DR_ID) values ('248','CONTROLE_80','Departement CONTROLE_DR-DELIBRAHIM','8');
Insert into C_GPI.DEPARTEMENTS (DEP_ID,DEPARTEMENT,NOM_DEPARTEMENT,DR_ID) values ('249','SINI_80','Departement SINISTRE_DR-DELIBRAHIM','8');
Insert into C_GPI.DEPARTEMENTS (DEP_ID,DEPARTEMENT,NOM_DEPARTEMENT,DR_ID) values ('251','JUR_80','Departement JURIDIQUE_DR-DELIBRAHIM','8');
Insert into C_GPI.DEPARTEMENTS (DEP_ID,DEPARTEMENT,NOM_DEPARTEMENT,DR_ID) values ('252','INF_80','Departement INFORMATIQUE_DR-DELIBRAHIM','8');
Insert into C_GPI.DEPARTEMENTS (DEP_ID,DEPARTEMENT,NOM_DEPARTEMENT,DR_ID) values ('253','DRAG_80','Direction REGIONALE ADMINISTRATION GENERALE_DR-DELIBRAHIM','8');
Insert into C_GPI.DEPARTEMENTS (DEP_ID,DEPARTEMENT,NOM_DEPARTEMENT,DR_ID) values ('254','DFC_80','Departement FINANCE & COMPTABILITE_DR-DELIBRAHIM','8');
Insert into C_GPI.DEPARTEMENTS (DEP_ID,DEPARTEMENT,NOM_DEPARTEMENT,DR_ID) values ('255','DREG_80','Direction REGIONALE_DR-DELIBRAHIM','8');
Insert into C_GPI.DEPARTEMENTS (DEP_ID,DEPARTEMENT,NOM_DEPARTEMENT,DR_ID) values ('256','DFCA_80','Departement FNANCES, COMPTABILITE & ADMINISTRATION_DR-DELIBRAHIM','8');
REM INSERTING into C_GPI.DIRECTIONS
SET DEFINE OFF;
Insert into C_GPI.DIRECTIONS (DR_ID,NOM_DIRECTION,CODE_DR) values ('1','DG-SIEGE-HYDRA','0');
Insert into C_GPI.DIRECTIONS (DR_ID,NOM_DIRECTION,CODE_DR) values ('3','DR-ANNABA','20');
Insert into C_GPI.DIRECTIONS (DR_ID,NOM_DIRECTION,CODE_DR) values ('4','DR-ORAN','30');
Insert into C_GPI.DIRECTIONS (DR_ID,NOM_DIRECTION,CODE_DR) values ('5','DR-GHARDAIA','40');
Insert into C_GPI.DIRECTIONS (DR_ID,NOM_DIRECTION,CODE_DR) values ('6','DR-SETIF','50');
Insert into C_GPI.DIRECTIONS (DR_ID,NOM_DIRECTION,CODE_DR) values ('7','DR-BLIDA','60');
Insert into C_GPI.DIRECTIONS (DR_ID,NOM_DIRECTION,CODE_DR) values ('8','DR-DELIBRAHIM','80');
Insert into C_GPI.DIRECTIONS (DR_ID,NOM_DIRECTION,CODE_DR) values ('2','DR-ALGER','10');
REM INSERTING into C_GPI.EFFECTIF
SET DEFINE OFF;
Insert into C_GPI.EFFECTIF (EFF_ID,DR_ID,DEP_ID,TYPE_BUR_ID,NOM_PRENOM,USER_MAIL,TYPE_JOB,NUMERO_BUREAU,MOBILE) values ('1','1','167','2','BEDRI Abdelhafid','a.bedri@laciar.com','Chef de departement informatique charge des projets','10','0560900277');
Insert into C_GPI.EFFECTIF (EFF_ID,DR_ID,DEP_ID,TYPE_BUR_ID,NOM_PRENOM,USER_MAIL,TYPE_JOB,NUMERO_BUREAU,MOBILE) values ('2','1','167','2','LOUNIS ABDELKADER','a.lounis@laciar.com','Developpeur','10','054234815');
Insert into C_GPI.EFFECTIF (EFF_ID,DR_ID,DEP_ID,TYPE_BUR_ID,NOM_PRENOM,USER_MAIL,TYPE_JOB,NUMERO_BUREAU,MOBILE) values ('3','1','167','2','CHIBAH FAWZI','f.chibah@laciar.com','Developpeur','10','0561943788');
Insert into C_GPI.EFFECTIF (EFF_ID,DR_ID,DEP_ID,TYPE_BUR_ID,NOM_PRENOM,USER_MAIL,TYPE_JOB,NUMERO_BUREAU,MOBILE) values ('4','1','167','1','korchi Aissa','a.korchi@laciar.com','DSI','15','0561877632');
Insert into C_GPI.EFFECTIF (EFF_ID,DR_ID,DEP_ID,TYPE_BUR_ID,NOM_PRENOM,USER_MAIL,TYPE_JOB,NUMERO_BUREAU,MOBILE) values ('5','1','167','1','TIGHILT SADEK','s.tighilt@laciar.com','Ingenieur en Informatique','16','0561 604 771');
Insert into C_GPI.EFFECTIF (EFF_ID,DR_ID,DEP_ID,TYPE_BUR_ID,NOM_PRENOM,USER_MAIL,TYPE_JOB,NUMERO_BUREAU,MOBILE) values ('6','1','167','2','GUELLATI MOHAMED AMINE','m.a.guellati@laciar.com','Developpeur','17','0561604555');
Insert into C_GPI.EFFECTIF (EFF_ID,DR_ID,DEP_ID,TYPE_BUR_ID,NOM_PRENOM,USER_MAIL,TYPE_JOB,NUMERO_BUREAU,MOBILE) values ('7','1','167','2','BENHABILES NADJIB','BENHABILES NADJIB','Coordinateur systemes d''informations','17','0561604531');
Insert into C_GPI.EFFECTIF (EFF_ID,DR_ID,DEP_ID,TYPE_BUR_ID,NOM_PRENOM,USER_MAIL,TYPE_JOB,NUMERO_BUREAU,MOBILE) values ('8','1','167','2','BECHA MENOUAR','m.becha@laciar.com','Directeur Adjoint des systemes d''informations','17','0561600432');
Insert into C_GPI.EFFECTIF (EFF_ID,DR_ID,DEP_ID,TYPE_BUR_ID,NOM_PRENOM,USER_MAIL,TYPE_JOB,NUMERO_BUREAU,MOBILE) values ('9','1','167','2','ADEL Fethi BOUANNANI','a.bouannani@laciar.com','Developpeur','17','0560810796');
Insert into C_GPI.EFFECTIF (EFF_ID,DR_ID,DEP_ID,TYPE_BUR_ID,NOM_PRENOM,USER_MAIL,TYPE_JOB,NUMERO_BUREAU,MOBILE) values ('304','1','175','2','HADJADJ Zarfa','z.hadjadj@laciar.com','Chef de departement RC divers','4','0561604776');
Insert into C_GPI.EFFECTIF (EFF_ID,DR_ID,DEP_ID,TYPE_BUR_ID,NOM_PRENOM,USER_MAIL,TYPE_JOB,NUMERO_BUREAU,MOBILE) values ('305','1','1','1','SOUFI Abdelkader','a.soufi@laciar.com','Directeur Placements & Investissements',null,null);
Insert into C_GPI.EFFECTIF (EFF_ID,DR_ID,DEP_ID,TYPE_BUR_ID,NOM_PRENOM,USER_MAIL,TYPE_JOB,NUMERO_BUREAU,MOBILE) values ('105','7','4','1','SALOUL DJAMEL','D.saloul@laciar.com','Chef De Departement Informatique','Departement Informatique','0561604476');
Insert into C_GPI.EFFECTIF (EFF_ID,DR_ID,DEP_ID,TYPE_BUR_ID,NOM_PRENOM,USER_MAIL,TYPE_JOB,NUMERO_BUREAU,MOBILE) values ('306','1','2','121','SATA Fatima',null,'Agent d''entretien',null,null);
Insert into C_GPI.EFFECTIF (EFF_ID,DR_ID,DEP_ID,TYPE_BUR_ID,NOM_PRENOM,USER_MAIL,TYPE_JOB,NUMERO_BUREAU,MOBILE) values ('307','1','2','121','RACHEDI Hamid',null,'Agent d''Entretien ( Bou Ismail )',null,null);
Insert into C_GPI.EFFECTIF (EFF_ID,DR_ID,DEP_ID,TYPE_BUR_ID,NOM_PRENOM,USER_MAIL,TYPE_JOB,NUMERO_BUREAU,MOBILE) values ('308','1','2','121','BOUAZIZ Mustapha',null,'Agent de securite',null,'0561646162');
Insert into C_GPI.EFFECTIF (EFF_ID,DR_ID,DEP_ID,TYPE_BUR_ID,NOM_PRENOM,USER_MAIL,TYPE_JOB,NUMERO_BUREAU,MOBILE) values ('309','1','174','1','DOUMI Mohamed','M.DOUMI@laciar.com','Chef de departement informatique',null,'0561604701');
Insert into C_GPI.EFFECTIF (EFF_ID,DR_ID,DEP_ID,TYPE_BUR_ID,NOM_PRENOM,USER_MAIL,TYPE_JOB,NUMERO_BUREAU,MOBILE) values ('310','1','2','121','ZEMIRLI Khaled',null,'Chauffeur/Demarcheur',null,null);
Insert into C_GPI.EFFECTIF (EFF_ID,DR_ID,DEP_ID,TYPE_BUR_ID,NOM_PRENOM,USER_MAIL,TYPE_JOB,NUMERO_BUREAU,MOBILE) values ('311','1','163','1','BENALLAOUA Abdelmalek','a.benallaoua@laciar.com','Directeur Adjoint',null,'0561604485');
Insert into C_GPI.EFFECTIF (EFF_ID,DR_ID,DEP_ID,TYPE_BUR_ID,NOM_PRENOM,USER_MAIL,TYPE_JOB,NUMERO_BUREAU,MOBILE) values ('312','1','2','1','CHOUIDER Samir','s.chouider@laciar.com','Chef de section Moyens Grx',null,'0561604695');
Insert into C_GPI.EFFECTIF (EFF_ID,DR_ID,DEP_ID,TYPE_BUR_ID,NOM_PRENOM,USER_MAIL,TYPE_JOB,NUMERO_BUREAU,MOBILE) values ('313','1','164','1','BENNOUNAS Fettouma',null,'Charge d''etudes',null,null);
Insert into C_GPI.EFFECTIF (EFF_ID,DR_ID,DEP_ID,TYPE_BUR_ID,NOM_PRENOM,USER_MAIL,TYPE_JOB,NUMERO_BUREAU,MOBILE) values ('314','1','2','1','BOUAMOUCHA Radia',null,'Chef de section BOG',null,null);
Insert into C_GPI.EFFECTIF (EFF_ID,DR_ID,DEP_ID,TYPE_BUR_ID,NOM_PRENOM,USER_MAIL,TYPE_JOB,NUMERO_BUREAU,MOBILE) values ('315','1','2','1','YOUSFI Merouane','m.yousfi@laciar.com','Chef de Service des affaires sociales','30',null);
Insert into C_GPI.EFFECTIF (EFF_ID,DR_ID,DEP_ID,TYPE_BUR_ID,NOM_PRENOM,USER_MAIL,TYPE_JOB,NUMERO_BUREAU,MOBILE) values ('316','1','164','1','BENNOUNAS Ali',null,'Charge d''etudes',null,null);
Insert into C_GPI.EFFECTIF (EFF_ID,DR_ID,DEP_ID,TYPE_BUR_ID,NOM_PRENOM,USER_MAIL,TYPE_JOB,NUMERO_BUREAU,MOBILE) values ('317','1','2','121','BENAMGHAR Ali',null,'Agent de securite (Zighout)',null,null);
Insert into C_GPI.EFFECTIF (EFF_ID,DR_ID,DEP_ID,TYPE_BUR_ID,NOM_PRENOM,USER_MAIL,TYPE_JOB,NUMERO_BUREAU,MOBILE) values ('318','1','2','1','ADJED Salim','s.adjed@laciar.com','Chef de departement comptabilite generale','18','0561604772');
Insert into C_GPI.EFFECTIF (EFF_ID,DR_ID,DEP_ID,TYPE_BUR_ID,NOM_PRENOM,USER_MAIL,TYPE_JOB,NUMERO_BUREAU,MOBILE) values ('319','1','170','1','DJEBAILI Mustapha','m.djebaili@laciar.com','Directeur du reseau','51','0561604699');
Insert into C_GPI.EFFECTIF (EFF_ID,DR_ID,DEP_ID,TYPE_BUR_ID,NOM_PRENOM,USER_MAIL,TYPE_JOB,NUMERO_BUREAU,MOBILE) values ('320','1','2','121','TAIBI Rabah',null,'Agent d''Entretien',null,null);
Insert into C_GPI.EFFECTIF (EFF_ID,DR_ID,DEP_ID,TYPE_BUR_ID,NOM_PRENOM,USER_MAIL,TYPE_JOB,NUMERO_BUREAU,MOBILE) values ('321','1','2','121','ABBAS AEK',null,'Agent d''Entretien ( Bou Ismail )',null,'0561641823');
Insert into C_GPI.EFFECTIF (EFF_ID,DR_ID,DEP_ID,TYPE_BUR_ID,NOM_PRENOM,USER_MAIL,TYPE_JOB,NUMERO_BUREAU,MOBILE) values ('322','1','163','1','ZERKANI Kamel','k.zerkani@laciar.com','Directeur du centre de Recouvrement',null,null);
Insert into C_GPI.EFFECTIF (EFF_ID,DR_ID,DEP_ID,TYPE_BUR_ID,NOM_PRENOM,USER_MAIL,TYPE_JOB,NUMERO_BUREAU,MOBILE) values ('323','1','2','121','HALFA Mohamed',null,'Agent de securite (Zighout)',null,null);
Insert into C_GPI.EFFECTIF (EFF_ID,DR_ID,DEP_ID,TYPE_BUR_ID,NOM_PRENOM,USER_MAIL,TYPE_JOB,NUMERO_BUREAU,MOBILE) values ('324','1','2','121','MANSOUR Laid',null,'Agent economat',null,null);
Insert into C_GPI.EFFECTIF (EFF_ID,DR_ID,DEP_ID,TYPE_BUR_ID,NOM_PRENOM,USER_MAIL,TYPE_JOB,NUMERO_BUREAU,MOBILE) values ('325','1','172','2','NADIR Sofiane','s.nadir@laciar.com','Inspecteur comptable',null,null);
Insert into C_GPI.EFFECTIF (EFF_ID,DR_ID,DEP_ID,TYPE_BUR_ID,NOM_PRENOM,USER_MAIL,TYPE_JOB,NUMERO_BUREAU,MOBILE) values ('326','1','174','1','LOUAFI Amel','a.louafi@laciar.com','Contreleur regleur',null,null);
Insert into C_GPI.EFFECTIF (EFF_ID,DR_ID,DEP_ID,TYPE_BUR_ID,NOM_PRENOM,USER_MAIL,TYPE_JOB,NUMERO_BUREAU,MOBILE) values ('327','1','2','121','KAIDI Abdelkrim',null,'Agent economat',null,null);
Insert into C_GPI.EFFECTIF (EFF_ID,DR_ID,DEP_ID,TYPE_BUR_ID,NOM_PRENOM,USER_MAIL,TYPE_JOB,NUMERO_BUREAU,MOBILE) values ('328','1','2','121','FERFAR Abdelhadi',null,'Agent de securite',null,'0561657050');
Insert into C_GPI.EFFECTIF (EFF_ID,DR_ID,DEP_ID,TYPE_BUR_ID,NOM_PRENOM,USER_MAIL,TYPE_JOB,NUMERO_BUREAU,MOBILE) values ('329','1','2','121','BOUDJEMA Hakim',null,'Agent de securite',null,'0561608861');
Insert into C_GPI.EFFECTIF (EFF_ID,DR_ID,DEP_ID,TYPE_BUR_ID,NOM_PRENOM,USER_MAIL,TYPE_JOB,NUMERO_BUREAU,MOBILE) values ('330','1','2','1','ZOUAOUI MOUNIR','m.zouaoui@laciar.com','Chef de serivce HSE',null,null);
Insert into C_GPI.EFFECTIF (EFF_ID,DR_ID,DEP_ID,TYPE_BUR_ID,NOM_PRENOM,USER_MAIL,TYPE_JOB,NUMERO_BUREAU,MOBILE) values ('331','1','174','121','AGGAD Nadir',null,'Agent de securite',null,'0561604694');
Insert into C_GPI.EFFECTIF (EFF_ID,DR_ID,DEP_ID,TYPE_BUR_ID,NOM_PRENOM,USER_MAIL,TYPE_JOB,NUMERO_BUREAU,MOBILE) values ('332','1','174','1','BENAZIZA Nabil','n.benaziza@laciar.com','Contreleur regleur',null,'0561603022');
Insert into C_GPI.EFFECTIF (EFF_ID,DR_ID,DEP_ID,TYPE_BUR_ID,NOM_PRENOM,USER_MAIL,TYPE_JOB,NUMERO_BUREAU,MOBILE) values ('333','1','165','1','HASSANI Abdelouahab','a.hassani@laciar.com','Chef de departement Centralisation et Formation',null,'0561604726');
Insert into C_GPI.EFFECTIF (EFF_ID,DR_ID,DEP_ID,TYPE_BUR_ID,NOM_PRENOM,USER_MAIL,TYPE_JOB,NUMERO_BUREAU,MOBILE) values ('334','1','174','1','CHEMLAL Nacereddine','n.chemlal@laciar.com','Directeur Adjoint',null,'0561694103');
Insert into C_GPI.EFFECTIF (EFF_ID,DR_ID,DEP_ID,TYPE_BUR_ID,NOM_PRENOM,USER_MAIL,TYPE_JOB,NUMERO_BUREAU,MOBILE) values ('335','1','2','121','MECHENTEL Rachid',null,'Agent d''Entretien ( Bou Ismail )',null,null);
Insert into C_GPI.EFFECTIF (EFF_ID,DR_ID,DEP_ID,TYPE_BUR_ID,NOM_PRENOM,USER_MAIL,TYPE_JOB,NUMERO_BUREAU,MOBILE) values ('336','1','2','1','TOUATI Rabah','r.touati@laciar.com','Chef de departement ressources humaines','33',null);
Insert into C_GPI.EFFECTIF (EFF_ID,DR_ID,DEP_ID,TYPE_BUR_ID,NOM_PRENOM,USER_MAIL,TYPE_JOB,NUMERO_BUREAU,MOBILE) values ('337','1','1','1','YOUNSI Nassim','ns.younsi@laciar.com','Directeur du contrele',null,null);
Insert into C_GPI.EFFECTIF (EFF_ID,DR_ID,DEP_ID,TYPE_BUR_ID,NOM_PRENOM,USER_MAIL,TYPE_JOB,NUMERO_BUREAU,MOBILE) values ('338','1','2','121','ABIDI MONCEF',null,'Agent de securite',null,'0561640305');
Insert into C_GPI.EFFECTIF (EFF_ID,DR_ID,DEP_ID,TYPE_BUR_ID,NOM_PRENOM,USER_MAIL,TYPE_JOB,NUMERO_BUREAU,MOBILE) values ('339','1','174','2','SEDOUD Med El Amine','m.sedoud@laciar.com','Chef de departement liquidation',null,null);
Insert into C_GPI.EFFECTIF (EFF_ID,DR_ID,DEP_ID,TYPE_BUR_ID,NOM_PRENOM,USER_MAIL,TYPE_JOB,NUMERO_BUREAU,MOBILE) values ('340','1','172','2','AITDJEBBARA Djamel','d.aitdjebbara@laciar.com','Inspecteur technique',null,'0561604496');
Insert into C_GPI.EFFECTIF (EFF_ID,DR_ID,DEP_ID,TYPE_BUR_ID,NOM_PRENOM,USER_MAIL,TYPE_JOB,NUMERO_BUREAU,MOBILE) values ('341','1','166','2','BRAHIM DJELLOUL Sihem',null,'Chef de departement juridique',null,'0561604724');
Insert into C_GPI.EFFECTIF (EFF_ID,DR_ID,DEP_ID,TYPE_BUR_ID,NOM_PRENOM,USER_MAIL,TYPE_JOB,NUMERO_BUREAU,MOBILE) values ('342','1','2','121','SIGUERDJIDJENE Mounir',null,'Chauffeur/Demarcheur',null,null);
Insert into C_GPI.EFFECTIF (EFF_ID,DR_ID,DEP_ID,TYPE_BUR_ID,NOM_PRENOM,USER_MAIL,TYPE_JOB,NUMERO_BUREAU,MOBILE) values ('343','1','2','121','LAAOUAD Rabah',null,'Agent de securite',null,null);
Insert into C_GPI.EFFECTIF (EFF_ID,DR_ID,DEP_ID,TYPE_BUR_ID,NOM_PRENOM,USER_MAIL,TYPE_JOB,NUMERO_BUREAU,MOBILE) values ('344','1','166','1','MEDJOUBI Siham','s.medjoubi@laciar.com','Directrice adjointe',null,null);
Insert into C_GPI.EFFECTIF (EFF_ID,DR_ID,DEP_ID,TYPE_BUR_ID,NOM_PRENOM,USER_MAIL,TYPE_JOB,NUMERO_BUREAU,MOBILE) values ('345','1','172','121','KHERRAT MOHAMED ACHRAF','ma.kherrat@laciar.com','Chef de Departement Contrele Technique',null,null);
Insert into C_GPI.EFFECTIF (EFF_ID,DR_ID,DEP_ID,TYPE_BUR_ID,NOM_PRENOM,USER_MAIL,TYPE_JOB,NUMERO_BUREAU,MOBILE) values ('346','1','2','1','SELMANE Mustapha',null,'Chauffeur',null,null);
Insert into C_GPI.EFFECTIF (EFF_ID,DR_ID,DEP_ID,TYPE_BUR_ID,NOM_PRENOM,USER_MAIL,TYPE_JOB,NUMERO_BUREAU,MOBILE) values ('347','1','166','2','MESSIKH Zoukikha Dounia','z.messikh@laciar.com','Chef de Departement Juridique',null,null);
Insert into C_GPI.EFFECTIF (EFF_ID,DR_ID,DEP_ID,TYPE_BUR_ID,NOM_PRENOM,USER_MAIL,TYPE_JOB,NUMERO_BUREAU,MOBILE) values ('348','1','168','1','BENSADALLAH Abdelmalek','a.bensadallah@laciar.com','Chef de Departement finance',null,'0561604733');
Insert into C_GPI.EFFECTIF (EFF_ID,DR_ID,DEP_ID,TYPE_BUR_ID,NOM_PRENOM,USER_MAIL,TYPE_JOB,NUMERO_BUREAU,MOBILE) values ('349','1','175','2','BELDJOUDI Souad','s.beldjoudi@laciar.com','Chef de Departement Risque simple et marches publics','4','0561657063');
Insert into C_GPI.EFFECTIF (EFF_ID,DR_ID,DEP_ID,TYPE_BUR_ID,NOM_PRENOM,USER_MAIL,TYPE_JOB,NUMERO_BUREAU,MOBILE) values ('350','1','172','1','HOUARI Mohamed','m.houari@laciar.com','Inspecteur regional',null,'0561604696');
Insert into C_GPI.EFFECTIF (EFF_ID,DR_ID,DEP_ID,TYPE_BUR_ID,NOM_PRENOM,USER_MAIL,TYPE_JOB,NUMERO_BUREAU,MOBILE) values ('351','1','174','121','HARDJANI Mounir',null,'Agent de securite',null,null);
Insert into C_GPI.EFFECTIF (EFF_ID,DR_ID,DEP_ID,TYPE_BUR_ID,NOM_PRENOM,USER_MAIL,TYPE_JOB,NUMERO_BUREAU,MOBILE) values ('352','1','166','1','BENAZIBA Nadia','n.benaziba@laciar.com','Chef de departement juridique',null,'0561604738');
Insert into C_GPI.EFFECTIF (EFF_ID,DR_ID,DEP_ID,TYPE_BUR_ID,NOM_PRENOM,USER_MAIL,TYPE_JOB,NUMERO_BUREAU,MOBILE) values ('353','1','2','121','BENDOUADI Mohamed',null,'Agent d''Entretien ( Bou Ismail )',null,'0561613467');
Insert into C_GPI.EFFECTIF (EFF_ID,DR_ID,DEP_ID,TYPE_BUR_ID,NOM_PRENOM,USER_MAIL,TYPE_JOB,NUMERO_BUREAU,MOBILE) values ('354','1','172','121','LARBI Abdelkader Mahmoud','a.larbi@laciar.com','Chef de Departement Contrele Financier',null,null);
Insert into C_GPI.EFFECTIF (EFF_ID,DR_ID,DEP_ID,TYPE_BUR_ID,NOM_PRENOM,USER_MAIL,TYPE_JOB,NUMERO_BUREAU,MOBILE) values ('355','1','2','121','BENMHIRIZ El Hadj',null,'Agent de securite',null,null);
Insert into C_GPI.EFFECTIF (EFF_ID,DR_ID,DEP_ID,TYPE_BUR_ID,NOM_PRENOM,USER_MAIL,TYPE_JOB,NUMERO_BUREAU,MOBILE) values ('356','1','2','121','MAKHLOUFI Mustapha',null,'Agent de securite',null,null);
Insert into C_GPI.EFFECTIF (EFF_ID,DR_ID,DEP_ID,TYPE_BUR_ID,NOM_PRENOM,USER_MAIL,TYPE_JOB,NUMERO_BUREAU,MOBILE) values ('357','1','172','121','OURAHEM Abdelkader','a.ourahem@laciar.com','Inspecteur technique',null,null);
Insert into C_GPI.EFFECTIF (EFF_ID,DR_ID,DEP_ID,TYPE_BUR_ID,NOM_PRENOM,USER_MAIL,TYPE_JOB,NUMERO_BUREAU,MOBILE) values ('358','1','2','121','DIDOUCHE Abdelnacer',null,'Agent factotum',null,'0561604521');
Insert into C_GPI.EFFECTIF (EFF_ID,DR_ID,DEP_ID,TYPE_BUR_ID,NOM_PRENOM,USER_MAIL,TYPE_JOB,NUMERO_BUREAU,MOBILE) values ('359','1','168','2','HAMITOUCHE Reda','r.hamitouche@laciar.com','Comptable','25','0561657066');
Insert into C_GPI.EFFECTIF (EFF_ID,DR_ID,DEP_ID,TYPE_BUR_ID,NOM_PRENOM,USER_MAIL,TYPE_JOB,NUMERO_BUREAU,MOBILE) values ('360','1','165','121','BOUTALBI Mouloud','m.boutalbi@laciar.com','Chef de Departement Rapprochement Bancaire et Regularisation des Ecritures Comptable',null,'0561604667');
Insert into C_GPI.EFFECTIF (EFF_ID,DR_ID,DEP_ID,TYPE_BUR_ID,NOM_PRENOM,USER_MAIL,TYPE_JOB,NUMERO_BUREAU,MOBILE) values ('361','1','174','121','BOUTALBI Mouloud','a.khelfoune@laciar.com','Inspecteur technique',null,null);
Insert into C_GPI.EFFECTIF (EFF_ID,DR_ID,DEP_ID,TYPE_BUR_ID,NOM_PRENOM,USER_MAIL,TYPE_JOB,NUMERO_BUREAU,MOBILE) values ('362','1','2','121','BOUDINA ABDALLAH',null,'Agent de securite',null,'0561604542');
Insert into C_GPI.EFFECTIF (EFF_ID,DR_ID,DEP_ID,TYPE_BUR_ID,NOM_PRENOM,USER_MAIL,TYPE_JOB,NUMERO_BUREAU,MOBILE) values ('363','1','2','121','BOUZEGHAYA TADJ EDDINE',null,'Agent de securite',null,'0560964715');
Insert into C_GPI.EFFECTIF (EFF_ID,DR_ID,DEP_ID,TYPE_BUR_ID,NOM_PRENOM,USER_MAIL,TYPE_JOB,NUMERO_BUREAU,MOBILE) values ('364','1','174','2','REZALI YOUCEF','y.rezali@laciar.com','Chef de service sinistre',null,null);
Insert into C_GPI.EFFECTIF (EFF_ID,DR_ID,DEP_ID,TYPE_BUR_ID,NOM_PRENOM,USER_MAIL,TYPE_JOB,NUMERO_BUREAU,MOBILE) values ('365','1','2','121','SAOULI ZAHIR',null,'Agent de securite',null,null);
Insert into C_GPI.EFFECTIF (EFF_ID,DR_ID,DEP_ID,TYPE_BUR_ID,NOM_PRENOM,USER_MAIL,TYPE_JOB,NUMERO_BUREAU,MOBILE) values ('366','1','174','121','RAHMAOUI MOUSSA',null,'Agent de securite',null,null);
Insert into C_GPI.EFFECTIF (EFF_ID,DR_ID,DEP_ID,TYPE_BUR_ID,NOM_PRENOM,USER_MAIL,TYPE_JOB,NUMERO_BUREAU,MOBILE) values ('367','1','165','2','BENNOUAR ADNAN','a.bennouar@laciar.com','Chef de Service Comptabilite',null,'0561604716');
Insert into C_GPI.EFFECTIF (EFF_ID,DR_ID,DEP_ID,TYPE_BUR_ID,NOM_PRENOM,USER_MAIL,TYPE_JOB,NUMERO_BUREAU,MOBILE) values ('368','1','2','1','MEZRIT Boualem','B.MEZRIT@laciar.com','Chef de Service moyens Genereaux','27',null);
Insert into C_GPI.EFFECTIF (EFF_ID,DR_ID,DEP_ID,TYPE_BUR_ID,NOM_PRENOM,USER_MAIL,TYPE_JOB,NUMERO_BUREAU,MOBILE) values ('369','1','2','121','OUANOUGHI Ahcene',null,'Chauffeur',null,null);
Insert into C_GPI.EFFECTIF (EFF_ID,DR_ID,DEP_ID,TYPE_BUR_ID,NOM_PRENOM,USER_MAIL,TYPE_JOB,NUMERO_BUREAU,MOBILE) values ('370','1','174','121','BOUCHENAFA Amira','a.bouchenafa@laciar.com','Collaboratrice technique/Produc',null,'0560932510');
Insert into C_GPI.EFFECTIF (EFF_ID,DR_ID,DEP_ID,TYPE_BUR_ID,NOM_PRENOM,USER_MAIL,TYPE_JOB,NUMERO_BUREAU,MOBILE) values ('371','1','174','121','HIMED Karima',null,'Agent d''entretien',null,null);
Insert into C_GPI.EFFECTIF (EFF_ID,DR_ID,DEP_ID,TYPE_BUR_ID,NOM_PRENOM,USER_MAIL,TYPE_JOB,NUMERO_BUREAU,MOBILE) values ('372','1','174','121','SEGGAR Abdelkader',null,'Agent de securite',null,null);
Insert into C_GPI.EFFECTIF (EFF_ID,DR_ID,DEP_ID,TYPE_BUR_ID,NOM_PRENOM,USER_MAIL,TYPE_JOB,NUMERO_BUREAU,MOBILE) values ('373','1','174','121','BOUZEKRI Hacene',null,'Agent de securite',null,'0561604734');
Insert into C_GPI.EFFECTIF (EFF_ID,DR_ID,DEP_ID,TYPE_BUR_ID,NOM_PRENOM,USER_MAIL,TYPE_JOB,NUMERO_BUREAU,MOBILE) values ('374','1','172','2','BOUDBOUB Adel','a.boudboub@laciar.com','Inspecteur regional',null,'0560932877');
Insert into C_GPI.EFFECTIF (EFF_ID,DR_ID,DEP_ID,TYPE_BUR_ID,NOM_PRENOM,USER_MAIL,TYPE_JOB,NUMERO_BUREAU,MOBILE) values ('375','1','7','121','KHOUCHANE Amina','a.khouchane@laciar.com','Chef de service','35',null);
Insert into C_GPI.EFFECTIF (EFF_ID,DR_ID,DEP_ID,TYPE_BUR_ID,NOM_PRENOM,USER_MAIL,TYPE_JOB,NUMERO_BUREAU,MOBILE) values ('376','1','174','121','BRAHIM ALI  Zakaria','z.brahimali@laciar.com','Contreleur regleur',null,'0561604549');
Insert into C_GPI.EFFECTIF (EFF_ID,DR_ID,DEP_ID,TYPE_BUR_ID,NOM_PRENOM,USER_MAIL,TYPE_JOB,NUMERO_BUREAU,MOBILE) values ('377','1','163','121','OURARI Merouane','m.ourari@laciar.com','Chef de Departement Recouvrement',null,null);
Insert into C_GPI.EFFECTIF (EFF_ID,DR_ID,DEP_ID,TYPE_BUR_ID,NOM_PRENOM,USER_MAIL,TYPE_JOB,NUMERO_BUREAU,MOBILE) values ('378','1','2','2','SEMATI Ouahiba','o.semati@laciar.com','Standardiste','28',null);
Insert into C_GPI.EFFECTIF (EFF_ID,DR_ID,DEP_ID,TYPE_BUR_ID,NOM_PRENOM,USER_MAIL,TYPE_JOB,NUMERO_BUREAU,MOBILE) values ('379','1','168','2','AOUS Abdelmadjid','a.aous@laciar.com','Comptable','19','0561660085');
Insert into C_GPI.EFFECTIF (EFF_ID,DR_ID,DEP_ID,TYPE_BUR_ID,NOM_PRENOM,USER_MAIL,TYPE_JOB,NUMERO_BUREAU,MOBILE) values ('380','1','2','121','GHAZI Zahra',null,'Agent d''entretien',null,null);
Insert into C_GPI.EFFECTIF (EFF_ID,DR_ID,DEP_ID,TYPE_BUR_ID,NOM_PRENOM,USER_MAIL,TYPE_JOB,NUMERO_BUREAU,MOBILE) values ('381','1','2','121','BELHAH Ammar',null,'Agent polyvalent',null,null);
Insert into C_GPI.EFFECTIF (EFF_ID,DR_ID,DEP_ID,TYPE_BUR_ID,NOM_PRENOM,USER_MAIL,TYPE_JOB,NUMERO_BUREAU,MOBILE) values ('382','1','172','121','ZANE Fayssal','f.zane@laciar.com','Inspecteur technique',null,null);
Insert into C_GPI.EFFECTIF (EFF_ID,DR_ID,DEP_ID,TYPE_BUR_ID,NOM_PRENOM,USER_MAIL,TYPE_JOB,NUMERO_BUREAU,MOBILE) values ('184','3','142','1','GUERGAH HALIMA','h.guergah@laciar.com','Comptable','02','0560417291');
Insert into C_GPI.EFFECTIF (EFF_ID,DR_ID,DEP_ID,TYPE_BUR_ID,NOM_PRENOM,USER_MAIL,TYPE_JOB,NUMERO_BUREAU,MOBILE) values ('185','3','3','1','BOUGRINE HIBA','h.bougrine@laciar.com','chargee des affaires juridiques','01','0560 51 17 65');
Insert into C_GPI.EFFECTIF (EFF_ID,DR_ID,DEP_ID,TYPE_BUR_ID,NOM_PRENOM,USER_MAIL,TYPE_JOB,NUMERO_BUREAU,MOBILE) values ('463','2','214','1','DOUMI  Amal','a.doumi @laciar.com','Coordinatrice systemes d''informations',null,'561604517');
Insert into C_GPI.EFFECTIF (EFF_ID,DR_ID,DEP_ID,TYPE_BUR_ID,NOM_PRENOM,USER_MAIL,TYPE_JOB,NUMERO_BUREAU,MOBILE) values ('383','1','175','2','ATTOU Said','s.attou@laciar.com','Charge d''etudes','4','0560839682');
Insert into C_GPI.EFFECTIF (EFF_ID,DR_ID,DEP_ID,TYPE_BUR_ID,NOM_PRENOM,USER_MAIL,TYPE_JOB,NUMERO_BUREAU,MOBILE) values ('384','1','174','121','ARAB Ourida',null,'Agent d''entretien',null,null);
Insert into C_GPI.EFFECTIF (EFF_ID,DR_ID,DEP_ID,TYPE_BUR_ID,NOM_PRENOM,USER_MAIL,TYPE_JOB,NUMERO_BUREAU,MOBILE) values ('385','1','174','121','KAIDI Salim',null,'Agent de securite',null,null);
Insert into C_GPI.EFFECTIF (EFF_ID,DR_ID,DEP_ID,TYPE_BUR_ID,NOM_PRENOM,USER_MAIL,TYPE_JOB,NUMERO_BUREAU,MOBILE) values ('386','1','171','2','SAHRAOUI Amina','a.sahraoui@laciar.com','Chef de departement sinistre',null,null);
Insert into C_GPI.EFFECTIF (EFF_ID,DR_ID,DEP_ID,TYPE_BUR_ID,NOM_PRENOM,USER_MAIL,TYPE_JOB,NUMERO_BUREAU,MOBILE) values ('387','1','2','1','ALLALI Mourad','m.allali@laciar.com','Chef de departement moyens generaux','31','0561604769');
Insert into C_GPI.EFFECTIF (EFF_ID,DR_ID,DEP_ID,TYPE_BUR_ID,NOM_PRENOM,USER_MAIL,TYPE_JOB,NUMERO_BUREAU,MOBILE) values ('388','1','7','2','SIABDERAHMANE Amina','a.siabderahmane@laciar.com','Chef departement liquidation','35',null);
Insert into C_GPI.EFFECTIF (EFF_ID,DR_ID,DEP_ID,TYPE_BUR_ID,NOM_PRENOM,USER_MAIL,TYPE_JOB,NUMERO_BUREAU,MOBILE) values ('389','1','2','121','AOUSSAT Nadia',null,'Agent d''entretien',null,null);
Insert into C_GPI.EFFECTIF (EFF_ID,DR_ID,DEP_ID,TYPE_BUR_ID,NOM_PRENOM,USER_MAIL,TYPE_JOB,NUMERO_BUREAU,MOBILE) values ('390','1','2','121','SETBEB Yasmina',null,'Agent d''entretien',null,null);
Insert into C_GPI.EFFECTIF (EFF_ID,DR_ID,DEP_ID,TYPE_BUR_ID,NOM_PRENOM,USER_MAIL,TYPE_JOB,NUMERO_BUREAU,MOBILE) values ('391','1','2','121','HAMOUD Naziha',null,'Agent d''entretien',null,'0561713111');
Insert into C_GPI.EFFECTIF (EFF_ID,DR_ID,DEP_ID,TYPE_BUR_ID,NOM_PRENOM,USER_MAIL,TYPE_JOB,NUMERO_BUREAU,MOBILE) values ('392','1','2','121','BOUALIA Naima',null,'Agent d''entretien',null,'0560951425');
Insert into C_GPI.EFFECTIF (EFF_ID,DR_ID,DEP_ID,TYPE_BUR_ID,NOM_PRENOM,USER_MAIL,TYPE_JOB,NUMERO_BUREAU,MOBILE) values ('393','1','1','1','BEKHTI Khaled','k.bekhti@laciar.com','Directeur des etudes actuarielles Risk Management',null,'0561604472');
Insert into C_GPI.EFFECTIF (EFF_ID,DR_ID,DEP_ID,TYPE_BUR_ID,NOM_PRENOM,USER_MAIL,TYPE_JOB,NUMERO_BUREAU,MOBILE) values ('394','1','171','2','BENAHMED Nedjma','n.benahmed@laciar.com','Chef de Departement des indemnisations RD',null,null);
Insert into C_GPI.EFFECTIF (EFF_ID,DR_ID,DEP_ID,TYPE_BUR_ID,NOM_PRENOM,USER_MAIL,TYPE_JOB,NUMERO_BUREAU,MOBILE) values ('395','1','175','2','HOUACINE Yasmine','y.houacine@laciar.com','Chef de Departement enginering','4',null);
Insert into C_GPI.EFFECTIF (EFF_ID,DR_ID,DEP_ID,TYPE_BUR_ID,NOM_PRENOM,USER_MAIL,TYPE_JOB,NUMERO_BUREAU,MOBILE) values ('396','1','163','2','BOUYAKOUB Sofiane','s.bouyakoub@laciar.com','Charge du Traitement et du Recouvrement',null,'0561610319');
Insert into C_GPI.EFFECTIF (EFF_ID,DR_ID,DEP_ID,TYPE_BUR_ID,NOM_PRENOM,USER_MAIL,TYPE_JOB,NUMERO_BUREAU,MOBILE) values ('397','1','166','2','TAGHBALOUT Houria','h.taghbalout@laciar.com','Juriste',null,null);
Insert into C_GPI.EFFECTIF (EFF_ID,DR_ID,DEP_ID,TYPE_BUR_ID,NOM_PRENOM,USER_MAIL,TYPE_JOB,NUMERO_BUREAU,MOBILE) values ('398','1','165','121','ZEBBAR Rabah','r.zebbar@laciar.com','Chef de Service Comptabilite',null,null);
Insert into C_GPI.EFFECTIF (EFF_ID,DR_ID,DEP_ID,TYPE_BUR_ID,NOM_PRENOM,USER_MAIL,TYPE_JOB,NUMERO_BUREAU,MOBILE) values ('399','1','168','1','ABIDAT Abderezzak','a.abidat@laciar.com','Inspecteur comptable','20','0561604740');
Insert into C_GPI.EFFECTIF (EFF_ID,DR_ID,DEP_ID,TYPE_BUR_ID,NOM_PRENOM,USER_MAIL,TYPE_JOB,NUMERO_BUREAU,MOBILE) values ('400','1','7','2','HAMEDIKKEN Noureddine','n.hamedikken@laciar.com','Chef de service','35','0560711351');
Insert into C_GPI.EFFECTIF (EFF_ID,DR_ID,DEP_ID,TYPE_BUR_ID,NOM_PRENOM,USER_MAIL,TYPE_JOB,NUMERO_BUREAU,MOBILE) values ('401','1','175','2','OULMANE Mohamed Hamza','mh.oulmane@laciar.com','Chef de departement agrocile','4',null);
Insert into C_GPI.EFFECTIF (EFF_ID,DR_ID,DEP_ID,TYPE_BUR_ID,NOM_PRENOM,USER_MAIL,TYPE_JOB,NUMERO_BUREAU,MOBILE) values ('402','1','145','1','REBAINE Sid Ahmed','s.rebaine@laciar.com','Actuaire',null,null);
Insert into C_GPI.EFFECTIF (EFF_ID,DR_ID,DEP_ID,TYPE_BUR_ID,NOM_PRENOM,USER_MAIL,TYPE_JOB,NUMERO_BUREAU,MOBILE) values ('403','1','165','2','ROUABHA Fateh','f.rouabha@laciar.com','Chef de Service Comptabilite','19',null);
Insert into C_GPI.EFFECTIF (EFF_ID,DR_ID,DEP_ID,TYPE_BUR_ID,NOM_PRENOM,USER_MAIL,TYPE_JOB,NUMERO_BUREAU,MOBILE) values ('404','1','168','2','AROUS Zakaria','z.arous@laciar.com','Comptable','19','0560354054');
Insert into C_GPI.EFFECTIF (EFF_ID,DR_ID,DEP_ID,TYPE_BUR_ID,NOM_PRENOM,USER_MAIL,TYPE_JOB,NUMERO_BUREAU,MOBILE) values ('405','1','2','121','ATMANE LAKEUB Nawel',null,'Agent d''entretien',null,'0561791998');
Insert into C_GPI.EFFECTIF (EFF_ID,DR_ID,DEP_ID,TYPE_BUR_ID,NOM_PRENOM,USER_MAIL,TYPE_JOB,NUMERO_BUREAU,MOBILE) values ('406','1','171','2','RABEI Rabah','r.rabei@laciar.com','Chef de service sinstres auto corporel',null,null);
Insert into C_GPI.EFFECTIF (EFF_ID,DR_ID,DEP_ID,TYPE_BUR_ID,NOM_PRENOM,USER_MAIL,TYPE_JOB,NUMERO_BUREAU,MOBILE) values ('407','1','2','1','SOUICI Islam','i.souici@laciar.com','Agent administratif','34',null);
Insert into C_GPI.EFFECTIF (EFF_ID,DR_ID,DEP_ID,TYPE_BUR_ID,NOM_PRENOM,USER_MAIL,TYPE_JOB,NUMERO_BUREAU,MOBILE) values ('408','1','2','1','BOUDJENAH Nabil','n.boudjenah@laciar.com','Chauffeur','26','0561997934');
Insert into C_GPI.EFFECTIF (EFF_ID,DR_ID,DEP_ID,TYPE_BUR_ID,NOM_PRENOM,USER_MAIL,TYPE_JOB,NUMERO_BUREAU,MOBILE) values ('409','1','1','1','SOUFI Bachir','bsoufi@laciar.com','PDG',null,null);
Insert into C_GPI.EFFECTIF (EFF_ID,DR_ID,DEP_ID,TYPE_BUR_ID,NOM_PRENOM,USER_MAIL,TYPE_JOB,NUMERO_BUREAU,MOBILE) values ('410','1','2','1','HENNI Mohamed','m.henni@laciar.com','Chef de Departement RH','32','0561967604');
Insert into C_GPI.EFFECTIF (EFF_ID,DR_ID,DEP_ID,TYPE_BUR_ID,NOM_PRENOM,USER_MAIL,TYPE_JOB,NUMERO_BUREAU,MOBILE) values ('411','1','1','1','MADANI Mekki','m.madani@laciar.com','Directeur des Indemnisations',null,null);
Insert into C_GPI.EFFECTIF (EFF_ID,DR_ID,DEP_ID,TYPE_BUR_ID,NOM_PRENOM,USER_MAIL,TYPE_JOB,NUMERO_BUREAU,MOBILE) values ('412','1','1','1','CHELBI Ahmed','a.chelbi@laciar.com','Conseiller Charge du recouvrement',null,'0561741137');
Insert into C_GPI.EFFECTIF (EFF_ID,DR_ID,DEP_ID,TYPE_BUR_ID,NOM_PRENOM,USER_MAIL,TYPE_JOB,NUMERO_BUREAU,MOBILE) values ('413','1','163','121','HADJAB Dalila',null,'Chef de Departement du Traitement et du Recouvrement',null,null);
Insert into C_GPI.EFFECTIF (EFF_ID,DR_ID,DEP_ID,TYPE_BUR_ID,NOM_PRENOM,USER_MAIL,TYPE_JOB,NUMERO_BUREAU,MOBILE) values ('414','1','171','2','HADJALI Souhila','s.hadjali@laciar.com','Directrice Adjointe Indemnisation',null,null);
Insert into C_GPI.EFFECTIF (EFF_ID,DR_ID,DEP_ID,TYPE_BUR_ID,NOM_PRENOM,USER_MAIL,TYPE_JOB,NUMERO_BUREAU,MOBILE) values ('415','1','163','121','BOUSSAID Hafida','h.boussaid@laciar.com','Chef de Departement Contentieux',null,null);
Insert into C_GPI.EFFECTIF (EFF_ID,DR_ID,DEP_ID,TYPE_BUR_ID,NOM_PRENOM,USER_MAIL,TYPE_JOB,NUMERO_BUREAU,MOBILE) values ('416','1','2','1','BENSBAA Sihem','s.bensbaa@laciar.com','Chef de Service Ressources Humaines','33','0560769051');
Insert into C_GPI.EFFECTIF (EFF_ID,DR_ID,DEP_ID,TYPE_BUR_ID,NOM_PRENOM,USER_MAIL,TYPE_JOB,NUMERO_BUREAU,MOBILE) values ('417','1','1','1','HAMMADI Kamel','k.hammadi@laciar.com','Directeur  des Risques de contruction et transports','1','0561604538');
Insert into C_GPI.EFFECTIF (EFF_ID,DR_ID,DEP_ID,TYPE_BUR_ID,NOM_PRENOM,USER_MAIL,TYPE_JOB,NUMERO_BUREAU,MOBILE) values ('418','1','171','121','BENSAMRA Sabrina','s.bensamra@laciar.com','Contreleur regleur',null,null);
Insert into C_GPI.EFFECTIF (EFF_ID,DR_ID,DEP_ID,TYPE_BUR_ID,NOM_PRENOM,USER_MAIL,TYPE_JOB,NUMERO_BUREAU,MOBILE) values ('419','1','174','121','AKBOUDJ Abderrahmane',null,'Agent de Securite',null,'0561604643');
Insert into C_GPI.EFFECTIF (EFF_ID,DR_ID,DEP_ID,TYPE_BUR_ID,NOM_PRENOM,USER_MAIL,TYPE_JOB,NUMERO_BUREAU,MOBILE) values ('420','1','174','1','HALOUANE Salim','s.halouane@laciar.com','Directeur des Systemes d''information Charge de l''Assistance',null,'0561604482');
Insert into C_GPI.EFFECTIF (EFF_ID,DR_ID,DEP_ID,TYPE_BUR_ID,NOM_PRENOM,USER_MAIL,TYPE_JOB,NUMERO_BUREAU,MOBILE) values ('421','1','165','1','KHETTAL Atmane','a.khettal@laciar.com','Chef de Service Comptabilite',null,null);
Insert into C_GPI.EFFECTIF (EFF_ID,DR_ID,DEP_ID,TYPE_BUR_ID,NOM_PRENOM,USER_MAIL,TYPE_JOB,NUMERO_BUREAU,MOBILE) values ('422','1','2','121','BRAHMI Mourad','m.brahmi@laciar.com','Chauffeur',null,'0561662512');
Insert into C_GPI.EFFECTIF (EFF_ID,DR_ID,DEP_ID,TYPE_BUR_ID,NOM_PRENOM,USER_MAIL,TYPE_JOB,NUMERO_BUREAU,MOBILE) values ('423','1','171','2','BOURELAF Sofiane','s.bourelaf@laciar.com','Chef de Departement Sinistre Automobile',null,null);
Insert into C_GPI.EFFECTIF (EFF_ID,DR_ID,DEP_ID,TYPE_BUR_ID,NOM_PRENOM,USER_MAIL,TYPE_JOB,NUMERO_BUREAU,MOBILE) values ('424','1','175','1','BELKACEMI Hachemi',null,'Charge d''etudes','2',null);
Insert into C_GPI.EFFECTIF (EFF_ID,DR_ID,DEP_ID,TYPE_BUR_ID,NOM_PRENOM,USER_MAIL,TYPE_JOB,NUMERO_BUREAU,MOBILE) values ('425','1','2','121','ABBAS Mohamed',null,'Cuisinier',null,null);
Insert into C_GPI.EFFECTIF (EFF_ID,DR_ID,DEP_ID,TYPE_BUR_ID,NOM_PRENOM,USER_MAIL,TYPE_JOB,NUMERO_BUREAU,MOBILE) values ('426','1','1','121','BENDJEBBAS Bessma',null,'Assistante du PDG',null,null);
Insert into C_GPI.EFFECTIF (EFF_ID,DR_ID,DEP_ID,TYPE_BUR_ID,NOM_PRENOM,USER_MAIL,TYPE_JOB,NUMERO_BUREAU,MOBILE) values ('427','1','1','1','RABAHI Ahmed Lakhal Amine','a.rabahi@laciar.com','Directeur des Finances et de la Comptabilite','24',null);
Insert into C_GPI.EFFECTIF (EFF_ID,DR_ID,DEP_ID,TYPE_BUR_ID,NOM_PRENOM,USER_MAIL,TYPE_JOB,NUMERO_BUREAU,MOBILE) values ('428','1','1','1','GUENDOUZ Khereddine','k.guendouz@laciar.com','Directeur des Affaires Juridiques',null,null);
Insert into C_GPI.EFFECTIF (EFF_ID,DR_ID,DEP_ID,TYPE_BUR_ID,NOM_PRENOM,USER_MAIL,TYPE_JOB,NUMERO_BUREAU,MOBILE) values ('429','1','168','2','MASKRI Yacine','y.maskri@laciar.com','Comptable',null,null);
Insert into C_GPI.EFFECTIF (EFF_ID,DR_ID,DEP_ID,TYPE_BUR_ID,NOM_PRENOM,USER_MAIL,TYPE_JOB,NUMERO_BUREAU,MOBILE) values ('430','1','1','1','CHABANE Hassina','h.bendib@laciar.com','Assistante du PDG',null,null);
Insert into C_GPI.EFFECTIF (EFF_ID,DR_ID,DEP_ID,TYPE_BUR_ID,NOM_PRENOM,USER_MAIL,TYPE_JOB,NUMERO_BUREAU,MOBILE) values ('431','1','2','1','KHELLAL Kamilia','k.khellal@laciar.com','Chef de Departement Archives',null,null);
Insert into C_GPI.EFFECTIF (EFF_ID,DR_ID,DEP_ID,TYPE_BUR_ID,NOM_PRENOM,USER_MAIL,TYPE_JOB,NUMERO_BUREAU,MOBILE) values ('432','1','172','121','MOKHATI Mohamed Lamine','ml.mokhati@laciar.com','Inspecteur Technique',null,null);
Insert into C_GPI.EFFECTIF (EFF_ID,DR_ID,DEP_ID,TYPE_BUR_ID,NOM_PRENOM,USER_MAIL,TYPE_JOB,NUMERO_BUREAU,MOBILE) values ('433','1','170','1','MOUMENE Yacine','y.moumene@laciar.com','Responsable Commercial et Marketing',null,null);
Insert into C_GPI.EFFECTIF (EFF_ID,DR_ID,DEP_ID,TYPE_BUR_ID,NOM_PRENOM,USER_MAIL,TYPE_JOB,NUMERO_BUREAU,MOBILE) values ('434','1','163','121','ABDESSAMED Sihem','s.abdessamed@laciar.com','Sous-Directeur Recouvrement',null,null);
Insert into C_GPI.EFFECTIF (EFF_ID,DR_ID,DEP_ID,TYPE_BUR_ID,NOM_PRENOM,USER_MAIL,TYPE_JOB,NUMERO_BUREAU,MOBILE) values ('435','1','7','2','REHANE Yahia','y.rehane@laciar.com','Chef de Service Reassurance','35',null);
Insert into C_GPI.EFFECTIF (EFF_ID,DR_ID,DEP_ID,TYPE_BUR_ID,NOM_PRENOM,USER_MAIL,TYPE_JOB,NUMERO_BUREAU,MOBILE) values ('436','1','163','121','DEBBOUZA Youcef','y.debbouza@laciar.com','Charge de Recouvrement',null,null);
Insert into C_GPI.EFFECTIF (EFF_ID,DR_ID,DEP_ID,TYPE_BUR_ID,NOM_PRENOM,USER_MAIL,TYPE_JOB,NUMERO_BUREAU,MOBILE) values ('437','1','171','2','SITOUAH Ahmed','a.sitouah@laciar.com','Chef de Departement Sinistre Auto Corporel',null,null);
Insert into C_GPI.EFFECTIF (EFF_ID,DR_ID,DEP_ID,TYPE_BUR_ID,NOM_PRENOM,USER_MAIL,TYPE_JOB,NUMERO_BUREAU,MOBILE) values ('438','1','2','121','DJELLAOUI Missoum',null,'Agent de Securite',null,null);
Insert into C_GPI.EFFECTIF (EFF_ID,DR_ID,DEP_ID,TYPE_BUR_ID,NOM_PRENOM,USER_MAIL,TYPE_JOB,NUMERO_BUREAU,MOBILE) values ('439','1','2','1','IKOUIRENE Mahrez','m.ikouirene@laciar.com','Archiviste',null,null);
Insert into C_GPI.EFFECTIF (EFF_ID,DR_ID,DEP_ID,TYPE_BUR_ID,NOM_PRENOM,USER_MAIL,TYPE_JOB,NUMERO_BUREAU,MOBILE) values ('440','1','2','121','ZAIDI Abderezak',null,'Agent de Securite',null,null);
Insert into C_GPI.EFFECTIF (EFF_ID,DR_ID,DEP_ID,TYPE_BUR_ID,NOM_PRENOM,USER_MAIL,TYPE_JOB,NUMERO_BUREAU,MOBILE) values ('441','1','1','1','SELLAK Abderezak','a.sellak@laciar.com','Directeur de la Reassurance','29',null);
Insert into C_GPI.EFFECTIF (EFF_ID,DR_ID,DEP_ID,TYPE_BUR_ID,NOM_PRENOM,USER_MAIL,TYPE_JOB,NUMERO_BUREAU,MOBILE) values ('442','1','2','121','BENABIDALLAH Slimane',null,'Agent d''Entretien',null,null);
Insert into C_GPI.EFFECTIF (EFF_ID,DR_ID,DEP_ID,TYPE_BUR_ID,NOM_PRENOM,USER_MAIL,TYPE_JOB,NUMERO_BUREAU,MOBILE) values ('443','1','2','121','BENAIDJA Slimane',null,'Agent d''Entretien',null,null);
Insert into C_GPI.EFFECTIF (EFF_ID,DR_ID,DEP_ID,TYPE_BUR_ID,NOM_PRENOM,USER_MAIL,TYPE_JOB,NUMERO_BUREAU,MOBILE) values ('444','1','2','121','BOUHILA Sid',null,'Chauffeur',null,null);
Insert into C_GPI.EFFECTIF (EFF_ID,DR_ID,DEP_ID,TYPE_BUR_ID,NOM_PRENOM,USER_MAIL,TYPE_JOB,NUMERO_BUREAU,MOBILE) values ('445','1','144','1','RAHAL Yanis','y.rahal@laciar.com','Assistant de Communication','47',null);
Insert into C_GPI.EFFECTIF (EFF_ID,DR_ID,DEP_ID,TYPE_BUR_ID,NOM_PRENOM,USER_MAIL,TYPE_JOB,NUMERO_BUREAU,MOBILE) values ('446','1','2','121','BELKACEM Fatma Zohra',null,'Agent d''entretien',null,null);
Insert into C_GPI.EFFECTIF (EFF_ID,DR_ID,DEP_ID,TYPE_BUR_ID,NOM_PRENOM,USER_MAIL,TYPE_JOB,NUMERO_BUREAU,MOBILE) values ('447','1','1','121','HAFFAR Adlene','a.haffar@laciar.com','Consultant aupres du PDG',null,null);
Insert into C_GPI.EFFECTIF (EFF_ID,DR_ID,DEP_ID,TYPE_BUR_ID,NOM_PRENOM,USER_MAIL,TYPE_JOB,NUMERO_BUREAU,MOBILE) values ('448','1','1','1','DJOUAHER Mounir',null,'Conseiller Commercial',null,null);
Insert into C_GPI.EFFECTIF (EFF_ID,DR_ID,DEP_ID,TYPE_BUR_ID,NOM_PRENOM,USER_MAIL,TYPE_JOB,NUMERO_BUREAU,MOBILE) values ('449','1','2','121','BOUFAS Cherifa',null,'Agent d''entretien',null,null);
Insert into C_GPI.EFFECTIF (EFF_ID,DR_ID,DEP_ID,TYPE_BUR_ID,NOM_PRENOM,USER_MAIL,TYPE_JOB,NUMERO_BUREAU,MOBILE) values ('450','1','1','1','BRIGHET  Smail Yacine','sy.brighet @laciar.com','Directeur Audit','36',null);
Insert into C_GPI.EFFECTIF (EFF_ID,DR_ID,DEP_ID,TYPE_BUR_ID,NOM_PRENOM,USER_MAIL,TYPE_JOB,NUMERO_BUREAU,MOBILE) values ('451','1','175','1','HOUCHATI Sofiane','s.houchati@laciar.com','Sous-Directeur Transport','5',null);
Insert into C_GPI.EFFECTIF (EFF_ID,DR_ID,DEP_ID,TYPE_BUR_ID,NOM_PRENOM,USER_MAIL,TYPE_JOB,NUMERO_BUREAU,MOBILE) values ('452','1','175','1','BENZENOUNE Ali','a.benzenoune@laciar.com','ingenieur souscripteur','7',null);
Insert into C_GPI.EFFECTIF (EFF_ID,DR_ID,DEP_ID,TYPE_BUR_ID,NOM_PRENOM,USER_MAIL,TYPE_JOB,NUMERO_BUREAU,MOBILE) values ('453','1','1','1','NEGHLI Azzedine','a.neghli@laciar.com','Directeur Risk Management','36',null);
Insert into C_GPI.EFFECTIF (EFF_ID,DR_ID,DEP_ID,TYPE_BUR_ID,NOM_PRENOM,USER_MAIL,TYPE_JOB,NUMERO_BUREAU,MOBILE) values ('454','1','1','1','ABDI Cherif','c.abdi@laciar.com','Directeur Risque Industriel et Agricole','3',null);
Insert into C_GPI.EFFECTIF (EFF_ID,DR_ID,DEP_ID,TYPE_BUR_ID,NOM_PRENOM,USER_MAIL,TYPE_JOB,NUMERO_BUREAU,MOBILE) values ('455','1','2','121','FERNANE Mansour',null,'Agent polyvalent',null,'0560436531');
Insert into C_GPI.EFFECTIF (EFF_ID,DR_ID,DEP_ID,TYPE_BUR_ID,NOM_PRENOM,USER_MAIL,TYPE_JOB,NUMERO_BUREAU,MOBILE) values ('456','1','175','1','LIMAM Mohamed Amir','m.limam@laciar.com','Sous-Directeur Construction',null,null);
Insert into C_GPI.EFFECTIF (EFF_ID,DR_ID,DEP_ID,TYPE_BUR_ID,NOM_PRENOM,USER_MAIL,TYPE_JOB,NUMERO_BUREAU,MOBILE) values ('457','1','2','121','MOKKADEM Kamel',null,'Cuisinier',null,null);
Insert into C_GPI.EFFECTIF (EFF_ID,DR_ID,DEP_ID,TYPE_BUR_ID,NOM_PRENOM,USER_MAIL,TYPE_JOB,NUMERO_BUREAU,MOBILE) values ('464','2','221','1','HAMRIT Fatma Zohra','f.hamrit@laciar.com','Chef de departement transport',null,'561604774');
Insert into C_GPI.EFFECTIF (EFF_ID,DR_ID,DEP_ID,TYPE_BUR_ID,NOM_PRENOM,USER_MAIL,TYPE_JOB,NUMERO_BUREAU,MOBILE) values ('465','2','221','1','AOUADI Keltoum','k.aouadi@laciar.com','Chef de departement Automobile',null,null);
Insert into C_GPI.EFFECTIF (EFF_ID,DR_ID,DEP_ID,TYPE_BUR_ID,NOM_PRENOM,USER_MAIL,TYPE_JOB,NUMERO_BUREAU,MOBILE) values ('466','2','222','1','RACHEDI Hamid','s.saidj@laciar.com','Collaborateur technique p',null,null);
Insert into C_GPI.EFFECTIF (EFF_ID,DR_ID,DEP_ID,TYPE_BUR_ID,NOM_PRENOM,USER_MAIL,TYPE_JOB,NUMERO_BUREAU,MOBILE) values ('467','2','213','1','MESSAOUDI Djaffer',null,'Agent de securite',null,null);
Insert into C_GPI.EFFECTIF (EFF_ID,DR_ID,DEP_ID,TYPE_BUR_ID,NOM_PRENOM,USER_MAIL,TYPE_JOB,NUMERO_BUREAU,MOBILE) values ('468','2','222','1','BOUREDJI Karima','K.BOUREDJI@laciar.com','Directrice adjointe Chargee du Marketing',null,'561604705');
Insert into C_GPI.EFFECTIF (EFF_ID,DR_ID,DEP_ID,TYPE_BUR_ID,NOM_PRENOM,USER_MAIL,TYPE_JOB,NUMERO_BUREAU,MOBILE) values ('469','2','216','1','TOUATI Naciba','n.touati@laciar.com','Chef de service production',null,null);
Insert into C_GPI.EFFECTIF (EFF_ID,DR_ID,DEP_ID,TYPE_BUR_ID,NOM_PRENOM,USER_MAIL,TYPE_JOB,NUMERO_BUREAU,MOBILE) values ('470','2','213','1','BENSAFIA Khaled',null,'Agent de securite',null,'561603566');
Insert into C_GPI.EFFECTIF (EFF_ID,DR_ID,DEP_ID,TYPE_BUR_ID,NOM_PRENOM,USER_MAIL,TYPE_JOB,NUMERO_BUREAU,MOBILE) values ('471','2','213','1','MAICH Ahmed',null,'Electricien',null,null);
Insert into C_GPI.EFFECTIF (EFF_ID,DR_ID,DEP_ID,TYPE_BUR_ID,NOM_PRENOM,USER_MAIL,TYPE_JOB,NUMERO_BUREAU,MOBILE) values ('472','2','214','1','SHEHAB Adel','a.shehab@laciar.com','Collaborateur technique/Informatique',null,null);
Insert into C_GPI.EFFECTIF (EFF_ID,DR_ID,DEP_ID,TYPE_BUR_ID,NOM_PRENOM,USER_MAIL,TYPE_JOB,NUMERO_BUREAU,MOBILE) values ('473','2','213','1','TIGUEMOUNINE Nawel','n.tiguemounine@laciar.com','Chef de Service',null,null);
Insert into C_GPI.EFFECTIF (EFF_ID,DR_ID,DEP_ID,TYPE_BUR_ID,NOM_PRENOM,USER_MAIL,TYPE_JOB,NUMERO_BUREAU,MOBILE) values ('474','2','213','1','HAMZA Abdeslam',null,'Agent de securite',null,'561640306');
Insert into C_GPI.EFFECTIF (EFF_ID,DR_ID,DEP_ID,TYPE_BUR_ID,NOM_PRENOM,USER_MAIL,TYPE_JOB,NUMERO_BUREAU,MOBILE) values ('475','2','213','1','BENNOUNAS Ali',null,'Agent de securite',null,null);
Insert into C_GPI.EFFECTIF (EFF_ID,DR_ID,DEP_ID,TYPE_BUR_ID,NOM_PRENOM,USER_MAIL,TYPE_JOB,NUMERO_BUREAU,MOBILE) values ('476','2','213','1','SETBEL Rachid',null,'Agent de securite',null,null);
Insert into C_GPI.EFFECTIF (EFF_ID,DR_ID,DEP_ID,TYPE_BUR_ID,NOM_PRENOM,USER_MAIL,TYPE_JOB,NUMERO_BUREAU,MOBILE) values ('477','2','213','1','NAIT ALI Ahmed',null,'Agent de securite',null,null);
Insert into C_GPI.EFFECTIF (EFF_ID,DR_ID,DEP_ID,TYPE_BUR_ID,NOM_PRENOM,USER_MAIL,TYPE_JOB,NUMERO_BUREAU,MOBILE) values ('154','4','10','2','TAMDA NASREDDINE','n.tamda@laciar.com','Collaborateur Technique','A et B','0561690232');
Insert into C_GPI.EFFECTIF (EFF_ID,DR_ID,DEP_ID,TYPE_BUR_ID,NOM_PRENOM,USER_MAIL,TYPE_JOB,NUMERO_BUREAU,MOBILE) values ('152','4','6','1','Mohamed Tahar ASLI','m.asli@laciar.com','Chef de Service Finances','D','0561 95 11 74');
Insert into C_GPI.EFFECTIF (EFF_ID,DR_ID,DEP_ID,TYPE_BUR_ID,NOM_PRENOM,USER_MAIL,TYPE_JOB,NUMERO_BUREAU,MOBILE) values ('153','4','10','1','ZEDDAM MELOUKA','m.zeddam@laciar.com','Chef de Departement IARDT','E','0561 98 23 02');
Insert into C_GPI.EFFECTIF (EFF_ID,DR_ID,DEP_ID,TYPE_BUR_ID,NOM_PRENOM,USER_MAIL,TYPE_JOB,NUMERO_BUREAU,MOBILE) values ('155','4','10','2','CHENIKA FATIMA ZOHRA','f.chenika@laciar.com','Collaboratrice technique','A et B','0561 60 46 83');
Insert into C_GPI.EFFECTIF (EFF_ID,DR_ID,DEP_ID,TYPE_BUR_ID,NOM_PRENOM,USER_MAIL,TYPE_JOB,NUMERO_BUREAU,MOBILE) values ('156','4','10','2','MELOUA BENZABA CHAHINEZ','c.meloua@laciar.com','Collaboratrice technique','A et B','0561 60 46 47');
Insert into C_GPI.EFFECTIF (EFF_ID,DR_ID,DEP_ID,TYPE_BUR_ID,NOM_PRENOM,USER_MAIL,TYPE_JOB,NUMERO_BUREAU,MOBILE) values ('157','4','6','2','LAYEB ABDELOUAHED','a.layeb@laciar.com','Chef De Service ADM et Finances','A et B','0560 73 80 96');
Insert into C_GPI.EFFECTIF (EFF_ID,DR_ID,DEP_ID,TYPE_BUR_ID,NOM_PRENOM,USER_MAIL,TYPE_JOB,NUMERO_BUREAU,MOBILE) values ('158','4','6','2','NIL FOUZIA','f.nil@laciar.com','Comptable','A et B','0560  55 48 92');
Insert into C_GPI.EFFECTIF (EFF_ID,DR_ID,DEP_ID,TYPE_BUR_ID,NOM_PRENOM,USER_MAIL,TYPE_JOB,NUMERO_BUREAU,MOBILE) values ('159','4','10','2','ASSAL KARIM','k.assal@laciar.com','Collaborateur technique Sinistre','A et B','0561 60 45 61');
Insert into C_GPI.EFFECTIF (EFF_ID,DR_ID,DEP_ID,TYPE_BUR_ID,NOM_PRENOM,USER_MAIL,TYPE_JOB,NUMERO_BUREAU,MOBILE) values ('160','4','10','2','BELGHERSA FATIMA','f.belgherssa@laciar.com','Collaboratrice Technique SINISTRE','A et B','0560 21 32 98');
Insert into C_GPI.EFFECTIF (EFF_ID,DR_ID,DEP_ID,TYPE_BUR_ID,NOM_PRENOM,USER_MAIL,TYPE_JOB,NUMERO_BUREAU,MOBILE) values ('161','4','10','2','KHEROUS Khadidja','k.kherous@laciar.com','Contreleur Regleur Liquidation','A et B','0561 60 45 24');
Insert into C_GPI.EFFECTIF (EFF_ID,DR_ID,DEP_ID,TYPE_BUR_ID,NOM_PRENOM,USER_MAIL,TYPE_JOB,NUMERO_BUREAU,MOBILE) values ('162','6','4','1','BELHAMEL HAROUN','h.belhamel@laciar.com','Correspondant Informatique','004','0561651504');
Insert into C_GPI.EFFECTIF (EFF_ID,DR_ID,DEP_ID,TYPE_BUR_ID,NOM_PRENOM,USER_MAIL,TYPE_JOB,NUMERO_BUREAU,MOBILE) values ('167','4','143','1','RACHEDI LEILA','l.rachedi@laciar.com','Chef de Departement Sinistre','F','05 60 44 14 45');
Insert into C_GPI.EFFECTIF (EFF_ID,DR_ID,DEP_ID,TYPE_BUR_ID,NOM_PRENOM,USER_MAIL,TYPE_JOB,NUMERO_BUREAU,MOBILE) values ('164','6','4','1','ABDESSLAM AMMAR','a.abdesslam@laciar.com','Correspondent Informatique','004','0561604569');
Insert into C_GPI.EFFECTIF (EFF_ID,DR_ID,DEP_ID,TYPE_BUR_ID,NOM_PRENOM,USER_MAIL,TYPE_JOB,NUMERO_BUREAU,MOBILE) values ('165','6','4','1','MEBARKI CHAOUKI','c.mebarki@laciar.com','Chef de departement Informatique','004','0561604557');
Insert into C_GPI.EFFECTIF (EFF_ID,DR_ID,DEP_ID,TYPE_BUR_ID,NOM_PRENOM,USER_MAIL,TYPE_JOB,NUMERO_BUREAU,MOBILE) values ('166','7','4','1','MEDJEBER  ZAKARIA','Z.medjeber@laciar.com','Correspondant Informatique','Departement Informatique','0561951903');
Insert into C_GPI.EFFECTIF (EFF_ID,DR_ID,DEP_ID,TYPE_BUR_ID,NOM_PRENOM,USER_MAIL,TYPE_JOB,NUMERO_BUREAU,MOBILE) values ('168','3','4','1','ounissi nabil','n.ounissi@laciar.com','chef de departement informatique','01','0561604539');
Insert into C_GPI.EFFECTIF (EFF_ID,DR_ID,DEP_ID,TYPE_BUR_ID,NOM_PRENOM,USER_MAIL,TYPE_JOB,NUMERO_BUREAU,MOBILE) values ('169','3','4','1','CHABOUR ADEL','a.chabour@laciar.com','corr informatique','02','0561690980');
Insert into C_GPI.EFFECTIF (EFF_ID,DR_ID,DEP_ID,TYPE_BUR_ID,NOM_PRENOM,USER_MAIL,TYPE_JOB,NUMERO_BUREAU,MOBILE) values ('170','3','4','1','zouaoui mohamed','mh.zouaoui@laciar.com','corr informatique','3','0561604564');
Insert into C_GPI.EFFECTIF (EFF_ID,DR_ID,DEP_ID,TYPE_BUR_ID,NOM_PRENOM,USER_MAIL,TYPE_JOB,NUMERO_BUREAU,MOBILE) values ('171','5','149','1','Mohamed BEKKAYE','M.BEKKAYE@laciar.com','collaborateur administratif','05','0561657061');
Insert into C_GPI.EFFECTIF (EFF_ID,DR_ID,DEP_ID,TYPE_BUR_ID,NOM_PRENOM,USER_MAIL,TYPE_JOB,NUMERO_BUREAU,MOBILE) values ('172','5','3','1','Samir BABOUHOUN','S.BABOUHOUN@laciar.com','Chef de service juridique','06','0561604753');
Insert into C_GPI.EFFECTIF (EFF_ID,DR_ID,DEP_ID,TYPE_BUR_ID,NOM_PRENOM,USER_MAIL,TYPE_JOB,NUMERO_BUREAU,MOBILE) values ('173','5','4','1','Taha TFYECHE','T.TFYECHE@laciar.com','chef de service informatique.','09','0561604709');
Insert into C_GPI.EFFECTIF (EFF_ID,DR_ID,DEP_ID,TYPE_BUR_ID,NOM_PRENOM,USER_MAIL,TYPE_JOB,NUMERO_BUREAU,MOBILE) values ('174','5','4','1','Mohamed Faouzi GHRIGA','M.GHRIGA@laciar.com','Correspondant informatique.','09','0560103621');
Insert into C_GPI.EFFECTIF (EFF_ID,DR_ID,DEP_ID,TYPE_BUR_ID,NOM_PRENOM,USER_MAIL,TYPE_JOB,NUMERO_BUREAU,MOBILE) values ('175','5','148','1','Noura DERROUGH','N.DERROUGH@laciar.com','Chef de service Production.','11','0561694341');
Insert into C_GPI.EFFECTIF (EFF_ID,DR_ID,DEP_ID,TYPE_BUR_ID,NOM_PRENOM,USER_MAIL,TYPE_JOB,NUMERO_BUREAU,MOBILE) values ('176','5','148','1','Abderrazak FILI','A.FILI@laciar.com','collaborateur de Production.','12','0561604540');
Insert into C_GPI.EFFECTIF (EFF_ID,DR_ID,DEP_ID,TYPE_BUR_ID,NOM_PRENOM,USER_MAIL,TYPE_JOB,NUMERO_BUREAU,MOBILE) values ('177','5','148','1','Aboubaker El Sedik DEDDOUCHE.','A.DEDDOUCHE@laciar.com.','collaborateur de Production.','12','0561991895');
Insert into C_GPI.EFFECTIF (EFF_ID,DR_ID,DEP_ID,TYPE_BUR_ID,NOM_PRENOM,USER_MAIL,TYPE_JOB,NUMERO_BUREAU,MOBILE) values ('178','5','148','1','Faiza OULED BRAHIM.','F.OULEDBRAHIM@laciar.com','collaboratrice de Production.','12','0560626194');
Insert into C_GPI.EFFECTIF (EFF_ID,DR_ID,DEP_ID,TYPE_BUR_ID,NOM_PRENOM,USER_MAIL,TYPE_JOB,NUMERO_BUREAU,MOBILE) values ('179','5','6','1','Faouzi OULEDLAID','F.OULEDLAID@laciar.com','Chef de service comptabilite.','13','0561604513');
Insert into C_GPI.EFFECTIF (EFF_ID,DR_ID,DEP_ID,TYPE_BUR_ID,NOM_PRENOM,USER_MAIL,TYPE_JOB,NUMERO_BUREAU,MOBILE) values ('180','5','6','1','Mohamed Lamine BENNOUI','M.BENNOUI@laciar.com.','Comptable','13','0561711115');
Insert into C_GPI.EFFECTIF (EFF_ID,DR_ID,DEP_ID,TYPE_BUR_ID,NOM_PRENOM,USER_MAIL,TYPE_JOB,NUMERO_BUREAU,MOBILE) values ('181','5','146','1','Chouaib BEHISSA','C.BEHISSA@laciar.com','Directeur regional','01','0561657058');
Insert into C_GPI.EFFECTIF (EFF_ID,DR_ID,DEP_ID,TYPE_BUR_ID,NOM_PRENOM,USER_MAIL,TYPE_JOB,NUMERO_BUREAU,MOBILE) values ('182','5','146','1','Hassen BOUHOUNALI','H.BOUHOUNALI@laciar.com','Directeur regional adjoint.','04','0561604554');
Insert into C_GPI.EFFECTIF (EFF_ID,DR_ID,DEP_ID,TYPE_BUR_ID,NOM_PRENOM,USER_MAIL,TYPE_JOB,NUMERO_BUREAU,MOBILE) values ('301','4','146','1','Mustapha MAACHOU','m.maachou@laciar.com','Directeur regional','Directeur regional','0561 70 25 05');
Insert into C_GPI.EFFECTIF (EFF_ID,DR_ID,DEP_ID,TYPE_BUR_ID,NOM_PRENOM,USER_MAIL,TYPE_JOB,NUMERO_BUREAU,MOBILE) values ('12','7','4','1','LARIBI SALIH','s.laribi@laciar.com','Correspondant Informatique','Departement informatique','0561676224');
Insert into C_GPI.EFFECTIF (EFF_ID,DR_ID,DEP_ID,TYPE_BUR_ID,NOM_PRENOM,USER_MAIL,TYPE_JOB,NUMERO_BUREAU,MOBILE) values ('13','4','4','1','LACHACHI ABDELHAK','a.lachachi@laciar.com','Correspondant informatique','i','05 61 60 47 17');
Insert into C_GPI.EFFECTIF (EFF_ID,DR_ID,DEP_ID,TYPE_BUR_ID,NOM_PRENOM,USER_MAIL,TYPE_JOB,NUMERO_BUREAU,MOBILE) values ('14','4','4','1','IKHLEF SIHEM','s.ikhlef@laciar.com','Correspondante Informatique','i','05 61 60 45 75');
Insert into C_GPI.EFFECTIF (EFF_ID,DR_ID,DEP_ID,TYPE_BUR_ID,NOM_PRENOM,USER_MAIL,TYPE_JOB,NUMERO_BUREAU,MOBILE) values ('15','4','4','1','DERNI BILAL','b.derni@laciar.com','Corresopondant Informatique','i','05 61 60 46 33');
Insert into C_GPI.EFFECTIF (EFF_ID,DR_ID,DEP_ID,TYPE_BUR_ID,NOM_PRENOM,USER_MAIL,TYPE_JOB,NUMERO_BUREAU,MOBILE) values ('16','4','4','1','KHELLOUFI NAWEL','n.khelloufi@laciar.com','Chef de departement Informatique','Z','05 61 60 45 56');
Insert into C_GPI.EFFECTIF (EFF_ID,DR_ID,DEP_ID,TYPE_BUR_ID,NOM_PRENOM,USER_MAIL,TYPE_JOB,NUMERO_BUREAU,MOBILE) values ('17','4','140','1','BENALI IMANE','i.benali@laciar.com','Departemente creances & recouvrements','H','05 61 65 70 62');
Insert into C_GPI.EFFECTIF (EFF_ID,DR_ID,DEP_ID,TYPE_BUR_ID,NOM_PRENOM,USER_MAIL,TYPE_JOB,NUMERO_BUREAU,MOBILE) values ('18','4','3','1','AIT AHMED KARIMA','k.aitahmed@laciar.com','JURISTE','G','05 60 90 65 66');
Insert into C_GPI.EFFECTIF (EFF_ID,DR_ID,DEP_ID,TYPE_BUR_ID,NOM_PRENOM,USER_MAIL,TYPE_JOB,NUMERO_BUREAU,MOBILE) values ('19','4','140','1','BEKKARI WALID','w.bekari@laciar.com','Departemente creances & recouvrements','M','05 61 63 34 93');
Insert into C_GPI.EFFECTIF (EFF_ID,DR_ID,DEP_ID,TYPE_BUR_ID,NOM_PRENOM,USER_MAIL,TYPE_JOB,NUMERO_BUREAU,MOBILE) values ('20','4','160','1','SIHAM KARA TERKI nee TABTI','s.tabti@laciar.com','Chef de Service Reseau et Commerciale','M','05 61 61 44 76');
Insert into C_GPI.EFFECTIF (EFF_ID,DR_ID,DEP_ID,TYPE_BUR_ID,NOM_PRENOM,USER_MAIL,TYPE_JOB,NUMERO_BUREAU,MOBILE) values ('21','4','6','1','BOUHADJI ZAKARIA','z.bouhadji@laciar.com','Agent economat','M','05 61 69 08 02');
Insert into C_GPI.EFFECTIF (EFF_ID,DR_ID,DEP_ID,TYPE_BUR_ID,NOM_PRENOM,USER_MAIL,TYPE_JOB,NUMERO_BUREAU,MOBILE) values ('22','4','141','1','DAHI MUSTAPHA','m.dahi@laciar.com','Inspecteur','S','05 61 60 45 65');
Insert into C_GPI.EFFECTIF (EFF_ID,DR_ID,DEP_ID,TYPE_BUR_ID,NOM_PRENOM,USER_MAIL,TYPE_JOB,NUMERO_BUREAU,MOBILE) values ('23','4','141','1','GUENDOUZ KAMEL','k.guendouz@laciar.com','Inspecteur','S','05 61 60 45 53');
Insert into C_GPI.EFFECTIF (EFF_ID,DR_ID,DEP_ID,TYPE_BUR_ID,NOM_PRENOM,USER_MAIL,TYPE_JOB,NUMERO_BUREAU,MOBILE) values ('24','4','141','1','ABDELKADER SOHBI','a.sohbi@laciar.com','Inspecteur','S','05 61 60 45 81');
Insert into C_GPI.EFFECTIF (EFF_ID,DR_ID,DEP_ID,TYPE_BUR_ID,NOM_PRENOM,USER_MAIL,TYPE_JOB,NUMERO_BUREAU,MOBILE) values ('183','3','142','1','tilbi sara','s.tilbi@laciar.com','chef de departement  de finance et administration','1','0560607472');
Insert into C_GPI.EFFECTIF (EFF_ID,DR_ID,DEP_ID,TYPE_BUR_ID,NOM_PRENOM,USER_MAIL,TYPE_JOB,NUMERO_BUREAU,MOBILE) values ('250','5','143','1','Mohamed OULADTAHAR','M.OULADTAHAR@laciar.com','Chef de service sinistre.','03','0560025089');
Insert into C_GPI.EFFECTIF (EFF_ID,DR_ID,DEP_ID,TYPE_BUR_ID,NOM_PRENOM,USER_MAIL,TYPE_JOB,NUMERO_BUREAU,MOBILE) values ('251','5','143','1','Mustapha BENSAADA','M.BENSAADA@laciar.com','Collaborateur sinistre.','07','0561604644');
Insert into C_GPI.EFFECTIF (EFF_ID,DR_ID,DEP_ID,TYPE_BUR_ID,NOM_PRENOM,USER_MAIL,TYPE_JOB,NUMERO_BUREAU,MOBILE) values ('252','5','141','1','Ilyes BOUHENNI','I.BOUHENNI@laciar.com','Inspecteur.','08','0561604622');
Insert into C_GPI.EFFECTIF (EFF_ID,DR_ID,DEP_ID,TYPE_BUR_ID,NOM_PRENOM,USER_MAIL,TYPE_JOB,NUMERO_BUREAU,MOBILE) values ('253','5','149','1','Mounir TADJROUNA','Economat_ghardaia@laciar.com','Agent d''economat.','10','0560441198');
Insert into C_GPI.EFFECTIF (EFF_ID,DR_ID,DEP_ID,TYPE_BUR_ID,NOM_PRENOM,USER_MAIL,TYPE_JOB,NUMERO_BUREAU,MOBILE) values ('254','5','143','1','Omar TALEB BAHMED','O.TALEB_BAHMED@laciar.com','Chef de service indemnisation.','07','0561705131');
Insert into C_GPI.EFFECTIF (EFF_ID,DR_ID,DEP_ID,TYPE_BUR_ID,NOM_PRENOM,USER_MAIL,TYPE_JOB,NUMERO_BUREAU,MOBILE) values ('255','5','146','103','Souad DAOUDI','S.DAOUDI@laciar.com','Secretariat.','02','0560529108');
Insert into C_GPI.EFFECTIF (EFF_ID,DR_ID,DEP_ID,TYPE_BUR_ID,NOM_PRENOM,USER_MAIL,TYPE_JOB,NUMERO_BUREAU,MOBILE) values ('479','2','221','1','BOUAZIZ Mohand Laid','m.bouaziz@laciar.com','Chef d''Agence',null,null);
Insert into C_GPI.EFFECTIF (EFF_ID,DR_ID,DEP_ID,TYPE_BUR_ID,NOM_PRENOM,USER_MAIL,TYPE_JOB,NUMERO_BUREAU,MOBILE) values ('478','2','213','1','ATTOU Adel',null,'Agent de securite',null,'561660125');
Insert into C_GPI.EFFECTIF (EFF_ID,DR_ID,DEP_ID,TYPE_BUR_ID,NOM_PRENOM,USER_MAIL,TYPE_JOB,NUMERO_BUREAU,MOBILE) values ('480','2','216','1','BENSARI Djaefar','d.bensari@laciar.com','Collaborateur technique p',null,'561604589');
Insert into C_GPI.EFFECTIF (EFF_ID,DR_ID,DEP_ID,TYPE_BUR_ID,NOM_PRENOM,USER_MAIL,TYPE_JOB,NUMERO_BUREAU,MOBILE) values ('481','2','216','1','NAITLARBI SALIM','s.naitlarbi@laciar.com','Collaborateur technique/Produc',null,'.');
Insert into C_GPI.EFFECTIF (EFF_ID,DR_ID,DEP_ID,TYPE_BUR_ID,NOM_PRENOM,USER_MAIL,TYPE_JOB,NUMERO_BUREAU,MOBILE) values ('482','2','217','1','SMAILI Assia','a.smaili@laciar.com','Collaboratrice technique s',null,null);
Insert into C_GPI.EFFECTIF (EFF_ID,DR_ID,DEP_ID,TYPE_BUR_ID,NOM_PRENOM,USER_MAIL,TYPE_JOB,NUMERO_BUREAU,MOBILE) values ('483','2','222','1','BENLALLI Karima',null,'Agent de production',null,null);
Insert into C_GPI.EFFECTIF (EFF_ID,DR_ID,DEP_ID,TYPE_BUR_ID,NOM_PRENOM,USER_MAIL,TYPE_JOB,NUMERO_BUREAU,MOBILE) values ('484','2','214','1','ADARA Karim','k.adara@laciar.com','Chef de Service Informatique',null,'561604735');
Insert into C_GPI.EFFECTIF (EFF_ID,DR_ID,DEP_ID,TYPE_BUR_ID,NOM_PRENOM,USER_MAIL,TYPE_JOB,NUMERO_BUREAU,MOBILE) values ('485','2','222','1','KEBAB Abdenacer',null,'Charge de Sinistre',null,'555294370');
Insert into C_GPI.EFFECTIF (EFF_ID,DR_ID,DEP_ID,TYPE_BUR_ID,NOM_PRENOM,USER_MAIL,TYPE_JOB,NUMERO_BUREAU,MOBILE) values ('486','2','211','1','SELLAMI Wassila','w.sellami@laciar.com','Comptable',null,null);
Insert into C_GPI.EFFECTIF (EFF_ID,DR_ID,DEP_ID,TYPE_BUR_ID,NOM_PRENOM,USER_MAIL,TYPE_JOB,NUMERO_BUREAU,MOBILE) values ('487','2','222','1','BABAKHALI Reda Mohamed','r.babakhali@laciar.com','Chef d''Agence',null,'561639661');
Insert into C_GPI.EFFECTIF (EFF_ID,DR_ID,DEP_ID,TYPE_BUR_ID,NOM_PRENOM,USER_MAIL,TYPE_JOB,NUMERO_BUREAU,MOBILE) values ('488','2','216','1','ALAM Mohamed','m.alam@laciar.com','Collaborateur Technique',null,'561690988');
Insert into C_GPI.EFFECTIF (EFF_ID,DR_ID,DEP_ID,TYPE_BUR_ID,NOM_PRENOM,USER_MAIL,TYPE_JOB,NUMERO_BUREAU,MOBILE) values ('489','2','213','1','AMARA Hamza',null,'Agent de securite',null,'561675593');
Insert into C_GPI.EFFECTIF (EFF_ID,DR_ID,DEP_ID,TYPE_BUR_ID,NOM_PRENOM,USER_MAIL,TYPE_JOB,NUMERO_BUREAU,MOBILE) values ('490','2','222','1','CHERABTA Soumeya',null,'Agent de production',null,null);
Insert into C_GPI.EFFECTIF (EFF_ID,DR_ID,DEP_ID,TYPE_BUR_ID,NOM_PRENOM,USER_MAIL,TYPE_JOB,NUMERO_BUREAU,MOBILE) values ('491','2','217','1','RACHEF Farida',null,'Collaboratrice technique s',null,null);
Insert into C_GPI.EFFECTIF (EFF_ID,DR_ID,DEP_ID,TYPE_BUR_ID,NOM_PRENOM,USER_MAIL,TYPE_JOB,NUMERO_BUREAU,MOBILE) values ('492','2','218','1','TERFAS Bilal','b.terfas@laciar.com','Contreleur regleur',null,null);
Insert into C_GPI.EFFECTIF (EFF_ID,DR_ID,DEP_ID,TYPE_BUR_ID,NOM_PRENOM,USER_MAIL,TYPE_JOB,NUMERO_BUREAU,MOBILE) values ('493','2','222','1','LOUANES Hanaa',null,'Agent de production',null,null);
Insert into C_GPI.EFFECTIF (EFF_ID,DR_ID,DEP_ID,TYPE_BUR_ID,NOM_PRENOM,USER_MAIL,TYPE_JOB,NUMERO_BUREAU,MOBILE) values ('494','2','213','1','HOCINE Meriem','m.hocine@laciar.com','Secretaire',null,null);
Insert into C_GPI.EFFECTIF (EFF_ID,DR_ID,DEP_ID,TYPE_BUR_ID,NOM_PRENOM,USER_MAIL,TYPE_JOB,NUMERO_BUREAU,MOBILE) values ('495','2','214','1','BADAOUI MERIEM','m.badaoui@laciar.com','Chef de service informatique',null,'561608862');
Insert into C_GPI.EFFECTIF (EFF_ID,DR_ID,DEP_ID,TYPE_BUR_ID,NOM_PRENOM,USER_MAIL,TYPE_JOB,NUMERO_BUREAU,MOBILE) values ('496','2','217','1','ZEGHIMI  Hassiba',null,'Collaboratrice technique s',null,null);
Insert into C_GPI.EFFECTIF (EFF_ID,DR_ID,DEP_ID,TYPE_BUR_ID,NOM_PRENOM,USER_MAIL,TYPE_JOB,NUMERO_BUREAU,MOBILE) values ('497','2','222','1','LALILECHE Asma',null,'Agent de production',null,null);
Insert into C_GPI.EFFECTIF (EFF_ID,DR_ID,DEP_ID,TYPE_BUR_ID,NOM_PRENOM,USER_MAIL,TYPE_JOB,NUMERO_BUREAU,MOBILE) values ('498','2','213','1','BELLATAF Leg''hal',null,'Agent de securite',null,'561657059');
Insert into C_GPI.EFFECTIF (EFF_ID,DR_ID,DEP_ID,TYPE_BUR_ID,NOM_PRENOM,USER_MAIL,TYPE_JOB,NUMERO_BUREAU,MOBILE) values ('499','2','217','1','CHABNI Amel','a.chabni@laciar.com','Collaboratrice technique/Sinistre',null,null);
Insert into C_GPI.EFFECTIF (EFF_ID,DR_ID,DEP_ID,TYPE_BUR_ID,NOM_PRENOM,USER_MAIL,TYPE_JOB,NUMERO_BUREAU,MOBILE) values ('500','2','222','1','BENLEFKI Dalal',null,'Agent de Production',null,null);
Insert into C_GPI.EFFECTIF (EFF_ID,DR_ID,DEP_ID,TYPE_BUR_ID,NOM_PRENOM,USER_MAIL,TYPE_JOB,NUMERO_BUREAU,MOBILE) values ('501','2','213','1','ZENIA Ferroudja',null,'Standardiste',null,null);
Insert into C_GPI.EFFECTIF (EFF_ID,DR_ID,DEP_ID,TYPE_BUR_ID,NOM_PRENOM,USER_MAIL,TYPE_JOB,NUMERO_BUREAU,MOBILE) values ('502','2','214','1','CHABANE Loubna','l.chabane@laciar.com','T.S en informatique',null,'561691785');
Insert into C_GPI.EFFECTIF (EFF_ID,DR_ID,DEP_ID,TYPE_BUR_ID,NOM_PRENOM,USER_MAIL,TYPE_JOB,NUMERO_BUREAU,MOBILE) values ('503','2','222','1','AISSANI Djamel',null,'Chef d''Agence',null,'561604514');
Insert into C_GPI.EFFECTIF (EFF_ID,DR_ID,DEP_ID,TYPE_BUR_ID,NOM_PRENOM,USER_MAIL,TYPE_JOB,NUMERO_BUREAU,MOBILE) values ('504','2','216','1','BOUKHARI Omar',null,'Collaborateur technique',null,'561604533');
Insert into C_GPI.EFFECTIF (EFF_ID,DR_ID,DEP_ID,TYPE_BUR_ID,NOM_PRENOM,USER_MAIL,TYPE_JOB,NUMERO_BUREAU,MOBILE) values ('505','2','216','1','BOUTELDJA Abderrazak',null,'Collaborateur technique',null,'560915771');
Insert into C_GPI.EFFECTIF (EFF_ID,DR_ID,DEP_ID,TYPE_BUR_ID,NOM_PRENOM,USER_MAIL,TYPE_JOB,NUMERO_BUREAU,MOBILE) values ('506','2','213','1','MATAAM Warda',null,'Agent d''entretien',null,null);
Insert into C_GPI.EFFECTIF (EFF_ID,DR_ID,DEP_ID,TYPE_BUR_ID,NOM_PRENOM,USER_MAIL,TYPE_JOB,NUMERO_BUREAU,MOBILE) values ('507','2','215','1','ZEMIRLI El  Mehdi','e.zemirli@laciar.com','Juriste',null,null);
Insert into C_GPI.EFFECTIF (EFF_ID,DR_ID,DEP_ID,TYPE_BUR_ID,NOM_PRENOM,USER_MAIL,TYPE_JOB,NUMERO_BUREAU,MOBILE) values ('508','2','216','1','HAMEDI Ouahiba',null,'Collaboratrice technique',null,'560786827');
Insert into C_GPI.EFFECTIF (EFF_ID,DR_ID,DEP_ID,TYPE_BUR_ID,NOM_PRENOM,USER_MAIL,TYPE_JOB,NUMERO_BUREAU,MOBILE) values ('509','2','215','1','BOURAHLI Kahina','k.bourahli@laciar.com','Juriste',null,'561693362');
Insert into C_GPI.EFFECTIF (EFF_ID,DR_ID,DEP_ID,TYPE_BUR_ID,NOM_PRENOM,USER_MAIL,TYPE_JOB,NUMERO_BUREAU,MOBILE) values ('510','2','217','1','MEDJDEN Mohamed Rachid','mr.medjden@laciar.com','Directeur adjoint',null,null);
Insert into C_GPI.EFFECTIF (EFF_ID,DR_ID,DEP_ID,TYPE_BUR_ID,NOM_PRENOM,USER_MAIL,TYPE_JOB,NUMERO_BUREAU,MOBILE) values ('511','2','222','1','GOURAD Abderrahmane',null,'Agent de production',null,'561623611');
Insert into C_GPI.EFFECTIF (EFF_ID,DR_ID,DEP_ID,TYPE_BUR_ID,NOM_PRENOM,USER_MAIL,TYPE_JOB,NUMERO_BUREAU,MOBILE) values ('512','2','217','1','BELKACEMI Mohamed','m.belkacemi@laciar.com','Chef de departement IARDTA',null,'560882991');
Insert into C_GPI.EFFECTIF (EFF_ID,DR_ID,DEP_ID,TYPE_BUR_ID,NOM_PRENOM,USER_MAIL,TYPE_JOB,NUMERO_BUREAU,MOBILE) values ('513','2','222','1','AKBOUDJ Sylia','s.akboudj@laciar.com','Collaboratrice technique',null,'561646284');
Insert into C_GPI.EFFECTIF (EFF_ID,DR_ID,DEP_ID,TYPE_BUR_ID,NOM_PRENOM,USER_MAIL,TYPE_JOB,NUMERO_BUREAU,MOBILE) values ('514','2','222','1','MOSTEFACHAOUCHE Fazia',null,'Collaboratrice technique',null,null);
Insert into C_GPI.EFFECTIF (EFF_ID,DR_ID,DEP_ID,TYPE_BUR_ID,NOM_PRENOM,USER_MAIL,TYPE_JOB,NUMERO_BUREAU,MOBILE) values ('515','2','222','1','YAICI Bilel',null,'Collaborateur technique',null,null);
Insert into C_GPI.EFFECTIF (EFF_ID,DR_ID,DEP_ID,TYPE_BUR_ID,NOM_PRENOM,USER_MAIL,TYPE_JOB,NUMERO_BUREAU,MOBILE) values ('516','2','222','1','GREBICI Mohamed Reda',null,'Chef d''agence',null,null);
Insert into C_GPI.EFFECTIF (EFF_ID,DR_ID,DEP_ID,TYPE_BUR_ID,NOM_PRENOM,USER_MAIL,TYPE_JOB,NUMERO_BUREAU,MOBILE) values ('517','2','214','1','HENNI Houari','h.henni@laciar.com','Correspondant informatique',null,'561883352');
Insert into C_GPI.EFFECTIF (EFF_ID,DR_ID,DEP_ID,TYPE_BUR_ID,NOM_PRENOM,USER_MAIL,TYPE_JOB,NUMERO_BUREAU,MOBILE) values ('518','2','222','1','KARI Faycal',null,'Chef d''Agence',null,null);
Insert into C_GPI.EFFECTIF (EFF_ID,DR_ID,DEP_ID,TYPE_BUR_ID,NOM_PRENOM,USER_MAIL,TYPE_JOB,NUMERO_BUREAU,MOBILE) values ('519','2','222','1','BENZIANI Imane',null,'Chef d''Agence',null,null);
Insert into C_GPI.EFFECTIF (EFF_ID,DR_ID,DEP_ID,TYPE_BUR_ID,NOM_PRENOM,USER_MAIL,TYPE_JOB,NUMERO_BUREAU,MOBILE) values ('520','2','211','1','BENZIANI Imane',null,'Comptable',null,'561639118');
Insert into C_GPI.EFFECTIF (EFF_ID,DR_ID,DEP_ID,TYPE_BUR_ID,NOM_PRENOM,USER_MAIL,TYPE_JOB,NUMERO_BUREAU,MOBILE) values ('521','2','222','1','ALLALI Celine',null,'Charge de Sinistre',null,'561890359');
Insert into C_GPI.EFFECTIF (EFF_ID,DR_ID,DEP_ID,TYPE_BUR_ID,NOM_PRENOM,USER_MAIL,TYPE_JOB,NUMERO_BUREAU,MOBILE) values ('522','2','222','1','BEN DAHMANE Abderrahmane',null,'Chef d''Agence',null,null);
Insert into C_GPI.EFFECTIF (EFF_ID,DR_ID,DEP_ID,TYPE_BUR_ID,NOM_PRENOM,USER_MAIL,TYPE_JOB,NUMERO_BUREAU,MOBILE) values ('523','2','213','1','BENSALEM Imad Eddine',null,'Cadre Technique',null,'561663653');
Insert into C_GPI.EFFECTIF (EFF_ID,DR_ID,DEP_ID,TYPE_BUR_ID,NOM_PRENOM,USER_MAIL,TYPE_JOB,NUMERO_BUREAU,MOBILE) values ('524','2','215','1','BELFARD Asma Hind',null,'Juriste',null,null);
Insert into C_GPI.EFFECTIF (EFF_ID,DR_ID,DEP_ID,TYPE_BUR_ID,NOM_PRENOM,USER_MAIL,TYPE_JOB,NUMERO_BUREAU,MOBILE) values ('525','2','217','1','RAHALI Abdelkrim',null,'Charge de Sinistre',null,null);
Insert into C_GPI.EFFECTIF (EFF_ID,DR_ID,DEP_ID,TYPE_BUR_ID,NOM_PRENOM,USER_MAIL,TYPE_JOB,NUMERO_BUREAU,MOBILE) values ('526','2','211','1','KHELIFA Nissa','n.khelifa@laciar.com','Chef de Departement Finances et Comptabilite',null,null);
Insert into C_GPI.EFFECTIF (EFF_ID,DR_ID,DEP_ID,TYPE_BUR_ID,NOM_PRENOM,USER_MAIL,TYPE_JOB,NUMERO_BUREAU,MOBILE) values ('527','2','212','1','ALLILAT Abdelkrim','a.allilat@laciar.com','Directeur Regional',null,null);
Insert into C_GPI.EFFECTIF (EFF_ID,DR_ID,DEP_ID,TYPE_BUR_ID,NOM_PRENOM,USER_MAIL,TYPE_JOB,NUMERO_BUREAU,MOBILE) values ('528','2','211','1','ARAB Mohamed Billal','mb.arab@laciar.com','Aide Agent economat',null,null);
Insert into C_GPI.EFFECTIF (EFF_ID,DR_ID,DEP_ID,TYPE_BUR_ID,NOM_PRENOM,USER_MAIL,TYPE_JOB,NUMERO_BUREAU,MOBILE) values ('529','2','222','1','BOUDJATIT Abdenaim',null,'Collaborateur Technique',null,null);
Insert into C_GPI.EFFECTIF (EFF_ID,DR_ID,DEP_ID,TYPE_BUR_ID,NOM_PRENOM,USER_MAIL,TYPE_JOB,NUMERO_BUREAU,MOBILE) values ('530','2','222','1','MAZARI Wissam',null,'Collaboratrice Technique',null,null);
Insert into C_GPI.EFFECTIF (EFF_ID,DR_ID,DEP_ID,TYPE_BUR_ID,NOM_PRENOM,USER_MAIL,TYPE_JOB,NUMERO_BUREAU,MOBILE) values ('531','2','222','1','MOKRANI Achour Ayoub',null,'Chef d''Agence',null,null);
Insert into C_GPI.EFFECTIF (EFF_ID,DR_ID,DEP_ID,TYPE_BUR_ID,NOM_PRENOM,USER_MAIL,TYPE_JOB,NUMERO_BUREAU,MOBILE) values ('532','2','217','1','BRAHIMALI Hmida','h.brahimali@laciar.com','Charge de la Gestion E-Recours',null,null);
Insert into C_GPI.EFFECTIF (EFF_ID,DR_ID,DEP_ID,TYPE_BUR_ID,NOM_PRENOM,USER_MAIL,TYPE_JOB,NUMERO_BUREAU,MOBILE) values ('188','7','4','1','OUADIA AMINE','A.ouadia@laciar.com','Chef Departement Informatique','Departement Informatique','0561604558');
Insert into C_GPI.EFFECTIF (EFF_ID,DR_ID,DEP_ID,TYPE_BUR_ID,NOM_PRENOM,USER_MAIL,TYPE_JOB,NUMERO_BUREAU,MOBILE) values ('192','7','148','1','SEDDIK ZAHRA','Z.seddik@laciar.com','Chef Departement Production','Departement Production','0561657052');
Insert into C_GPI.EFFECTIF (EFF_ID,DR_ID,DEP_ID,TYPE_BUR_ID,NOM_PRENOM,USER_MAIL,TYPE_JOB,NUMERO_BUREAU,MOBILE) values ('190','7','146','1','MEKIDECHE MOKHTAR','M.mekideche@laciar.com','Directeur Regional','Bureau directeur','0560458994');
Insert into C_GPI.EFFECTIF (EFF_ID,DR_ID,DEP_ID,TYPE_BUR_ID,NOM_PRENOM,USER_MAIL,TYPE_JOB,NUMERO_BUREAU,MOBILE) values ('191','7','146','1','YAHIAOUI MESSOUADA','M.yahyaoui@laciar.com','Directrice Adjointe','Bureau Directrice Adjointe','0561604570');
Insert into C_GPI.EFFECTIF (EFF_ID,DR_ID,DEP_ID,TYPE_BUR_ID,NOM_PRENOM,USER_MAIL,TYPE_JOB,NUMERO_BUREAU,MOBILE) values ('193','3','148','1','ziraoui amina','a.ziraoui@laciar.com','chef service production','145211','0560951378');
Insert into C_GPI.EFFECTIF (EFF_ID,DR_ID,DEP_ID,TYPE_BUR_ID,NOM_PRENOM,USER_MAIL,TYPE_JOB,NUMERO_BUREAU,MOBILE) values ('194','6','146','1','MESSAI Mohamed','m.messai@laciar.com','Responsable Moyen Generaux','004','0560941724');
Insert into C_GPI.EFFECTIF (EFF_ID,DR_ID,DEP_ID,TYPE_BUR_ID,NOM_PRENOM,USER_MAIL,TYPE_JOB,NUMERO_BUREAU,MOBILE) values ('195','7','148','1','TIGLAOUI RAMADHANE','R.tiglaoui@laciar.com','Collaborateur Technique','Departement Production','0561634148');
Insert into C_GPI.EFFECTIF (EFF_ID,DR_ID,DEP_ID,TYPE_BUR_ID,NOM_PRENOM,USER_MAIL,TYPE_JOB,NUMERO_BUREAU,MOBILE) values ('196','3','148','1','DELABECHE AMINA','a.delabeche@laciar.com','COLLABORATRICE PRODUCTION','142','0561644843');
Insert into C_GPI.EFFECTIF (EFF_ID,DR_ID,DEP_ID,TYPE_BUR_ID,NOM_PRENOM,USER_MAIL,TYPE_JOB,NUMERO_BUREAU,MOBILE) values ('197','6','142','1','OUADAH Semcheddine','s.ouadah@laciar.com','Chef de Departement Comptablite , Finance et Administration','004','0560941723');
Insert into C_GPI.EFFECTIF (EFF_ID,DR_ID,DEP_ID,TYPE_BUR_ID,NOM_PRENOM,USER_MAIL,TYPE_JOB,NUMERO_BUREAU,MOBILE) values ('198','7','148','1','HAMIDI FELLA','F.hamidi@laciar.com','Collaborateur Technique','Departement Production','0561657053');
Insert into C_GPI.EFFECTIF (EFF_ID,DR_ID,DEP_ID,TYPE_BUR_ID,NOM_PRENOM,USER_MAIL,TYPE_JOB,NUMERO_BUREAU,MOBILE) values ('199','7','148','1','DRIOUCHE AMINA','A.driouche@laciar.com','Collaborateur Technique','Departement Production','0561603584');
Insert into C_GPI.EFFECTIF (EFF_ID,DR_ID,DEP_ID,TYPE_BUR_ID,NOM_PRENOM,USER_MAIL,TYPE_JOB,NUMERO_BUREAU,MOBILE) values ('200','6','143','1','AKIL Amira','a.akil@laciar.com','Collaboratrice Technique','003','0560743711');
Insert into C_GPI.EFFECTIF (EFF_ID,DR_ID,DEP_ID,TYPE_BUR_ID,NOM_PRENOM,USER_MAIL,TYPE_JOB,NUMERO_BUREAU,MOBILE) values ('201','3','146','1','Sabrina DADCI','s.dadci@laciar.com','Assistante de Direction','2','0560 61 97 12');
Insert into C_GPI.EFFECTIF (EFF_ID,DR_ID,DEP_ID,TYPE_BUR_ID,NOM_PRENOM,USER_MAIL,TYPE_JOB,NUMERO_BUREAU,MOBILE) values ('202','3','146','1','BENNACER Abdelkader','abd.bennacer@laciar.com','Directeur Regional Est Annaba','1','0560 51 17 65');
Insert into C_GPI.EFFECTIF (EFF_ID,DR_ID,DEP_ID,TYPE_BUR_ID,NOM_PRENOM,USER_MAIL,TYPE_JOB,NUMERO_BUREAU,MOBILE) values ('203','6','148','1','LAHMAR Hichem','h.lahmar@laciar.com','Directeur Regionale P/I
Chef de departement Production','006','0560941711');
Insert into C_GPI.EFFECTIF (EFF_ID,DR_ID,DEP_ID,TYPE_BUR_ID,NOM_PRENOM,USER_MAIL,TYPE_JOB,NUMERO_BUREAU,MOBILE) values ('204','3','143','1','benteboula djenette','d.benteboula@laciar.com','Collaboratrice technique sinistre','04','0561 603 583');
Insert into C_GPI.EFFECTIF (EFF_ID,DR_ID,DEP_ID,TYPE_BUR_ID,NOM_PRENOM,USER_MAIL,TYPE_JOB,NUMERO_BUREAU,MOBILE) values ('205','6','143','1','BALLA Sihem','s.bella@laciar.com','Collaboratrice Technique','003','0561604640');
Insert into C_GPI.EFFECTIF (EFF_ID,DR_ID,DEP_ID,TYPE_BUR_ID,NOM_PRENOM,USER_MAIL,TYPE_JOB,NUMERO_BUREAU,MOBILE) values ('206','7','143','1','BELKHIR SAID','S.belkhir@laciar.com','Collaborateur Technique','Departement sinistre','0561690239');
Insert into C_GPI.EFFECTIF (EFF_ID,DR_ID,DEP_ID,TYPE_BUR_ID,NOM_PRENOM,USER_MAIL,TYPE_JOB,NUMERO_BUREAU,MOBILE) values ('207','3','148','1','REFES Khouloud','k.refes@laciar.com','CADRE Technique','452','0561614130');
Insert into C_GPI.EFFECTIF (EFF_ID,DR_ID,DEP_ID,TYPE_BUR_ID,NOM_PRENOM,USER_MAIL,TYPE_JOB,NUMERO_BUREAU,MOBILE) values ('208','6','148','1','BENYAHIA Houda','h.benyahia@laciar.com','Collaboratrice Technique','005','0561876576');
Insert into C_GPI.EFFECTIF (EFF_ID,DR_ID,DEP_ID,TYPE_BUR_ID,NOM_PRENOM,USER_MAIL,TYPE_JOB,NUMERO_BUREAU,MOBILE) values ('209','3','142','1','TARFAYA Abderrezak','a.tarfaya@laciar.com','Agent Administratif','03','0561 603 571');
Insert into C_GPI.EFFECTIF (EFF_ID,DR_ID,DEP_ID,TYPE_BUR_ID,NOM_PRENOM,USER_MAIL,TYPE_JOB,NUMERO_BUREAU,MOBILE) values ('210','3','148','1','SIOUANE Mohieddine','m.siouane@laciar.com','chef de dpt_production','5632','0561 69 33 54');
Insert into C_GPI.EFFECTIF (EFF_ID,DR_ID,DEP_ID,TYPE_BUR_ID,NOM_PRENOM,USER_MAIL,TYPE_JOB,NUMERO_BUREAU,MOBILE) values ('211','6','148','1','SEBIA Sofia','s.sebia@laciar.com','Collaboratrice Technique','005','0560941713');
Insert into C_GPI.EFFECTIF (EFF_ID,DR_ID,DEP_ID,TYPE_BUR_ID,NOM_PRENOM,USER_MAIL,TYPE_JOB,NUMERO_BUREAU,MOBILE) values ('212','7','143','1','HATTAB DJALLAL','D.hattab@laciar.com','Collaborateur Technique','Departement Sinistre','0561690239');
Insert into C_GPI.EFFECTIF (EFF_ID,DR_ID,DEP_ID,TYPE_BUR_ID,NOM_PRENOM,USER_MAIL,TYPE_JOB,NUMERO_BUREAU,MOBILE) values ('213','3','141','1','Hamdane DEHIMI','h.dehimi@laciar.com','Inspecteur technique','4587','0560951377');
Insert into C_GPI.EFFECTIF (EFF_ID,DR_ID,DEP_ID,TYPE_BUR_ID,NOM_PRENOM,USER_MAIL,TYPE_JOB,NUMERO_BUREAU,MOBILE) values ('214','6','140','1','BENSALEM Amina','a.bensalem@laciar.com','Chef de Departement Commercials et Reseaux','009','0561607938');
Insert into C_GPI.EFFECTIF (EFF_ID,DR_ID,DEP_ID,TYPE_BUR_ID,NOM_PRENOM,USER_MAIL,TYPE_JOB,NUMERO_BUREAU,MOBILE) values ('215','7','143','1','REGUIEG MOHAMED TOUFIK','M.reguieg@laciar.com','Collaborateur Technique','Departement sinistre','0561715680');
Insert into C_GPI.EFFECTIF (EFF_ID,DR_ID,DEP_ID,TYPE_BUR_ID,NOM_PRENOM,USER_MAIL,TYPE_JOB,NUMERO_BUREAU,MOBILE) values ('216','6','146','1','BOURZAMI Amira','a.bourzami@laciar.com','Standartiste','010','0561824589');
Insert into C_GPI.EFFECTIF (EFF_ID,DR_ID,DEP_ID,TYPE_BUR_ID,NOM_PRENOM,USER_MAIL,TYPE_JOB,NUMERO_BUREAU,MOBILE) values ('217','7','143','1','DHOBB LYNDA','L.dhobb@laciar.com','Collaborateur Technique','Departement Production','0561690804');
Insert into C_GPI.EFFECTIF (EFF_ID,DR_ID,DEP_ID,TYPE_BUR_ID,NOM_PRENOM,USER_MAIL,TYPE_JOB,NUMERO_BUREAU,MOBILE) values ('218','3','143','1','baggat imane','i.beggat@laciar.com','chef de service corporel','03','0561793*925');
Insert into C_GPI.EFFECTIF (EFF_ID,DR_ID,DEP_ID,TYPE_BUR_ID,NOM_PRENOM,USER_MAIL,TYPE_JOB,NUMERO_BUREAU,MOBILE) values ('219','3','141','1','TOUCHAL Chaima','c.touchal@laciar.com','Inspectrice Regionale','754','0560217602');
Insert into C_GPI.EFFECTIF (EFF_ID,DR_ID,DEP_ID,TYPE_BUR_ID,NOM_PRENOM,USER_MAIL,TYPE_JOB,NUMERO_BUREAU,MOBILE) values ('220','7','143','1','BEKHTI MOHAMED GHALI','M.bekhti@laciar.com','Agen Sinistre Materiel','Departement Sinistre','0561876595');
Insert into C_GPI.EFFECTIF (EFF_ID,DR_ID,DEP_ID,TYPE_BUR_ID,NOM_PRENOM,USER_MAIL,TYPE_JOB,NUMERO_BUREAU,MOBILE) values ('221','3','143','1','Abir KAHOUL','a.abir@laciar.com','collaboratrice technique','02','0561664133');
Insert into C_GPI.EFFECTIF (EFF_ID,DR_ID,DEP_ID,TYPE_BUR_ID,NOM_PRENOM,USER_MAIL,TYPE_JOB,NUMERO_BUREAU,MOBILE) values ('222','7','3','1','BOUDAOUDI RAHMA','R.boudaoudi@laciar.com','juriste','Bureau juriste','0561682407');
Insert into C_GPI.EFFECTIF (EFF_ID,DR_ID,DEP_ID,TYPE_BUR_ID,NOM_PRENOM,USER_MAIL,TYPE_JOB,NUMERO_BUREAU,MOBILE) values ('223','6','146','101','MAKHLOUFI Mohamed','m.makhloufi@laciar.com','Chef de service moyens generaux','007','0561628213');
Insert into C_GPI.EFFECTIF (EFF_ID,DR_ID,DEP_ID,TYPE_BUR_ID,NOM_PRENOM,USER_MAIL,TYPE_JOB,NUMERO_BUREAU,MOBILE) values ('224','3','143','1','DJEBBARI Mehdi','m.djebbari@laciar.com','Chef De Departement Sinistres','01','0561 691 965');
Insert into C_GPI.EFFECTIF (EFF_ID,DR_ID,DEP_ID,TYPE_BUR_ID,NOM_PRENOM,USER_MAIL,TYPE_JOB,NUMERO_BUREAU,MOBILE) values ('225','7','8','1','SAKKI HENIA','H.sakki@laciar.com','Chargee Du commercial et Du Reseau','Bureau Commercial','0560882773');
Insert into C_GPI.EFFECTIF (EFF_ID,DR_ID,DEP_ID,TYPE_BUR_ID,NOM_PRENOM,USER_MAIL,TYPE_JOB,NUMERO_BUREAU,MOBILE) values ('226','7','142','1','DOUIDENE TAHAR','T.douidene@laciar.com','Agent Economat','Bureau Moyen Generaux','0561604706');
Insert into C_GPI.EFFECTIF (EFF_ID,DR_ID,DEP_ID,TYPE_BUR_ID,NOM_PRENOM,USER_MAIL,TYPE_JOB,NUMERO_BUREAU,MOBILE) values ('227','7','6','1','BOUKHORS FATIMA','F.boukhors@laciar.com','Comptable','Bureau de comptabilite','0561690240');
Insert into C_GPI.EFFECTIF (EFF_ID,DR_ID,DEP_ID,TYPE_BUR_ID,NOM_PRENOM,USER_MAIL,TYPE_JOB,NUMERO_BUREAU,MOBILE) values ('228','7','6','1','ISHAK MOHAMED AMINE','M.ishak@laciar.com','Comptable','Bureau De Comptabilite','0561693488');
Insert into C_GPI.EFFECTIF (EFF_ID,DR_ID,DEP_ID,TYPE_BUR_ID,NOM_PRENOM,USER_MAIL,TYPE_JOB,NUMERO_BUREAU,MOBILE) values ('229','7','6','1','GUEDDOUH OUSSAMA','O.gueddouh@laciar.com','Aide Comptable','Bureau de comptabilite','0561644441');
Insert into C_GPI.EFFECTIF (EFF_ID,DR_ID,DEP_ID,TYPE_BUR_ID,NOM_PRENOM,USER_MAIL,TYPE_JOB,NUMERO_BUREAU,MOBILE) values ('230','6','143','1','HAMZIOUI Mounir','m.hamzioui@laciar.com','Chef de deprtement sinistre','002','0561604630');
Insert into C_GPI.EFFECTIF (EFF_ID,DR_ID,DEP_ID,TYPE_BUR_ID,NOM_PRENOM,USER_MAIL,TYPE_JOB,NUMERO_BUREAU,MOBILE) values ('231','7','149','1','LACHIB ADEL','A.lachib@laciar.com','Chef Departement Ressource Humaine','Bureau Administration','0560139816');
Insert into C_GPI.EFFECTIF (EFF_ID,DR_ID,DEP_ID,TYPE_BUR_ID,NOM_PRENOM,USER_MAIL,TYPE_JOB,NUMERO_BUREAU,MOBILE) values ('232','6','141','101','CHIKHI Hamza','h.chikhi@laciar.com','Inspecteur Regionale','007','0561604638');
Insert into C_GPI.EFFECTIF (EFF_ID,DR_ID,DEP_ID,TYPE_BUR_ID,NOM_PRENOM,USER_MAIL,TYPE_JOB,NUMERO_BUREAU,MOBILE) values ('233','6','141','101','RAHBI Bouzid','b.rahbi@laciar.com','Inspecteur Regionale','007','0561604698');
Insert into C_GPI.EFFECTIF (EFF_ID,DR_ID,DEP_ID,TYPE_BUR_ID,NOM_PRENOM,USER_MAIL,TYPE_JOB,NUMERO_BUREAU,MOBILE) values ('234','6','141','101','DOUDOU Sami','s.doudou@laciar.com','Inspecteur Technique','007','0560941726');
Insert into C_GPI.EFFECTIF (EFF_ID,DR_ID,DEP_ID,TYPE_BUR_ID,NOM_PRENOM,USER_MAIL,TYPE_JOB,NUMERO_BUREAU,MOBILE) values ('235','6','3','1','AMRANI Ouahiba','o.amrani@laciar.com','Chef de Departement Juridique','013','0560941712');
Insert into C_GPI.EFFECTIF (EFF_ID,DR_ID,DEP_ID,TYPE_BUR_ID,NOM_PRENOM,USER_MAIL,TYPE_JOB,NUMERO_BUREAU,MOBILE) values ('236','1','2','1','TAIBI ABDELGHANI','a.taibi@laciar.com','magasinier','34','0561604674');
Insert into C_GPI.EFFECTIF (EFF_ID,DR_ID,DEP_ID,TYPE_BUR_ID,NOM_PRENOM,USER_MAIL,TYPE_JOB,NUMERO_BUREAU,MOBILE) values ('237','7','149','3','MESSAOUDI MOHAMED',null,'Agent de securite',null,'0561657054');
Insert into C_GPI.EFFECTIF (EFF_ID,DR_ID,DEP_ID,TYPE_BUR_ID,NOM_PRENOM,USER_MAIL,TYPE_JOB,NUMERO_BUREAU,MOBILE) values ('238','7','149','3','MESSAOUDI KHALED',null,'Agent de securite',null,'0561690806');
Insert into C_GPI.EFFECTIF (EFF_ID,DR_ID,DEP_ID,TYPE_BUR_ID,NOM_PRENOM,USER_MAIL,TYPE_JOB,NUMERO_BUREAU,MOBILE) values ('239','7','149','3','SAHRAOUI YACINE',null,'Agent de securite',null,'0561660123');
Insert into C_GPI.EFFECTIF (EFF_ID,DR_ID,DEP_ID,TYPE_BUR_ID,NOM_PRENOM,USER_MAIL,TYPE_JOB,NUMERO_BUREAU,MOBILE) values ('240','7','149','3','ZEROUKI NOUR',null,'Agent de securite',null,'0561690242');
Insert into C_GPI.EFFECTIF (EFF_ID,DR_ID,DEP_ID,TYPE_BUR_ID,NOM_PRENOM,USER_MAIL,TYPE_JOB,NUMERO_BUREAU,MOBILE) values ('241','7','149','3','ZATOUT BRAHIM',null,'Chauffeur',null,'0561690241');
Insert into C_GPI.EFFECTIF (EFF_ID,DR_ID,DEP_ID,TYPE_BUR_ID,NOM_PRENOM,USER_MAIL,TYPE_JOB,NUMERO_BUREAU,MOBILE) values ('242','7','149','103','IGOUFRITINE KARIM',null,'Agent de securite',null,'0560898595');
Insert into C_GPI.EFFECTIF (EFF_ID,DR_ID,DEP_ID,TYPE_BUR_ID,NOM_PRENOM,USER_MAIL,TYPE_JOB,NUMERO_BUREAU,MOBILE) values ('243','7','149','1','HANICHED RAZIKA',null,'Operatrice telephonique','Departement Informatique','0561604470');
Insert into C_GPI.EFFECTIF (EFF_ID,DR_ID,DEP_ID,TYPE_BUR_ID,NOM_PRENOM,USER_MAIL,TYPE_JOB,NUMERO_BUREAU,MOBILE) values ('244','7','143','1','BRAHIMALI YAHIA','Y.brahimali@laciar.com','Contreleur regleur','Departement Sinistre','0561603024');
Insert into C_GPI.EFFECTIF (EFF_ID,DR_ID,DEP_ID,TYPE_BUR_ID,NOM_PRENOM,USER_MAIL,TYPE_JOB,NUMERO_BUREAU,MOBILE) values ('245','7','143','1','BRAHIMALI ZAKARIA','Z.brahimali@laciar.com','Contreleur regleur','Departement Sinistre','0561604549');
Insert into C_GPI.EFFECTIF (EFF_ID,DR_ID,DEP_ID,TYPE_BUR_ID,NOM_PRENOM,USER_MAIL,TYPE_JOB,NUMERO_BUREAU,MOBILE) values ('246','7','149','3','LOUENES SEDDIK',null,'Agent De Securite',null,'0560213453');
Insert into C_GPI.EFFECTIF (EFF_ID,DR_ID,DEP_ID,TYPE_BUR_ID,NOM_PRENOM,USER_MAIL,TYPE_JOB,NUMERO_BUREAU,MOBILE) values ('247','7','149','3','OUZANE SAIDA',null,'Agent D''entretien',null,null);
Insert into C_GPI.EFFECTIF (EFF_ID,DR_ID,DEP_ID,TYPE_BUR_ID,NOM_PRENOM,USER_MAIL,TYPE_JOB,NUMERO_BUREAU,MOBILE) values ('248','7','149','3','BOUSSAHLA SAIDA',null,'Agent D''entretien',null,null);
Insert into C_GPI.EFFECTIF (EFF_ID,DR_ID,DEP_ID,TYPE_BUR_ID,NOM_PRENOM,USER_MAIL,TYPE_JOB,NUMERO_BUREAU,MOBILE) values ('249','7','149','3','lAMECHE SIDAHMED',null,'Agent De Securite','Residence Cite Ahmed Chaou Blida.','0561604577');
REM INSERTING into C_GPI.ETAT_MATERIEL
SET DEFINE OFF;
Insert into C_GPI.ETAT_MATERIEL (ETAT_MAT_ID,ETAT_MATERIEL) values ('1','BON ETAT');
Insert into C_GPI.ETAT_MATERIEL (ETAT_MAT_ID,ETAT_MATERIEL) values ('3','MISE EN REFORME');
Insert into C_GPI.ETAT_MATERIEL (ETAT_MAT_ID,ETAT_MATERIEL) values ('4','MOYEN');
Insert into C_GPI.ETAT_MATERIEL (ETAT_MAT_ID,ETAT_MATERIEL) values ('2','EN MAINTENANCE');
REM INSERTING into C_GPI.FOURNISSEURS
SET DEFINE OFF;
Insert into C_GPI.FOURNISSEURS (FOURN_ID,NOM_ENTREPRISE,MAIL,TELEPHONE,ADRESSE) values ('1','INFORMACOM','it-adel@informacom.net','0540632641','ALGER');
Insert into C_GPI.FOURNISSEURS (FOURN_ID,NOM_ENTREPRISE,MAIL,TELEPHONE,ADRESSE) values ('2','CONTROL_IT','controlit.dz@gmail.com','ZOHIR: 0661508605 / AMIR: 0552064213','02A_Cite_des_PTT_Hydra_ALGER');
Insert into C_GPI.FOURNISSEURS (FOURN_ID,NOM_ENTREPRISE,MAIL,TELEPHONE,ADRESSE) values ('3','NEW_IDEA_COMPANY','newmedia@gmail.com','0560156929','ALGER');
Insert into C_GPI.FOURNISSEURS (FOURN_ID,NOM_ENTREPRISE,MAIL,TELEPHONE,ADRESSE) values ('4','B_LINK','bouguida@gmail.com',null,'ALGER');
Insert into C_GPI.FOURNISSEURS (FOURN_ID,NOM_ENTREPRISE,MAIL,TELEPHONE,ADRESSE) values ('5','WHITE_LINE',null,null,'51 BOULVARD OMAR IDRISS FAYSEL-AIN BENIEN');
Insert into C_GPI.FOURNISSEURS (FOURN_ID,NOM_ENTREPRISE,MAIL,TELEPHONE,ADRESSE) values ('6','ALGERIE_TELECOM',null,null,'RN Ne 05 CINQ MAISON- MOHAMADIA-ALGER');
Insert into C_GPI.FOURNISSEURS (FOURN_ID,NOM_ENTREPRISE,MAIL,TELEPHONE,ADRESSE) values ('7','RTI_ALGERIE',null,null,'RUE SEMMAR LOT 03 BIR KHADEM');
Insert into C_GPI.FOURNISSEURS (FOURN_ID,NOM_ENTREPRISE,MAIL,TELEPHONE,ADRESSE) values ('8','ICOSNET',null,null,'Lot Ne 01 AMARA II ROUTE DE OULED FAYET');
Insert into C_GPI.FOURNISSEURS (FOURN_ID,NOM_ENTREPRISE,MAIL,TELEPHONE,ADRESSE) values ('9','SOLTIC',null,null,'ALGER');
Insert into C_GPI.FOURNISSEURS (FOURN_ID,NOM_ENTREPRISE,MAIL,TELEPHONE,ADRESSE) values ('10','DZ-ADOBE-PARTNER',null,null,'ALGER');
Insert into C_GPI.FOURNISSEURS (FOURN_ID,NOM_ENTREPRISE,MAIL,TELEPHONE,ADRESSE) values ('140','Autre',null,null,null);
REM INSERTING into C_GPI.GPI_USERS
SET DEFINE OFF;
Insert into C_GPI.GPI_USERS (USER_ID,DR_ID,USERS_GPI,ROLE_USERS_GPI) values ('10','1','A.BEDRI','Administrator');
Insert into C_GPI.GPI_USERS (USER_ID,DR_ID,USERS_GPI,ROLE_USERS_GPI) values ('11','1','ADMIN','Administrator');
Insert into C_GPI.GPI_USERS (USER_ID,DR_ID,USERS_GPI,ROLE_USERS_GPI) values ('12','1','ADMIN_SIEGE','Administrator');
Insert into C_GPI.GPI_USERS (USER_ID,DR_ID,USERS_GPI,ROLE_USERS_GPI) values ('13','2','ADMIN_ALGER','ADMIN_DR');
Insert into C_GPI.GPI_USERS (USER_ID,DR_ID,USERS_GPI,ROLE_USERS_GPI) values ('14','3','ADMIN_ANNABA','ADMIN_DR');
Insert into C_GPI.GPI_USERS (USER_ID,DR_ID,USERS_GPI,ROLE_USERS_GPI) values ('15','4','ADMIN_ORAN','ADMIN_DR');
Insert into C_GPI.GPI_USERS (USER_ID,DR_ID,USERS_GPI,ROLE_USERS_GPI) values ('16','5','ADMIN_GHARDAIA','ADMIN_DR');
Insert into C_GPI.GPI_USERS (USER_ID,DR_ID,USERS_GPI,ROLE_USERS_GPI) values ('17','6','ADMIN_SETIF','ADMIN_DR');
Insert into C_GPI.GPI_USERS (USER_ID,DR_ID,USERS_GPI,ROLE_USERS_GPI) values ('18','7','ADMIN_BLIDA','ADMIN_DR');
Insert into C_GPI.GPI_USERS (USER_ID,DR_ID,USERS_GPI,ROLE_USERS_GPI) values ('19','8','ADMIN_DELIBRAHIM','ADMIN_DR');
Insert into C_GPI.GPI_USERS (USER_ID,DR_ID,USERS_GPI,ROLE_USERS_GPI) values ('20','1','REFCIAR','Reader');
Insert into C_GPI.GPI_USERS (USER_ID,DR_ID,USERS_GPI,ROLE_USERS_GPI) values ('32','2','TEST10','ADMIN_DR');
Insert into C_GPI.GPI_USERS (USER_ID,DR_ID,USERS_GPI,ROLE_USERS_GPI) values ('34','4','TEST30','ADMIN_DR');
Insert into C_GPI.GPI_USERS (USER_ID,DR_ID,USERS_GPI,ROLE_USERS_GPI) values ('33','3','TEST20','ADMIN_DR');
Insert into C_GPI.GPI_USERS (USER_ID,DR_ID,USERS_GPI,ROLE_USERS_GPI) values ('35','5','TEST40','ADMIN_DR');
Insert into C_GPI.GPI_USERS (USER_ID,DR_ID,USERS_GPI,ROLE_USERS_GPI) values ('36','6','TEST50','ADMIN_DR');
Insert into C_GPI.GPI_USERS (USER_ID,DR_ID,USERS_GPI,ROLE_USERS_GPI) values ('37','7','TEST60','ADMIN_DR');
Insert into C_GPI.GPI_USERS (USER_ID,DR_ID,USERS_GPI,ROLE_USERS_GPI) values ('38','8','TEST80','ADMIN_DR');
REM INSERTING into C_GPI.LOGICIELS
SET DEFINE OFF;
Insert into C_GPI.LOGICIELS (LOG_ID,FOURN_ID,NOM_LOGICIEL,DATE_ACTIVATION,DATE_EXPIRATION,COUT_LOGICIEL_DA) values ('1','2','WINDOWS10_PRO',null,null,null);
Insert into C_GPI.LOGICIELS (LOG_ID,FOURN_ID,NOM_LOGICIEL,DATE_ACTIVATION,DATE_EXPIRATION,COUT_LOGICIEL_DA) values ('2','2','Office365',null,null,null);
Insert into C_GPI.LOGICIELS (LOG_ID,FOURN_ID,NOM_LOGICIEL,DATE_ACTIVATION,DATE_EXPIRATION,COUT_LOGICIEL_DA) values ('3','9','Antivirus Symantec',null,null,null);
Insert into C_GPI.LOGICIELS (LOG_ID,FOURN_ID,NOM_LOGICIEL,DATE_ACTIVATION,DATE_EXPIRATION,COUT_LOGICIEL_DA) values ('4','10','ADOBE PRO (01 Licence pour 01 poste seulement )',to_date('01/12/23','DD/MM/RR'),to_date('01/12/24','DD/MM/RR'),null);
REM INSERTING into C_GPI.MATERIEL
SET DEFINE OFF;
Insert into C_GPI.MATERIEL (MAT_ID,FOURN_ID,ETAT_MAT_ID,EFF_ID,DR_ID,DEP_ID,TYPE_BUR_ID,TYPE_MATERIEL,MARQUE,MODEL_REFERENCE,NUM_INVENTAIRE,REF_TAG,MAT_NUM_BUR,DATE_ACHAT_MAT,COUT_MATERIEL_DA,OBSERVATIONS) values ('1','2','1','1','1','167','1','LAPTOP','DELL','DELL LATITUDE 5420 (i5)','013475','FXW46J3','08',to_date('02/01/22','DD/MM/RR'),null,null);
Insert into C_GPI.MATERIEL (MAT_ID,FOURN_ID,ETAT_MAT_ID,EFF_ID,DR_ID,DEP_ID,TYPE_BUR_ID,TYPE_MATERIEL,MARQUE,MODEL_REFERENCE,NUM_INVENTAIRE,REF_TAG,MAT_NUM_BUR,DATE_ACHAT_MAT,COUT_MATERIEL_DA,OBSERVATIONS) values ('2','2','1','2','1','167','1','LAPTOP','DELL','DELL LATITUDE 5420 (i5)','013587','JFB46J3','08',to_date('01/01/22','DD/MM/RR'),null,null);
Insert into C_GPI.MATERIEL (MAT_ID,FOURN_ID,ETAT_MAT_ID,EFF_ID,DR_ID,DEP_ID,TYPE_BUR_ID,TYPE_MATERIEL,MARQUE,MODEL_REFERENCE,NUM_INVENTAIRE,REF_TAG,MAT_NUM_BUR,DATE_ACHAT_MAT,COUT_MATERIEL_DA,OBSERVATIONS) values ('3','2','1','3','1','167','1','LAPTOP','DELL','DELL LATITUDE 5420 (i5)','013474','57C66J3','08',to_date('01/01/22','DD/MM/RR'),null,null);
Insert into C_GPI.MATERIEL (MAT_ID,FOURN_ID,ETAT_MAT_ID,EFF_ID,DR_ID,DEP_ID,TYPE_BUR_ID,TYPE_MATERIEL,MARQUE,MODEL_REFERENCE,NUM_INVENTAIRE,REF_TAG,MAT_NUM_BUR,DATE_ACHAT_MAT,COUT_MATERIEL_DA,OBSERVATIONS) values ('205','140','1','184','3','142','1','Desktop',null,'hp','manque','manque','02',to_date('01/08/23','DD/MM/RR'),null,null);
Insert into C_GPI.MATERIEL (MAT_ID,FOURN_ID,ETAT_MAT_ID,EFF_ID,DR_ID,DEP_ID,TYPE_BUR_ID,TYPE_MATERIEL,MARQUE,MODEL_REFERENCE,NUM_INVENTAIRE,REF_TAG,MAT_NUM_BUR,DATE_ACHAT_MAT,COUT_MATERIEL_DA,OBSERVATIONS) values ('103','2','1','105','7','4','1','LAPTOP','DELL','DELL Latitude E5570 (i5)','009453','FB7XBG2','Departement Informatique',to_date('01/01/17','DD/MM/RR'),null,null);
Insert into C_GPI.MATERIEL (MAT_ID,FOURN_ID,ETAT_MAT_ID,EFF_ID,DR_ID,DEP_ID,TYPE_BUR_ID,TYPE_MATERIEL,MARQUE,MODEL_REFERENCE,NUM_INVENTAIRE,REF_TAG,MAT_NUM_BUR,DATE_ACHAT_MAT,COUT_MATERIEL_DA,OBSERVATIONS) values ('203','140','4','183','3','142','1','Desktop',null,'dell/optiplex3070/intel core i3 /9generation','013368','BRKCS23','01',to_date('01/08/22','DD/MM/RR'),null,'Manque un DISQUE SSD pour une bonne performance.');
Insert into C_GPI.MATERIEL (MAT_ID,FOURN_ID,ETAT_MAT_ID,EFF_ID,DR_ID,DEP_ID,TYPE_BUR_ID,TYPE_MATERIEL,MARQUE,MODEL_REFERENCE,NUM_INVENTAIRE,REF_TAG,MAT_NUM_BUR,DATE_ACHAT_MAT,COUT_MATERIEL_DA,OBSERVATIONS) values ('204','140','4','183','3','142','1','imprimante laser',null,'simens mf4010 canon','005067',null,'01',to_date('01/01/10','DD/MM/RR'),null,'scanner ea fonctionne pas');
Insert into C_GPI.MATERIEL (MAT_ID,FOURN_ID,ETAT_MAT_ID,EFF_ID,DR_ID,DEP_ID,TYPE_BUR_ID,TYPE_MATERIEL,MARQUE,MODEL_REFERENCE,NUM_INVENTAIRE,REF_TAG,MAT_NUM_BUR,DATE_ACHAT_MAT,COUT_MATERIEL_DA,OBSERVATIONS) values ('206','140','1','185','3','3','1','imprimante',null,'canon 3010','009380',null,'01',to_date('01/01/20','DD/MM/RR'),null,null);
Insert into C_GPI.MATERIEL (MAT_ID,FOURN_ID,ETAT_MAT_ID,EFF_ID,DR_ID,DEP_ID,TYPE_BUR_ID,TYPE_MATERIEL,MARQUE,MODEL_REFERENCE,NUM_INVENTAIRE,REF_TAG,MAT_NUM_BUR,DATE_ACHAT_MAT,COUT_MATERIEL_DA,OBSERVATIONS) values ('151','2','1','1','1','167','1','Imprimante','CANON','CANON LBP6030 (noir)',null,null,'10',null,null,'Imprimante Partagee');
Insert into C_GPI.MATERIEL (MAT_ID,FOURN_ID,ETAT_MAT_ID,EFF_ID,DR_ID,DEP_ID,TYPE_BUR_ID,TYPE_MATERIEL,MARQUE,MODEL_REFERENCE,NUM_INVENTAIRE,REF_TAG,MAT_NUM_BUR,DATE_ACHAT_MAT,COUT_MATERIEL_DA,OBSERVATIONS) values ('154','2','1','166','7','4','1','Laptop',null,'DELL Latitude 5590 (i5)','006695','4ZSJST2','Departement Informatique',null,null,null);
Insert into C_GPI.MATERIEL (MAT_ID,FOURN_ID,ETAT_MAT_ID,EFF_ID,DR_ID,DEP_ID,TYPE_BUR_ID,TYPE_MATERIEL,MARQUE,MODEL_REFERENCE,NUM_INVENTAIRE,REF_TAG,MAT_NUM_BUR,DATE_ACHAT_MAT,COUT_MATERIEL_DA,OBSERVATIONS) values ('156','140','1','168','3','4','1','laptop',null,'dell','010799','207Y3L2','1',to_date('01/01/20','DD/MM/RR'),null,null);
Insert into C_GPI.MATERIEL (MAT_ID,FOURN_ID,ETAT_MAT_ID,EFF_ID,DR_ID,DEP_ID,TYPE_BUR_ID,TYPE_MATERIEL,MARQUE,MODEL_REFERENCE,NUM_INVENTAIRE,REF_TAG,MAT_NUM_BUR,DATE_ACHAT_MAT,COUT_MATERIEL_DA,OBSERVATIONS) values ('155','2','4','13','4','4','1','Pc Portable',null,'Lenovo G580','007011','WB09546639','i',null,null,null);
Insert into C_GPI.MATERIEL (MAT_ID,FOURN_ID,ETAT_MAT_ID,EFF_ID,DR_ID,DEP_ID,TYPE_BUR_ID,TYPE_MATERIEL,MARQUE,MODEL_REFERENCE,NUM_INVENTAIRE,REF_TAG,MAT_NUM_BUR,DATE_ACHAT_MAT,COUT_MATERIEL_DA,OBSERVATIONS) values ('157','140','4','169','3','4','1','laptop',null,'DELL','010803','OBS','02',to_date('01/01/20','DD/MM/RR'),null,null);
Insert into C_GPI.MATERIEL (MAT_ID,FOURN_ID,ETAT_MAT_ID,EFF_ID,DR_ID,DEP_ID,TYPE_BUR_ID,TYPE_MATERIEL,MARQUE,MODEL_REFERENCE,NUM_INVENTAIRE,REF_TAG,MAT_NUM_BUR,DATE_ACHAT_MAT,COUT_MATERIEL_DA,OBSERVATIONS) values ('158','140','1','168','3','4','1','imprimante',null,'canon mf3010','pas de numero','rien','1',to_date('01/08/23','DD/MM/RR'),null,null);
Insert into C_GPI.MATERIEL (MAT_ID,FOURN_ID,ETAT_MAT_ID,EFF_ID,DR_ID,DEP_ID,TYPE_BUR_ID,TYPE_MATERIEL,MARQUE,MODEL_REFERENCE,NUM_INVENTAIRE,REF_TAG,MAT_NUM_BUR,DATE_ACHAT_MAT,COUT_MATERIEL_DA,OBSERVATIONS) values ('159','140','1','168','3','4','1','onduleur',null,'nitram','pas de numero','pas de num tag','1',to_date('01/01/21','DD/MM/RR'),null,null);
Insert into C_GPI.MATERIEL (MAT_ID,FOURN_ID,ETAT_MAT_ID,EFF_ID,DR_ID,DEP_ID,TYPE_BUR_ID,TYPE_MATERIEL,MARQUE,MODEL_REFERENCE,NUM_INVENTAIRE,REF_TAG,MAT_NUM_BUR,DATE_ACHAT_MAT,COUT_MATERIEL_DA,OBSERVATIONS) values ('201','140','4','170','3','4','1','laptop',null,'dell E5510','005386',null,'03',to_date('01/01/11','DD/MM/RR'),null,null);
Insert into C_GPI.MATERIEL (MAT_ID,FOURN_ID,ETAT_MAT_ID,EFF_ID,DR_ID,DEP_ID,TYPE_BUR_ID,TYPE_MATERIEL,MARQUE,MODEL_REFERENCE,NUM_INVENTAIRE,REF_TAG,MAT_NUM_BUR,DATE_ACHAT_MAT,COUT_MATERIEL_DA,OBSERVATIONS) values ('202','140','4','170','3','4','1','pc bureau',null,'HP n CZC6297ZMP','009437',null,'3',to_date('01/01/19','DD/MM/RR'),null,null);
Insert into C_GPI.MATERIEL (MAT_ID,FOURN_ID,ETAT_MAT_ID,EFF_ID,DR_ID,DEP_ID,TYPE_BUR_ID,TYPE_MATERIEL,MARQUE,MODEL_REFERENCE,NUM_INVENTAIRE,REF_TAG,MAT_NUM_BUR,DATE_ACHAT_MAT,COUT_MATERIEL_DA,OBSERVATIONS) values ('220','2','1','198','7','148','2','Desktop',null,'OptiPlex 3050 CPU (i3)','012138','1yxkdn2','Departement Production',null,null,null);
Insert into C_GPI.MATERIEL (MAT_ID,FOURN_ID,ETAT_MAT_ID,EFF_ID,DR_ID,DEP_ID,TYPE_BUR_ID,TYPE_MATERIEL,MARQUE,MODEL_REFERENCE,NUM_INVENTAIRE,REF_TAG,MAT_NUM_BUR,DATE_ACHAT_MAT,COUT_MATERIEL_DA,OBSERVATIONS) values ('221','2','1','198','7','148','2','ecran',null,'DELL 21 Pouces','012150','jwqsjv2','Departement production',null,null,null);
Insert into C_GPI.MATERIEL (MAT_ID,FOURN_ID,ETAT_MAT_ID,EFF_ID,DR_ID,DEP_ID,TYPE_BUR_ID,TYPE_MATERIEL,MARQUE,MODEL_REFERENCE,NUM_INVENTAIRE,REF_TAG,MAT_NUM_BUR,DATE_ACHAT_MAT,COUT_MATERIEL_DA,OBSERVATIONS) values ('222','2','4','198','7','148','2','Imprimante',null,'HP laser jet P1005','003989',null,'Departement Production',null,null,'Imprimante Fonctionnement degrade');
Insert into C_GPI.MATERIEL (MAT_ID,FOURN_ID,ETAT_MAT_ID,EFF_ID,DR_ID,DEP_ID,TYPE_BUR_ID,TYPE_MATERIEL,MARQUE,MODEL_REFERENCE,NUM_INVENTAIRE,REF_TAG,MAT_NUM_BUR,DATE_ACHAT_MAT,COUT_MATERIEL_DA,OBSERVATIONS) values ('223','2','1','206','7','143','2','Desktop',null,'DELL Optiplex 3050','012132','7c1kgm2','Departement Sinistre',null,null,null);
Insert into C_GPI.MATERIEL (MAT_ID,FOURN_ID,ETAT_MAT_ID,EFF_ID,DR_ID,DEP_ID,TYPE_BUR_ID,TYPE_MATERIEL,MARQUE,MODEL_REFERENCE,NUM_INVENTAIRE,REF_TAG,MAT_NUM_BUR,DATE_ACHAT_MAT,COUT_MATERIEL_DA,OBSERVATIONS) values ('224','2','1','206','7','143','2','ecran',null,'DELL 21 Pouces','012149','1xqsjv2','Departement Sinistre',null,null,null);
Insert into C_GPI.MATERIEL (MAT_ID,FOURN_ID,ETAT_MAT_ID,EFF_ID,DR_ID,DEP_ID,TYPE_BUR_ID,TYPE_MATERIEL,MARQUE,MODEL_REFERENCE,NUM_INVENTAIRE,REF_TAG,MAT_NUM_BUR,DATE_ACHAT_MAT,COUT_MATERIEL_DA,OBSERVATIONS) values ('225','2','1','220','7','143','2','Desktop',null,'DELL OptiPlex 3070 CPU (i3)','012514','736GN33','Departement Sinistre',null,null,null);
Insert into C_GPI.MATERIEL (MAT_ID,FOURN_ID,ETAT_MAT_ID,EFF_ID,DR_ID,DEP_ID,TYPE_BUR_ID,TYPE_MATERIEL,MARQUE,MODEL_REFERENCE,NUM_INVENTAIRE,REF_TAG,MAT_NUM_BUR,DATE_ACHAT_MAT,COUT_MATERIEL_DA,OBSERVATIONS) values ('226','2','1','220','7','143','2','ecran',null,'DELL 21 Pouces','012961','JGHKLM2','Departement Sinistre',null,null,null);
Insert into C_GPI.MATERIEL (MAT_ID,FOURN_ID,ETAT_MAT_ID,EFF_ID,DR_ID,DEP_ID,TYPE_BUR_ID,TYPE_MATERIEL,MARQUE,MODEL_REFERENCE,NUM_INVENTAIRE,REF_TAG,MAT_NUM_BUR,DATE_ACHAT_MAT,COUT_MATERIEL_DA,OBSERVATIONS) values ('227','2','4','212','7','143','2','Desktop',null,'Relisys CPU G2030','007941',null,'Departement Sinistre',null,null,'Unite central Fonctionnement degrade');
Insert into C_GPI.MATERIEL (MAT_ID,FOURN_ID,ETAT_MAT_ID,EFF_ID,DR_ID,DEP_ID,TYPE_BUR_ID,TYPE_MATERIEL,MARQUE,MODEL_REFERENCE,NUM_INVENTAIRE,REF_TAG,MAT_NUM_BUR,DATE_ACHAT_MAT,COUT_MATERIEL_DA,OBSERVATIONS) values ('228','2','4','212','7','143','2','ecran',null,'Packard bell Viseo 193 dx','007940',null,'Departement Sinistre',null,null,'ecran fonctionnement Degrade');
Insert into C_GPI.MATERIEL (MAT_ID,FOURN_ID,ETAT_MAT_ID,EFF_ID,DR_ID,DEP_ID,TYPE_BUR_ID,TYPE_MATERIEL,MARQUE,MODEL_REFERENCE,NUM_INVENTAIRE,REF_TAG,MAT_NUM_BUR,DATE_ACHAT_MAT,COUT_MATERIEL_DA,OBSERVATIONS) values ('229','2','4','215','7','143','2','Desktop',null,'ASUS CPU (i3)','012964',null,'Departement Sinistre',null,null,null);
Insert into C_GPI.MATERIEL (MAT_ID,FOURN_ID,ETAT_MAT_ID,EFF_ID,DR_ID,DEP_ID,TYPE_BUR_ID,TYPE_MATERIEL,MARQUE,MODEL_REFERENCE,NUM_INVENTAIRE,REF_TAG,MAT_NUM_BUR,DATE_ACHAT_MAT,COUT_MATERIEL_DA,OBSERVATIONS) values ('230','2','4','215','7','143','2','ecran',null,'AOC 19 Pouces','007923',null,'Departement Sinistre',null,null,null);
Insert into C_GPI.MATERIEL (MAT_ID,FOURN_ID,ETAT_MAT_ID,EFF_ID,DR_ID,DEP_ID,TYPE_BUR_ID,TYPE_MATERIEL,MARQUE,MODEL_REFERENCE,NUM_INVENTAIRE,REF_TAG,MAT_NUM_BUR,DATE_ACHAT_MAT,COUT_MATERIEL_DA,OBSERVATIONS) values ('231','2','4','245','7','143','2','Laptop',null,'Dell Inspiron 3542','008740','HPKOF32','Departement Sinistre',null,null,null);
Insert into C_GPI.MATERIEL (MAT_ID,FOURN_ID,ETAT_MAT_ID,EFF_ID,DR_ID,DEP_ID,TYPE_BUR_ID,TYPE_MATERIEL,MARQUE,MODEL_REFERENCE,NUM_INVENTAIRE,REF_TAG,MAT_NUM_BUR,DATE_ACHAT_MAT,COUT_MATERIEL_DA,OBSERVATIONS) values ('232','2','1','225','7','8','2','Desktop',null,'Platinum CPU (i3)','012957',null,'Bureau commercial et reseau',null,null,null);
Insert into C_GPI.MATERIEL (MAT_ID,FOURN_ID,ETAT_MAT_ID,EFF_ID,DR_ID,DEP_ID,TYPE_BUR_ID,TYPE_MATERIEL,MARQUE,MODEL_REFERENCE,NUM_INVENTAIRE,REF_TAG,MAT_NUM_BUR,DATE_ACHAT_MAT,COUT_MATERIEL_DA,OBSERVATIONS) values ('233','2','1','225','7','8','2','ecran',null,'HP  lv2011','012963',null,'Bureau commercial et reseau',null,null,null);
Insert into C_GPI.MATERIEL (MAT_ID,FOURN_ID,ETAT_MAT_ID,EFF_ID,DR_ID,DEP_ID,TYPE_BUR_ID,TYPE_MATERIEL,MARQUE,MODEL_REFERENCE,NUM_INVENTAIRE,REF_TAG,MAT_NUM_BUR,DATE_ACHAT_MAT,COUT_MATERIEL_DA,OBSERVATIONS) values ('234','2','4','225','7','8','2','Imprimante',null,'Canon LBP 6020','006700',null,'Bureau commercial et reseau',null,null,null);
Insert into C_GPI.MATERIEL (MAT_ID,FOURN_ID,ETAT_MAT_ID,EFF_ID,DR_ID,DEP_ID,TYPE_BUR_ID,TYPE_MATERIEL,MARQUE,MODEL_REFERENCE,NUM_INVENTAIRE,REF_TAG,MAT_NUM_BUR,DATE_ACHAT_MAT,COUT_MATERIEL_DA,OBSERVATIONS) values ('235','2','4','217','7','143','2','Desktop',null,'ASUS CPU (i3)','013443',null,'Departement sinistre',null,null,'Unite centrale Fonctionnement Degrade');
Insert into C_GPI.MATERIEL (MAT_ID,FOURN_ID,ETAT_MAT_ID,EFF_ID,DR_ID,DEP_ID,TYPE_BUR_ID,TYPE_MATERIEL,MARQUE,MODEL_REFERENCE,NUM_INVENTAIRE,REF_TAG,MAT_NUM_BUR,DATE_ACHAT_MAT,COUT_MATERIEL_DA,OBSERVATIONS) values ('236','2','4','217','7','143','2','ecran',null,'Pilot P190','013442',null,'Departement Sinistre',null,null,null);
Insert into C_GPI.MATERIEL (MAT_ID,FOURN_ID,ETAT_MAT_ID,EFF_ID,DR_ID,DEP_ID,TYPE_BUR_ID,TYPE_MATERIEL,MARQUE,MODEL_REFERENCE,NUM_INVENTAIRE,REF_TAG,MAT_NUM_BUR,DATE_ACHAT_MAT,COUT_MATERIEL_DA,OBSERVATIONS) values ('251','140','4','251','5','143','1','Desktop',null,'DELL-Optiplex 3050','011104','SBSX5L2','07',to_date('02/02/20','DD/MM/RR'),null,null);
Insert into C_GPI.MATERIEL (MAT_ID,FOURN_ID,ETAT_MAT_ID,EFF_ID,DR_ID,DEP_ID,TYPE_BUR_ID,TYPE_MATERIEL,MARQUE,MODEL_REFERENCE,NUM_INVENTAIRE,REF_TAG,MAT_NUM_BUR,DATE_ACHAT_MAT,COUT_MATERIEL_DA,OBSERVATIONS) values ('252','140','3','251','5','143','1','Ecran',null,'Acer 15''''','002289','AL1716F','07',null,null,null);
Insert into C_GPI.MATERIEL (MAT_ID,FOURN_ID,ETAT_MAT_ID,EFF_ID,DR_ID,DEP_ID,TYPE_BUR_ID,TYPE_MATERIEL,MARQUE,MODEL_REFERENCE,NUM_INVENTAIRE,REF_TAG,MAT_NUM_BUR,DATE_ACHAT_MAT,COUT_MATERIEL_DA,OBSERVATIONS) values ('253','140','4','251','5','143','1','Imprimante.',null,'Canon i-SENSYS LBP 6000','006644','F158200','07',null,null,null);
Insert into C_GPI.MATERIEL (MAT_ID,FOURN_ID,ETAT_MAT_ID,EFF_ID,DR_ID,DEP_ID,TYPE_BUR_ID,TYPE_MATERIEL,MARQUE,MODEL_REFERENCE,NUM_INVENTAIRE,REF_TAG,MAT_NUM_BUR,DATE_ACHAT_MAT,COUT_MATERIEL_DA,OBSERVATIONS) values ('254','140','4','254','5','143','1','Desktop.',null,'HP 280-G1MT','009447','J7V61AV','07',null,null,null);
Insert into C_GPI.MATERIEL (MAT_ID,FOURN_ID,ETAT_MAT_ID,EFF_ID,DR_ID,DEP_ID,TYPE_BUR_ID,TYPE_MATERIEL,MARQUE,MODEL_REFERENCE,NUM_INVENTAIRE,REF_TAG,MAT_NUM_BUR,DATE_ACHAT_MAT,COUT_MATERIEL_DA,OBSERVATIONS) values ('255','140','4','254','5','143','1','ECRAN',null,'AOC','008455','HPYEA008168','07',null,null,null);
Insert into C_GPI.MATERIEL (MAT_ID,FOURN_ID,ETAT_MAT_ID,EFF_ID,DR_ID,DEP_ID,TYPE_BUR_ID,TYPE_MATERIEL,MARQUE,MODEL_REFERENCE,NUM_INVENTAIRE,REF_TAG,MAT_NUM_BUR,DATE_ACHAT_MAT,COUT_MATERIEL_DA,OBSERVATIONS) values ('256','140','4','254','5','143','1','Imprimante',null,'Canon i-SENSYS LBP 2900','002186','0.4AC163','07',null,null,null);
Insert into C_GPI.MATERIEL (MAT_ID,FOURN_ID,ETAT_MAT_ID,EFF_ID,DR_ID,DEP_ID,TYPE_BUR_ID,TYPE_MATERIEL,MARQUE,MODEL_REFERENCE,NUM_INVENTAIRE,REF_TAG,MAT_NUM_BUR,DATE_ACHAT_MAT,COUT_MATERIEL_DA,OBSERVATIONS) values ('257','140','4','172','5','143','1','Desktop',null,'Dell - Optiplex 3050','011116','3KSX5L2','06',to_date('02/02/20','DD/MM/RR'),null,null);
Insert into C_GPI.MATERIEL (MAT_ID,FOURN_ID,ETAT_MAT_ID,EFF_ID,DR_ID,DEP_ID,TYPE_BUR_ID,TYPE_MATERIEL,MARQUE,MODEL_REFERENCE,NUM_INVENTAIRE,REF_TAG,MAT_NUM_BUR,DATE_ACHAT_MAT,COUT_MATERIEL_DA,OBSERVATIONS) values ('258','140','4','172','5','3','1','ECRAN',null,'DELL','010966','9D9JD52','06',null,null,null);
Insert into C_GPI.MATERIEL (MAT_ID,FOURN_ID,ETAT_MAT_ID,EFF_ID,DR_ID,DEP_ID,TYPE_BUR_ID,TYPE_MATERIEL,MARQUE,MODEL_REFERENCE,NUM_INVENTAIRE,REF_TAG,MAT_NUM_BUR,DATE_ACHAT_MAT,COUT_MATERIEL_DA,OBSERVATIONS) values ('259','140','4','172','5','3','1','Imprimante.',null,'HP - LaserJet P1005','004383','CB410A','06',null,null,null);
Insert into C_GPI.MATERIEL (MAT_ID,FOURN_ID,ETAT_MAT_ID,EFF_ID,DR_ID,DEP_ID,TYPE_BUR_ID,TYPE_MATERIEL,MARQUE,MODEL_REFERENCE,NUM_INVENTAIRE,REF_TAG,MAT_NUM_BUR,DATE_ACHAT_MAT,COUT_MATERIEL_DA,OBSERVATIONS) values ('4','2','4','12','7','4','1','Laptop','DELL','DELL Inspiron 3542','008105','28SD512','08',null,null,null);
Insert into C_GPI.MATERIEL (MAT_ID,FOURN_ID,ETAT_MAT_ID,EFF_ID,DR_ID,DEP_ID,TYPE_BUR_ID,TYPE_MATERIEL,MARQUE,MODEL_REFERENCE,NUM_INVENTAIRE,REF_TAG,MAT_NUM_BUR,DATE_ACHAT_MAT,COUT_MATERIEL_DA,OBSERVATIONS) values ('207','2','4','188','7','4','1','Laptop',null,'DELL latitude E5510 (i3)','005383','7LSPRP1','Departement Informatique',null,null,null);
Insert into C_GPI.MATERIEL (MAT_ID,FOURN_ID,ETAT_MAT_ID,EFF_ID,DR_ID,DEP_ID,TYPE_BUR_ID,TYPE_MATERIEL,MARQUE,MODEL_REFERENCE,NUM_INVENTAIRE,REF_TAG,MAT_NUM_BUR,DATE_ACHAT_MAT,COUT_MATERIEL_DA,OBSERVATIONS) values ('6','2','1','1','1','167','1','ECRAN','DELL','DELL','013589',null,'08',to_date('01/01/22','DD/MM/RR'),null,null);
Insert into C_GPI.MATERIEL (MAT_ID,FOURN_ID,ETAT_MAT_ID,EFF_ID,DR_ID,DEP_ID,TYPE_BUR_ID,TYPE_MATERIEL,MARQUE,MODEL_REFERENCE,NUM_INVENTAIRE,REF_TAG,MAT_NUM_BUR,DATE_ACHAT_MAT,COUT_MATERIEL_DA,OBSERVATIONS) values ('7','2','1','2','1','167','1','ECRAN','DELL','DELL','013588',null,'08',to_date('01/01/22','DD/MM/RR'),null,null);
Insert into C_GPI.MATERIEL (MAT_ID,FOURN_ID,ETAT_MAT_ID,EFF_ID,DR_ID,DEP_ID,TYPE_BUR_ID,TYPE_MATERIEL,MARQUE,MODEL_REFERENCE,NUM_INVENTAIRE,REF_TAG,MAT_NUM_BUR,DATE_ACHAT_MAT,COUT_MATERIEL_DA,OBSERVATIONS) values ('8','2','1','3','1','167','1','ECRAN','DELL','DELL','013590',null,'08',to_date('01/01/22','DD/MM/RR'),null,null);
Insert into C_GPI.MATERIEL (MAT_ID,FOURN_ID,ETAT_MAT_ID,EFF_ID,DR_ID,DEP_ID,TYPE_BUR_ID,TYPE_MATERIEL,MARQUE,MODEL_REFERENCE,NUM_INVENTAIRE,REF_TAG,MAT_NUM_BUR,DATE_ACHAT_MAT,COUT_MATERIEL_DA,OBSERVATIONS) values ('208','2','1','226','7','142','1','Desktop',null,'Asus Cpu : intel cor de Duo E7200 (2Gb RAM)','010164',null,'Bureau Moyen Generaux',null,null,null);
Insert into C_GPI.MATERIEL (MAT_ID,FOURN_ID,ETAT_MAT_ID,EFF_ID,DR_ID,DEP_ID,TYPE_BUR_ID,TYPE_MATERIEL,MARQUE,MODEL_REFERENCE,NUM_INVENTAIRE,REF_TAG,MAT_NUM_BUR,DATE_ACHAT_MAT,COUT_MATERIEL_DA,OBSERVATIONS) values ('209','2','1','226','7','142','1','ecran',null,'INC 19 Pouces','12965',null,'Bureau Moyen Generaux',null,null,null);
Insert into C_GPI.MATERIEL (MAT_ID,FOURN_ID,ETAT_MAT_ID,EFF_ID,DR_ID,DEP_ID,TYPE_BUR_ID,TYPE_MATERIEL,MARQUE,MODEL_REFERENCE,NUM_INVENTAIRE,REF_TAG,MAT_NUM_BUR,DATE_ACHAT_MAT,COUT_MATERIEL_DA,OBSERVATIONS) values ('210','2','4','226','7','142','1','Imprimante',null,'Canon LBP 2900','003710',null,'Bureau Moyen Generaux',null,null,null);
Insert into C_GPI.MATERIEL (MAT_ID,FOURN_ID,ETAT_MAT_ID,EFF_ID,DR_ID,DEP_ID,TYPE_BUR_ID,TYPE_MATERIEL,MARQUE,MODEL_REFERENCE,NUM_INVENTAIRE,REF_TAG,MAT_NUM_BUR,DATE_ACHAT_MAT,COUT_MATERIEL_DA,OBSERVATIONS) values ('211','2','4','199','7','148','2','Desktop',null,'Relisys CPU i3 3220 RAM (4gb)','008426',null,'Departement Production',null,null,null);
Insert into C_GPI.MATERIEL (MAT_ID,FOURN_ID,ETAT_MAT_ID,EFF_ID,DR_ID,DEP_ID,TYPE_BUR_ID,TYPE_MATERIEL,MARQUE,MODEL_REFERENCE,NUM_INVENTAIRE,REF_TAG,MAT_NUM_BUR,DATE_ACHAT_MAT,COUT_MATERIEL_DA,OBSERVATIONS) values ('212','2','1','199','7','148','2','ecran',null,'Benq 21 pouces','010484',null,'Departement Production',null,null,null);
Insert into C_GPI.MATERIEL (MAT_ID,FOURN_ID,ETAT_MAT_ID,EFF_ID,DR_ID,DEP_ID,TYPE_BUR_ID,TYPE_MATERIEL,MARQUE,MODEL_REFERENCE,NUM_INVENTAIRE,REF_TAG,MAT_NUM_BUR,DATE_ACHAT_MAT,COUT_MATERIEL_DA,OBSERVATIONS) values ('213','2','4','199','7','148','2','Imprimante',null,'HP Laser jet P1005','003744',null,'Departement Production',null,null,'Imprimante Fonctionnement degrade.');
Insert into C_GPI.MATERIEL (MAT_ID,FOURN_ID,ETAT_MAT_ID,EFF_ID,DR_ID,DEP_ID,TYPE_BUR_ID,TYPE_MATERIEL,MARQUE,MODEL_REFERENCE,NUM_INVENTAIRE,REF_TAG,MAT_NUM_BUR,DATE_ACHAT_MAT,COUT_MATERIEL_DA,OBSERVATIONS) values ('214','2','4','195','7','148','2','Desktop',null,'Relisys CPU G2030 RAM (4gb)','12955',null,null,null,null,null);
Insert into C_GPI.MATERIEL (MAT_ID,FOURN_ID,ETAT_MAT_ID,EFF_ID,DR_ID,DEP_ID,TYPE_BUR_ID,TYPE_MATERIEL,MARQUE,MODEL_REFERENCE,NUM_INVENTAIRE,REF_TAG,MAT_NUM_BUR,DATE_ACHAT_MAT,COUT_MATERIEL_DA,OBSERVATIONS) values ('215','2','4','195','7','148','2','ecran',null,'Viseo A93DX','007927',null,'Departement Production',null,null,'ecran Fonctionnement degrade');
Insert into C_GPI.MATERIEL (MAT_ID,FOURN_ID,ETAT_MAT_ID,EFF_ID,DR_ID,DEP_ID,TYPE_BUR_ID,TYPE_MATERIEL,MARQUE,MODEL_REFERENCE,NUM_INVENTAIRE,REF_TAG,MAT_NUM_BUR,DATE_ACHAT_MAT,COUT_MATERIEL_DA,OBSERVATIONS) values ('216','2','4','195','7','148','2','Imprimante',null,'Canon LBP 2900','003772',null,'Departement Production',null,null,null);
Insert into C_GPI.MATERIEL (MAT_ID,FOURN_ID,ETAT_MAT_ID,EFF_ID,DR_ID,DEP_ID,TYPE_BUR_ID,TYPE_MATERIEL,MARQUE,MODEL_REFERENCE,NUM_INVENTAIRE,REF_TAG,MAT_NUM_BUR,DATE_ACHAT_MAT,COUT_MATERIEL_DA,OBSERVATIONS) values ('217','2','1','192','7','148','2','Desktop',null,'Dell OptiPlex 3050','12129','1XYPDN2','Departement Production',null,null,null);
Insert into C_GPI.MATERIEL (MAT_ID,FOURN_ID,ETAT_MAT_ID,EFF_ID,DR_ID,DEP_ID,TYPE_BUR_ID,TYPE_MATERIEL,MARQUE,MODEL_REFERENCE,NUM_INVENTAIRE,REF_TAG,MAT_NUM_BUR,DATE_ACHAT_MAT,COUT_MATERIEL_DA,OBSERVATIONS) values ('218','2','1','192','7','148','2','ecran',null,'Dell 21 pouces','012151','2YQSTV2','Departement Production',null,null,null);
Insert into C_GPI.MATERIEL (MAT_ID,FOURN_ID,ETAT_MAT_ID,EFF_ID,DR_ID,DEP_ID,TYPE_BUR_ID,TYPE_MATERIEL,MARQUE,MODEL_REFERENCE,NUM_INVENTAIRE,REF_TAG,MAT_NUM_BUR,DATE_ACHAT_MAT,COUT_MATERIEL_DA,OBSERVATIONS) values ('219','2','4','211','7','148','2','Imprimante',null,'Canon 6020B','006699',null,'Departement Production',null,null,'Imprimante Fonctionnement degrade.');
Insert into C_GPI.MATERIEL (MAT_ID,FOURN_ID,ETAT_MAT_ID,EFF_ID,DR_ID,DEP_ID,TYPE_BUR_ID,TYPE_MATERIEL,MARQUE,MODEL_REFERENCE,NUM_INVENTAIRE,REF_TAG,MAT_NUM_BUR,DATE_ACHAT_MAT,COUT_MATERIEL_DA,OBSERVATIONS) values ('260','140','1','171','5','149','1','Desktop',null,'DELL - Optiplex 3060-MT','012843','41399X2','05',to_date('18/07/21','DD/MM/RR'),null,null);
Insert into C_GPI.MATERIEL (MAT_ID,FOURN_ID,ETAT_MAT_ID,EFF_ID,DR_ID,DEP_ID,TYPE_BUR_ID,TYPE_MATERIEL,MARQUE,MODEL_REFERENCE,NUM_INVENTAIRE,REF_TAG,MAT_NUM_BUR,DATE_ACHAT_MAT,COUT_MATERIEL_DA,OBSERVATIONS) values ('261','140','1','171','5','149','1','ECRAN',null,'DELL','0000','DW32V82','05',to_date('18/07/21','DD/MM/RR'),null,null);
Insert into C_GPI.MATERIEL (MAT_ID,FOURN_ID,ETAT_MAT_ID,EFF_ID,DR_ID,DEP_ID,TYPE_BUR_ID,TYPE_MATERIEL,MARQUE,MODEL_REFERENCE,NUM_INVENTAIRE,REF_TAG,MAT_NUM_BUR,DATE_ACHAT_MAT,COUT_MATERIEL_DA,OBSERVATIONS) values ('262','140','4','171','5','149','1','Imprimante',null,'Canon i-SENSYS LBP 2900','002345','L11121E','05',to_date('18/07/21','DD/MM/RR'),null,null);
Insert into C_GPI.MATERIEL (MAT_ID,FOURN_ID,ETAT_MAT_ID,EFF_ID,DR_ID,DEP_ID,TYPE_BUR_ID,TYPE_MATERIEL,MARQUE,MODEL_REFERENCE,NUM_INVENTAIRE,REF_TAG,MAT_NUM_BUR,DATE_ACHAT_MAT,COUT_MATERIEL_DA,OBSERVATIONS) values ('263','140','4','250','5','143','1','Desktop',null,'DELL Optiplex 3050','011098','GKSX5L2','03',to_date('02/02/20','DD/MM/RR'),null,null);
Insert into C_GPI.MATERIEL (MAT_ID,FOURN_ID,ETAT_MAT_ID,EFF_ID,DR_ID,DEP_ID,TYPE_BUR_ID,TYPE_MATERIEL,MARQUE,MODEL_REFERENCE,NUM_INVENTAIRE,REF_TAG,MAT_NUM_BUR,DATE_ACHAT_MAT,COUT_MATERIEL_DA,OBSERVATIONS) values ('264','140','4','250','5','143','1','ECRAN',null,'DELL','010965','BCLGD52','03',to_date('02/02/20','DD/MM/RR'),null,null);
Insert into C_GPI.MATERIEL (MAT_ID,FOURN_ID,ETAT_MAT_ID,EFF_ID,DR_ID,DEP_ID,TYPE_BUR_ID,TYPE_MATERIEL,MARQUE,MODEL_REFERENCE,NUM_INVENTAIRE,REF_TAG,MAT_NUM_BUR,DATE_ACHAT_MAT,COUT_MATERIEL_DA,OBSERVATIONS) values ('265','140','4','250','5','143','1','Imprimante',null,'Canon i-SENSYS LBP6030 ...','0000','F166400','03',null,null,null);
Insert into C_GPI.MATERIEL (MAT_ID,FOURN_ID,ETAT_MAT_ID,EFF_ID,DR_ID,DEP_ID,TYPE_BUR_ID,TYPE_MATERIEL,MARQUE,MODEL_REFERENCE,NUM_INVENTAIRE,REF_TAG,MAT_NUM_BUR,DATE_ACHAT_MAT,COUT_MATERIEL_DA,OBSERVATIONS) values ('266','140','3','255','5','146','103','Desktop',null,'HP Pro 3400 series mt','006364',null,'02',null,null,null);
Insert into C_GPI.MATERIEL (MAT_ID,FOURN_ID,ETAT_MAT_ID,EFF_ID,DR_ID,DEP_ID,TYPE_BUR_ID,TYPE_MATERIEL,MARQUE,MODEL_REFERENCE,NUM_INVENTAIRE,REF_TAG,MAT_NUM_BUR,DATE_ACHAT_MAT,COUT_MATERIEL_DA,OBSERVATIONS) values ('267','140','3','255','5','146','103','ECRAN',null,'XCESS','002487',null,'02',null,null,null);
Insert into C_GPI.MATERIEL (MAT_ID,FOURN_ID,ETAT_MAT_ID,EFF_ID,DR_ID,DEP_ID,TYPE_BUR_ID,TYPE_MATERIEL,MARQUE,MODEL_REFERENCE,NUM_INVENTAIRE,REF_TAG,MAT_NUM_BUR,DATE_ACHAT_MAT,COUT_MATERIEL_DA,OBSERVATIONS) values ('268','140','4','255','5','146','103','Imprimante',null,'Canon i-SENSYS LBP6020','0011811','F158200','02',null,null,null);
Insert into C_GPI.MATERIEL (MAT_ID,FOURN_ID,ETAT_MAT_ID,EFF_ID,DR_ID,DEP_ID,TYPE_BUR_ID,TYPE_MATERIEL,MARQUE,MODEL_REFERENCE,NUM_INVENTAIRE,REF_TAG,MAT_NUM_BUR,DATE_ACHAT_MAT,COUT_MATERIEL_DA,OBSERVATIONS) values ('269','140','4','175','5','148','1','Desktop',null,'DELL Optiplex 3060','012844','43979X2','11',to_date('18/07/21','DD/MM/RR'),null,null);
Insert into C_GPI.MATERIEL (MAT_ID,FOURN_ID,ETAT_MAT_ID,EFF_ID,DR_ID,DEP_ID,TYPE_BUR_ID,TYPE_MATERIEL,MARQUE,MODEL_REFERENCE,NUM_INVENTAIRE,REF_TAG,MAT_NUM_BUR,DATE_ACHAT_MAT,COUT_MATERIEL_DA,OBSERVATIONS) values ('270','140','4','175','5','148','1','ECRAN',null,'DELL','010967','9MDJD52','11',null,null,null);
Insert into C_GPI.MATERIEL (MAT_ID,FOURN_ID,ETAT_MAT_ID,EFF_ID,DR_ID,DEP_ID,TYPE_BUR_ID,TYPE_MATERIEL,MARQUE,MODEL_REFERENCE,NUM_INVENTAIRE,REF_TAG,MAT_NUM_BUR,DATE_ACHAT_MAT,COUT_MATERIEL_DA,OBSERVATIONS) values ('271','140','4','175','5','148','1','Imprimante',null,'Canon i-SENSYS LBP6030','010228','F166400','11',null,null,null);
Insert into C_GPI.MATERIEL (MAT_ID,FOURN_ID,ETAT_MAT_ID,EFF_ID,DR_ID,DEP_ID,TYPE_BUR_ID,TYPE_MATERIEL,MARQUE,MODEL_REFERENCE,NUM_INVENTAIRE,REF_TAG,MAT_NUM_BUR,DATE_ACHAT_MAT,COUT_MATERIEL_DA,OBSERVATIONS) values ('272','140','3','253','5','149','4','Desktop',null,'O.E.M','010528',null,'10',null,null,null);
Insert into C_GPI.MATERIEL (MAT_ID,FOURN_ID,ETAT_MAT_ID,EFF_ID,DR_ID,DEP_ID,TYPE_BUR_ID,TYPE_MATERIEL,MARQUE,MODEL_REFERENCE,NUM_INVENTAIRE,REF_TAG,MAT_NUM_BUR,DATE_ACHAT_MAT,COUT_MATERIEL_DA,OBSERVATIONS) values ('273','140','3','253','5','149','4','ECRAN',null,'Acer- TCO-03  15"','005603',null,'10',null,null,null);
Insert into C_GPI.MATERIEL (MAT_ID,FOURN_ID,ETAT_MAT_ID,EFF_ID,DR_ID,DEP_ID,TYPE_BUR_ID,TYPE_MATERIEL,MARQUE,MODEL_REFERENCE,NUM_INVENTAIRE,REF_TAG,MAT_NUM_BUR,DATE_ACHAT_MAT,COUT_MATERIEL_DA,OBSERVATIONS) values ('274','140','4','253','5','149','4','Imprimante',null,'Canon i-SENSYS LBP6020','008454','F158200','10',null,null,null);
Insert into C_GPI.MATERIEL (MAT_ID,FOURN_ID,ETAT_MAT_ID,EFF_ID,DR_ID,DEP_ID,TYPE_BUR_ID,TYPE_MATERIEL,MARQUE,MODEL_REFERENCE,NUM_INVENTAIRE,REF_TAG,MAT_NUM_BUR,DATE_ACHAT_MAT,COUT_MATERIEL_DA,OBSERVATIONS) values ('275','140','4','176','5','148','1','Desktop',null,'DELL Optiplex 3050','011122','364D5L2','12',to_date('02/02/20','DD/MM/RR'),null,null);
Insert into C_GPI.MATERIEL (MAT_ID,FOURN_ID,ETAT_MAT_ID,EFF_ID,DR_ID,DEP_ID,TYPE_BUR_ID,TYPE_MATERIEL,MARQUE,MODEL_REFERENCE,NUM_INVENTAIRE,REF_TAG,MAT_NUM_BUR,DATE_ACHAT_MAT,COUT_MATERIEL_DA,OBSERVATIONS) values ('276','140','4','176','5','148','1','ECRAN',null,'BENQ T900  18,5"','004367',null,'12',null,null,null);
Insert into C_GPI.MATERIEL (MAT_ID,FOURN_ID,ETAT_MAT_ID,EFF_ID,DR_ID,DEP_ID,TYPE_BUR_ID,TYPE_MATERIEL,MARQUE,MODEL_REFERENCE,NUM_INVENTAIRE,REF_TAG,MAT_NUM_BUR,DATE_ACHAT_MAT,COUT_MATERIEL_DA,OBSERVATIONS) values ('277','140','4','177','5','148','1','Desktop',null,'HP - 280 G1 MT','009843','TRF55201V8','12',null,null,null);
Insert into C_GPI.MATERIEL (MAT_ID,FOURN_ID,ETAT_MAT_ID,EFF_ID,DR_ID,DEP_ID,TYPE_BUR_ID,TYPE_MATERIEL,MARQUE,MODEL_REFERENCE,NUM_INVENTAIRE,REF_TAG,MAT_NUM_BUR,DATE_ACHAT_MAT,COUT_MATERIEL_DA,OBSERVATIONS) values ('278','140','3','177','5','148','1','ECRAN',null,'Pilot 18"','010704',null,'12',null,null,null);
Insert into C_GPI.MATERIEL (MAT_ID,FOURN_ID,ETAT_MAT_ID,EFF_ID,DR_ID,DEP_ID,TYPE_BUR_ID,TYPE_MATERIEL,MARQUE,MODEL_REFERENCE,NUM_INVENTAIRE,REF_TAG,MAT_NUM_BUR,DATE_ACHAT_MAT,COUT_MATERIEL_DA,OBSERVATIONS) values ('279','140','4','178','5','148','1','Desktop',null,'DELL Optiplex 3050','011119','GMSX5L2','12',to_date('02/02/20','DD/MM/RR'),null,null);
Insert into C_GPI.MATERIEL (MAT_ID,FOURN_ID,ETAT_MAT_ID,EFF_ID,DR_ID,DEP_ID,TYPE_BUR_ID,TYPE_MATERIEL,MARQUE,MODEL_REFERENCE,NUM_INVENTAIRE,REF_TAG,MAT_NUM_BUR,DATE_ACHAT_MAT,COUT_MATERIEL_DA,OBSERVATIONS) values ('280','140','4','178','5','148','1','ECRAN',null,'DELL 18"','010964','9MSKD52','12',null,null,null);
Insert into C_GPI.MATERIEL (MAT_ID,FOURN_ID,ETAT_MAT_ID,EFF_ID,DR_ID,DEP_ID,TYPE_BUR_ID,TYPE_MATERIEL,MARQUE,MODEL_REFERENCE,NUM_INVENTAIRE,REF_TAG,MAT_NUM_BUR,DATE_ACHAT_MAT,COUT_MATERIEL_DA,OBSERVATIONS) values ('281','140','4','180','5','6','1','Desktop',null,'DELL Vostro 3667','010527','07BB','13',null,null,null);
Insert into C_GPI.MATERIEL (MAT_ID,FOURN_ID,ETAT_MAT_ID,EFF_ID,DR_ID,DEP_ID,TYPE_BUR_ID,TYPE_MATERIEL,MARQUE,MODEL_REFERENCE,NUM_INVENTAIRE,REF_TAG,MAT_NUM_BUR,DATE_ACHAT_MAT,COUT_MATERIEL_DA,OBSERVATIONS) values ('282','140','4','180','5','6','1','ECRAN',null,'DELL 22"','0000','83H8MG2','13',to_date('18/07/21','DD/MM/RR'),null,null);
Insert into C_GPI.MATERIEL (MAT_ID,FOURN_ID,ETAT_MAT_ID,EFF_ID,DR_ID,DEP_ID,TYPE_BUR_ID,TYPE_MATERIEL,MARQUE,MODEL_REFERENCE,NUM_INVENTAIRE,REF_TAG,MAT_NUM_BUR,DATE_ACHAT_MAT,COUT_MATERIEL_DA,OBSERVATIONS) values ('283','140','4','180','5','6','1','Imprimante',null,'Canon i-SENSYS LBP2900','002158','L11121E','13',null,null,null);
Insert into C_GPI.MATERIEL (MAT_ID,FOURN_ID,ETAT_MAT_ID,EFF_ID,DR_ID,DEP_ID,TYPE_BUR_ID,TYPE_MATERIEL,MARQUE,MODEL_REFERENCE,NUM_INVENTAIRE,REF_TAG,MAT_NUM_BUR,DATE_ACHAT_MAT,COUT_MATERIEL_DA,OBSERVATIONS) values ('284','140','4','179','5','6','1','Laptop',null,'DELL Inspiron 15','009302','JRKGP52','13',to_date('07/07/19','DD/MM/RR'),null,null);
Insert into C_GPI.MATERIEL (MAT_ID,FOURN_ID,ETAT_MAT_ID,EFF_ID,DR_ID,DEP_ID,TYPE_BUR_ID,TYPE_MATERIEL,MARQUE,MODEL_REFERENCE,NUM_INVENTAIRE,REF_TAG,MAT_NUM_BUR,DATE_ACHAT_MAT,COUT_MATERIEL_DA,OBSERVATIONS) values ('285','140','1','176','5','148','1','Imprimante',null,'Kyocera Multifunctional ECOSYS M2135dn','012641',null,'12',to_date('29/11/20','DD/MM/RR'),null,null);
Insert into C_GPI.MATERIEL (MAT_ID,FOURN_ID,ETAT_MAT_ID,EFF_ID,DR_ID,DEP_ID,TYPE_BUR_ID,TYPE_MATERIEL,MARQUE,MODEL_REFERENCE,NUM_INVENTAIRE,REF_TAG,MAT_NUM_BUR,DATE_ACHAT_MAT,COUT_MATERIEL_DA,OBSERVATIONS) values ('286','140','4','177','5','148','1','Scanner',null,'Canon Lide 120','009324',null,'12',null,null,null);
Insert into C_GPI.MATERIEL (MAT_ID,FOURN_ID,ETAT_MAT_ID,EFF_ID,DR_ID,DEP_ID,TYPE_BUR_ID,TYPE_MATERIEL,MARQUE,MODEL_REFERENCE,NUM_INVENTAIRE,REF_TAG,MAT_NUM_BUR,DATE_ACHAT_MAT,COUT_MATERIEL_DA,OBSERVATIONS) values ('287','140','4','172','5','3','1','Scanner',null,'Canon Lide 120','010202',null,'06',null,null,null);
Insert into C_GPI.MATERIEL (MAT_ID,FOURN_ID,ETAT_MAT_ID,EFF_ID,DR_ID,DEP_ID,TYPE_BUR_ID,TYPE_MATERIEL,MARQUE,MODEL_REFERENCE,NUM_INVENTAIRE,REF_TAG,MAT_NUM_BUR,DATE_ACHAT_MAT,COUT_MATERIEL_DA,OBSERVATIONS) values ('288','140','4','254','5','143','1','Scanner',null,'Canon Lide 120','011825',null,'07',null,null,null);
REM INSERTING into C_GPI.PRESTATIONS
SET DEFINE OFF;
Insert into C_GPI.PRESTATIONS (PRES_ID,FOURN_ID,DR_ID,PRESTATION,DATE_PRESTATION,COUT_PRESTATION) values ('1','1','1','INSTALLATION RESEAU INFORMATIQUE + GROUPE ELECTROGENE',null,null);
Insert into C_GPI.PRESTATIONS (PRES_ID,FOURN_ID,DR_ID,PRESTATION,DATE_PRESTATION,COUT_PRESTATION) values ('2','1','1','INSTALLATION & AMENAGEMENT du DATA CENTER',null,null);
Insert into C_GPI.PRESTATIONS (PRES_ID,FOURN_ID,DR_ID,PRESTATION,DATE_PRESTATION,COUT_PRESTATION) values ('3','1','1','INSTALLATION EQUIPEMENT RESEAU INFORMATIQUE',null,null);
Insert into C_GPI.PRESTATIONS (PRES_ID,FOURN_ID,DR_ID,PRESTATION,DATE_PRESTATION,COUT_PRESTATION) values ('151','2','1','Exemple  : Laptop en cours de reparation
Num-inventaire = 11111',to_date('10/01/24','DD/MM/RR'),null);
Insert into C_GPI.PRESTATIONS (PRES_ID,FOURN_ID,DR_ID,PRESTATION,DATE_PRESTATION,COUT_PRESTATION) values ('152','2','1','Exemple = Imprimante  en cours de reparation
Num-inv = 22222
Model = Multi-fonctions MF633',null,null);
REM INSERTING into C_GPI.TYPE_BUREAU
SET DEFINE OFF;
Insert into C_GPI.TYPE_BUREAU (TYPE_BUR_ID,TYPE_BUREAU) values ('1','BUREAU');
Insert into C_GPI.TYPE_BUREAU (TYPE_BUR_ID,TYPE_BUREAU) values ('2','OPEN SPACE');
Insert into C_GPI.TYPE_BUREAU (TYPE_BUR_ID,TYPE_BUREAU) values ('3','PARTIE COMMUNES');
Insert into C_GPI.TYPE_BUREAU (TYPE_BUR_ID,TYPE_BUREAU) values ('4','DEPOT');
Insert into C_GPI.TYPE_BUREAU (TYPE_BUR_ID,TYPE_BUREAU) values ('5','DATA CENTER');
Insert into C_GPI.TYPE_BUREAU (TYPE_BUR_ID,TYPE_BUREAU) values ('6','ESPACE POUR GROUPE ELECTROGENE');
Insert into C_GPI.TYPE_BUREAU (TYPE_BUR_ID,TYPE_BUREAU) values ('103','LA RECEPTION');
Insert into C_GPI.TYPE_BUREAU (TYPE_BUR_ID,TYPE_BUREAU) values ('101','SALLE DE REUNION');
Insert into C_GPI.TYPE_BUREAU (TYPE_BUR_ID,TYPE_BUREAU) values ('121','Autre');
