--------------------------------------------------------
--  Fichier créé - lundi-avril-22-2024   
--------------------------------------------------------
--------------------------------------------------------
--  DDL for Type T_DEP_ROW
--------------------------------------------------------

  CREATE OR REPLACE EDITIONABLE TYPE "C_GPI"."T_DEP_ROW" AS OBJECT(
       DEP_ID Number, 
       DEPARTEMENT VARCHAR2(256),
       NOM_DEPARTEMENT VARCHAR2(256),
	   DR_ID Number
);

/
--------------------------------------------------------
--  DDL for Type T_DEP_TABLE
--------------------------------------------------------

  CREATE OR REPLACE EDITIONABLE TYPE "C_GPI"."T_DEP_TABLE" AS TABLE OF t_dep_row;

/
--------------------------------------------------------
--  DDL for Type T_DIR_ROW
--------------------------------------------------------

  CREATE OR REPLACE EDITIONABLE TYPE "C_GPI"."T_DIR_ROW" AS OBJECT(
       DR_ID Number, 
       NOM_DIRECTION VARCHAR2(256),
       CODE_DR VARCHAR2(256)
);

/
--------------------------------------------------------
--  DDL for Type T_DIR_TABLE
--------------------------------------------------------

  CREATE OR REPLACE EDITIONABLE TYPE "C_GPI"."T_DIR_TABLE" AS TABLE OF t_dir_row;

/
--------------------------------------------------------
--  DDL for Type T_EFFECTIF_ROW
--------------------------------------------------------

  CREATE OR REPLACE EDITIONABLE TYPE "C_GPI"."T_EFFECTIF_ROW" AS OBJECT(
    EFF_ID Number,
       DR_ID Number,
       DEP_ID Number,
       TYPE_BUR_ID Number,
       NOM VARCHAR2(100),
       PRENOM VARCHAR2(100),
       USER_MAIL VARCHAR2(256),
       TYPE_JOB VARCHAR2(256),
       NUMERO_BUREAU VARCHAR2(256),
       MOBILE VARCHAR2(256)
);

/
--------------------------------------------------------
--  DDL for Type T_EFFECTIF_TABLE
--------------------------------------------------------

  CREATE OR REPLACE EDITIONABLE TYPE "C_GPI"."T_EFFECTIF_TABLE" AS TABLE OF t_effectif_row;

/
--------------------------------------------------------
--  DDL for Type T_MATERIEL_ROW
--------------------------------------------------------

  CREATE OR REPLACE EDITIONABLE TYPE "C_GPI"."T_MATERIEL_ROW" AS OBJECT(

    MAT_ID Number,
       FOURN_ID Number,
       ETAT_MAT_ID Number,
       EFF_ID Number,
       DR_ID Number,
       DEP_ID Number,
       TYPE_BUR_ID Number,
       TYPE_MATERIEL VARCHAR2(256),
       MARQUE VARCHAR2(256),
       MODEL_REFERENCE VARCHAR2(256),
       NUM_INVENTAIRE VARCHAR2(256),
       REF_TAG VARCHAR2(256),
       MAT_NUM_BUR VARCHAR2(256),
       DATE_ACHAT_MAT DATE,
       COUT_MATERIEL_DA NUMBER(8,2),
       OBSERVATIONS VARCHAR2(256)
)

/
--------------------------------------------------------
--  DDL for Type T_MATERIEL_TABLE
--------------------------------------------------------

  CREATE OR REPLACE EDITIONABLE TYPE "C_GPI"."T_MATERIEL_TABLE" AS TABLE OF t_materiel_row;

/
--------------------------------------------------------
--  DDL for Type T_PRESTATIONS_ROW
--------------------------------------------------------

  CREATE OR REPLACE EDITIONABLE TYPE "C_GPI"."T_PRESTATIONS_ROW" AS OBJECT(

    PRES_ID Number,
       FOURN_ID Number,
       DR_ID Number,
       PRESTATION VARCHAR2(256),
       DATE_PRESTATION DATE,
       COUT_PRESTATION NUMBER(8,2)   
);

/
--------------------------------------------------------
--  DDL for Type T_PRESTATIONS_TABLE
--------------------------------------------------------

  CREATE OR REPLACE EDITIONABLE TYPE "C_GPI"."T_PRESTATIONS_TABLE" AS TABLE OF t_prestations_row;

/
--------------------------------------------------------
--  DDL for Sequence SQCONTRAT_MAINTENANCE
--------------------------------------------------------

   CREATE SEQUENCE  "C_GPI"."SQCONTRAT_MAINTENANCE"  MINVALUE 1 MAXVALUE 99999 INCREMENT BY 1 START WITH 140 CACHE 20 NOORDER  NOCYCLE   ;
--------------------------------------------------------
--  DDL for Sequence SQDEPART
--------------------------------------------------------

   CREATE SEQUENCE  "C_GPI"."SQDEPART"  MINVALUE 1 MAXVALUE 99999 INCREMENT BY 1 START WITH 90 CACHE 20 NOORDER  NOCYCLE   ;
--------------------------------------------------------
--  DDL for Sequence SQDEPARTEMENTS
--------------------------------------------------------

   CREATE SEQUENCE  "C_GPI"."SQDEPARTEMENTS"  MINVALUE 1 MAXVALUE 99999 INCREMENT BY 1 START WITH 360 CACHE 20 NOORDER  NOCYCLE   ;
--------------------------------------------------------
--  DDL for Sequence SQDIRECTIONS
--------------------------------------------------------

   CREATE SEQUENCE  "C_GPI"."SQDIRECTIONS"  MINVALUE 1 MAXVALUE 99999 INCREMENT BY 1 START WITH 160 CACHE 20 NOORDER  NOCYCLE   ;
--------------------------------------------------------
--  DDL for Sequence SQEFFECTIF
--------------------------------------------------------

   CREATE SEQUENCE  "C_GPI"."SQEFFECTIF"  MINVALUE 1 MAXVALUE 99999999 INCREMENT BY 1 START WITH 851 CACHE 50 NOORDER  NOCYCLE   ;
--------------------------------------------------------
--  DDL for Sequence SQETAT_MATERIEL
--------------------------------------------------------

   CREATE SEQUENCE  "C_GPI"."SQETAT_MATERIEL"  MINVALUE 1 MAXVALUE 99999 INCREMENT BY 1 START WITH 140 CACHE 20 NOORDER  NOCYCLE   ;
--------------------------------------------------------
--  DDL for Sequence SQFOURNISSEURS
--------------------------------------------------------

   CREATE SEQUENCE  "C_GPI"."SQFOURNISSEURS"  MINVALUE 1 MAXVALUE 99999 INCREMENT BY 1 START WITH 180 CACHE 20 NOORDER  NOCYCLE   ;
--------------------------------------------------------
--  DDL for Sequence SQGPI_USERS
--------------------------------------------------------

   CREATE SEQUENCE  "C_GPI"."SQGPI_USERS"  MINVALUE 1 MAXVALUE 99999 INCREMENT BY 1 START WITH 70 CACHE 20 NOORDER  NOCYCLE   ;
--------------------------------------------------------
--  DDL for Sequence SQLOGICIELS
--------------------------------------------------------

   CREATE SEQUENCE  "C_GPI"."SQLOGICIELS"  MINVALUE 1 MAXVALUE 99999 INCREMENT BY 1 START WITH 140 CACHE 20 NOORDER  NOCYCLE   ;
--------------------------------------------------------
--  DDL for Sequence SQMATERIEL
--------------------------------------------------------

   CREATE SEQUENCE  "C_GPI"."SQMATERIEL"  MINVALUE 1 MAXVALUE 99999999 INCREMENT BY 1 START WITH 401 CACHE 50 NOORDER  NOCYCLE   ;
--------------------------------------------------------
--  DDL for Sequence SQPRESTATIONS
--------------------------------------------------------

   CREATE SEQUENCE  "C_GPI"."SQPRESTATIONS"  MINVALUE 1 MAXVALUE 99999999 INCREMENT BY 1 START WITH 251 CACHE 50 NOORDER  NOCYCLE   ;
--------------------------------------------------------
--  DDL for Sequence SQTYPE_BUREAU
--------------------------------------------------------

   CREATE SEQUENCE  "C_GPI"."SQTYPE_BUREAU"  MINVALUE 1 MAXVALUE 99999 INCREMENT BY 1 START WITH 180 CACHE 20 NOORDER  NOCYCLE   ;
--------------------------------------------------------
--  DDL for Table CONTRAT_MAINTENANCE
--------------------------------------------------------

  CREATE TABLE "C_GPI"."CONTRAT_MAINTENANCE" 
   (	"CONT_ID" NUMBER, 
	"FOURN_ID" NUMBER, 
	"REFERENCE_CONTRAT" VARCHAR2(256 BYTE)
   ) SEGMENT CREATION IMMEDIATE 
  PCTFREE 10 PCTUSED 40 INITRANS 1 MAXTRANS 255 
 NOCOMPRESS LOGGING
  STORAGE(INITIAL 65536 NEXT 1048576 MINEXTENTS 1 MAXEXTENTS 2147483645
  PCTINCREASE 0 FREELISTS 1 FREELIST GROUPS 1
  BUFFER_POOL DEFAULT FLASH_CACHE DEFAULT CELL_FLASH_CACHE DEFAULT)
  TABLESPACE "APEX_38760343483348506" ;
--------------------------------------------------------
--  DDL for Table DEPART
--------------------------------------------------------

  CREATE TABLE "C_GPI"."DEPART" 
   (	"DEPART_ID" NUMBER, 
	"MATRICULE" VARCHAR2(50 BYTE), 
	"MOBILE" VARCHAR2(256 BYTE), 
	"NUMSECUSOC" VARCHAR2(100 BYTE), 
	"DATERECRU" DATE, 
	"NATCONTRAT" VARCHAR2(50 BYTE), 
	"NOM" VARCHAR2(100 BYTE), 
	"PRENOM" VARCHAR2(100 BYTE), 
	"TYPE_JOB" VARCHAR2(256 BYTE), 
	"DEP_ID" NUMBER, 
	"GROUPSOC" VARCHAR2(50 BYTE), 
	"DR_ID" NUMBER, 
	"USER_MAIL" VARCHAR2(256 BYTE), 
	"MOTIFDEPART" VARCHAR2(256 BYTE), 
	"DATEDEPART" DATE
   ) SEGMENT CREATION IMMEDIATE 
  PCTFREE 10 PCTUSED 40 INITRANS 1 MAXTRANS 255 
 NOCOMPRESS LOGGING
  STORAGE(INITIAL 65536 NEXT 1048576 MINEXTENTS 1 MAXEXTENTS 2147483645
  PCTINCREASE 0 FREELISTS 1 FREELIST GROUPS 1
  BUFFER_POOL DEFAULT FLASH_CACHE DEFAULT CELL_FLASH_CACHE DEFAULT)
  TABLESPACE "APEX_38760343483348506" ;
--------------------------------------------------------
--  DDL for Table DEPARTEMENTS
--------------------------------------------------------

  CREATE TABLE "C_GPI"."DEPARTEMENTS" 
   (	"DEP_ID" NUMBER, 
	"DEPARTEMENT" VARCHAR2(256 BYTE), 
	"NOM_DEPARTEMENT" VARCHAR2(256 BYTE), 
	"DR_ID" NUMBER
   ) SEGMENT CREATION IMMEDIATE 
  PCTFREE 10 PCTUSED 40 INITRANS 1 MAXTRANS 255 
 NOCOMPRESS LOGGING
  STORAGE(INITIAL 65536 NEXT 1048576 MINEXTENTS 1 MAXEXTENTS 2147483645
  PCTINCREASE 0 FREELISTS 1 FREELIST GROUPS 1
  BUFFER_POOL DEFAULT FLASH_CACHE DEFAULT CELL_FLASH_CACHE DEFAULT)
  TABLESPACE "APEX_38760343483348506" ;
--------------------------------------------------------
--  DDL for Table DIRECTIONS
--------------------------------------------------------

  CREATE TABLE "C_GPI"."DIRECTIONS" 
   (	"DR_ID" NUMBER, 
	"NOM_DIRECTION" VARCHAR2(256 BYTE), 
	"CODE_DR" VARCHAR2(256 BYTE)
   ) SEGMENT CREATION IMMEDIATE 
  PCTFREE 10 PCTUSED 40 INITRANS 1 MAXTRANS 255 
 NOCOMPRESS LOGGING
  STORAGE(INITIAL 65536 NEXT 1048576 MINEXTENTS 1 MAXEXTENTS 2147483645
  PCTINCREASE 0 FREELISTS 1 FREELIST GROUPS 1
  BUFFER_POOL DEFAULT FLASH_CACHE DEFAULT CELL_FLASH_CACHE DEFAULT)
  TABLESPACE "APEX_38760343483348506" ;
--------------------------------------------------------
--  DDL for Table EFFECTIF
--------------------------------------------------------

  CREATE TABLE "C_GPI"."EFFECTIF" 
   (	"EFF_ID" NUMBER, 
	"DR_ID" NUMBER, 
	"DEP_ID" NUMBER, 
	"TYPE_BUR_ID" NUMBER, 
	"NOM_PRENOM" VARCHAR2(256 BYTE), 
	"USER_MAIL" VARCHAR2(256 BYTE), 
	"TYPE_JOB" VARCHAR2(256 BYTE), 
	"NUMERO_BUREAU" VARCHAR2(50 BYTE), 
	"MOBILE" VARCHAR2(256 BYTE), 
	"MATRICULE" VARCHAR2(50 BYTE), 
	"NUMSECUSOC" VARCHAR2(100 BYTE), 
	"NATCONTRAT" VARCHAR2(50 BYTE), 
	"GROUPSOC" VARCHAR2(100 BYTE), 
	"DATERECRU" DATE, 
	"NOM" VARCHAR2(100 BYTE), 
	"PRENOM" VARCHAR2(100 BYTE), 
	"STATUT_EMP" VARCHAR2(1 BYTE), 
	"DATEDEPART" DATE
   ) SEGMENT CREATION IMMEDIATE 
  PCTFREE 10 PCTUSED 40 INITRANS 1 MAXTRANS 255 
 NOCOMPRESS LOGGING
  STORAGE(INITIAL 65536 NEXT 1048576 MINEXTENTS 1 MAXEXTENTS 2147483645
  PCTINCREASE 0 FREELISTS 1 FREELIST GROUPS 1
  BUFFER_POOL DEFAULT FLASH_CACHE DEFAULT CELL_FLASH_CACHE DEFAULT)
  TABLESPACE "APEX_38760343483348506" ;
--------------------------------------------------------
--  DDL for Table ETAT_MATERIEL
--------------------------------------------------------

  CREATE TABLE "C_GPI"."ETAT_MATERIEL" 
   (	"ETAT_MAT_ID" NUMBER, 
	"ETAT_MATERIEL" VARCHAR2(256 BYTE)
   ) SEGMENT CREATION IMMEDIATE 
  PCTFREE 10 PCTUSED 40 INITRANS 1 MAXTRANS 255 
 NOCOMPRESS LOGGING
  STORAGE(INITIAL 65536 NEXT 1048576 MINEXTENTS 1 MAXEXTENTS 2147483645
  PCTINCREASE 0 FREELISTS 1 FREELIST GROUPS 1
  BUFFER_POOL DEFAULT FLASH_CACHE DEFAULT CELL_FLASH_CACHE DEFAULT)
  TABLESPACE "APEX_38760343483348506" ;
--------------------------------------------------------
--  DDL for Table FOURNISSEURS
--------------------------------------------------------

  CREATE TABLE "C_GPI"."FOURNISSEURS" 
   (	"FOURN_ID" NUMBER, 
	"NOM_ENTREPRISE" VARCHAR2(256 BYTE), 
	"MAIL" VARCHAR2(256 BYTE), 
	"TELEPHONE" VARCHAR2(256 BYTE), 
	"ADRESSE" VARCHAR2(256 BYTE)
   ) SEGMENT CREATION IMMEDIATE 
  PCTFREE 10 PCTUSED 40 INITRANS 1 MAXTRANS 255 
 NOCOMPRESS LOGGING
  STORAGE(INITIAL 65536 NEXT 1048576 MINEXTENTS 1 MAXEXTENTS 2147483645
  PCTINCREASE 0 FREELISTS 1 FREELIST GROUPS 1
  BUFFER_POOL DEFAULT FLASH_CACHE DEFAULT CELL_FLASH_CACHE DEFAULT)
  TABLESPACE "APEX_38760343483348506" ;
--------------------------------------------------------
--  DDL for Table GPI_USERS
--------------------------------------------------------

  CREATE TABLE "C_GPI"."GPI_USERS" 
   (	"USER_ID" NUMBER, 
	"DR_ID" VARCHAR2(256 BYTE), 
	"USERS_GPI" VARCHAR2(256 BYTE), 
	"ROLE_USERS_GPI" VARCHAR2(50 BYTE)
   ) SEGMENT CREATION IMMEDIATE 
  PCTFREE 10 PCTUSED 40 INITRANS 1 MAXTRANS 255 
 NOCOMPRESS LOGGING
  STORAGE(INITIAL 65536 NEXT 1048576 MINEXTENTS 1 MAXEXTENTS 2147483645
  PCTINCREASE 0 FREELISTS 1 FREELIST GROUPS 1
  BUFFER_POOL DEFAULT FLASH_CACHE DEFAULT CELL_FLASH_CACHE DEFAULT)
  TABLESPACE "APEX_38760343483348506" ;
--------------------------------------------------------
--  DDL for Table LOGICIELS
--------------------------------------------------------

  CREATE TABLE "C_GPI"."LOGICIELS" 
   (	"LOG_ID" NUMBER, 
	"FOURN_ID" NUMBER, 
	"NOM_LOGICIEL" VARCHAR2(256 BYTE), 
	"DATE_ACTIVATION" DATE, 
	"DATE_EXPIRATION" DATE, 
	"COUT_LOGICIEL_DA" NUMBER(8,2)
   ) SEGMENT CREATION IMMEDIATE 
  PCTFREE 10 PCTUSED 40 INITRANS 1 MAXTRANS 255 
 NOCOMPRESS LOGGING
  STORAGE(INITIAL 65536 NEXT 1048576 MINEXTENTS 1 MAXEXTENTS 2147483645
  PCTINCREASE 0 FREELISTS 1 FREELIST GROUPS 1
  BUFFER_POOL DEFAULT FLASH_CACHE DEFAULT CELL_FLASH_CACHE DEFAULT)
  TABLESPACE "APEX_38760343483348506" ;

   COMMENT ON TABLE "C_GPI"."LOGICIELS"  IS 'LOGICIELS INSTALLES';
--------------------------------------------------------
--  DDL for Table MATERIEL
--------------------------------------------------------

  CREATE TABLE "C_GPI"."MATERIEL" 
   (	"MAT_ID" NUMBER, 
	"FOURN_ID" NUMBER, 
	"ETAT_MAT_ID" NUMBER, 
	"EFF_ID" NUMBER, 
	"DR_ID" NUMBER, 
	"DEP_ID" NUMBER, 
	"TYPE_BUR_ID" NUMBER, 
	"TYPE_MATERIEL" VARCHAR2(256 BYTE), 
	"MARQUE" VARCHAR2(256 BYTE), 
	"MODEL_REFERENCE" VARCHAR2(256 BYTE), 
	"NUM_INVENTAIRE" VARCHAR2(256 BYTE), 
	"REF_TAG" VARCHAR2(256 BYTE), 
	"MAT_NUM_BUR" VARCHAR2(256 BYTE), 
	"DATE_ACHAT_MAT" DATE, 
	"COUT_MATERIEL_DA" NUMBER(8,2), 
	"OBSERVATIONS" NVARCHAR2(500)
   ) SEGMENT CREATION IMMEDIATE 
  PCTFREE 10 PCTUSED 40 INITRANS 1 MAXTRANS 255 
 NOCOMPRESS LOGGING
  STORAGE(INITIAL 65536 NEXT 1048576 MINEXTENTS 1 MAXEXTENTS 2147483645
  PCTINCREASE 0 FREELISTS 1 FREELIST GROUPS 1
  BUFFER_POOL DEFAULT FLASH_CACHE DEFAULT CELL_FLASH_CACHE DEFAULT)
  TABLESPACE "APEX_38760343483348506" ;
--------------------------------------------------------
--  DDL for Table PRESTATIONS
--------------------------------------------------------

  CREATE TABLE "C_GPI"."PRESTATIONS" 
   (	"PRES_ID" NUMBER, 
	"FOURN_ID" NUMBER, 
	"DR_ID" NUMBER, 
	"PRESTATION" VARCHAR2(256 BYTE), 
	"DATE_PRESTATION" DATE, 
	"COUT_PRESTATION" NUMBER(8,2)
   ) SEGMENT CREATION IMMEDIATE 
  PCTFREE 10 PCTUSED 40 INITRANS 1 MAXTRANS 255 
 NOCOMPRESS LOGGING
  STORAGE(INITIAL 65536 NEXT 1048576 MINEXTENTS 1 MAXEXTENTS 2147483645
  PCTINCREASE 0 FREELISTS 1 FREELIST GROUPS 1
  BUFFER_POOL DEFAULT FLASH_CACHE DEFAULT CELL_FLASH_CACHE DEFAULT)
  TABLESPACE "APEX_38760343483348506" ;
--------------------------------------------------------
--  DDL for Table TYPE_BUREAU
--------------------------------------------------------

  CREATE TABLE "C_GPI"."TYPE_BUREAU" 
   (	"TYPE_BUR_ID" NUMBER, 
	"TYPE_BUREAU" VARCHAR2(256 BYTE)
   ) SEGMENT CREATION IMMEDIATE 
  PCTFREE 10 PCTUSED 40 INITRANS 1 MAXTRANS 255 
 NOCOMPRESS LOGGING
  STORAGE(INITIAL 65536 NEXT 1048576 MINEXTENTS 1 MAXEXTENTS 2147483645
  PCTINCREASE 0 FREELISTS 1 FREELIST GROUPS 1
  BUFFER_POOL DEFAULT FLASH_CACHE DEFAULT CELL_FLASH_CACHE DEFAULT)
  TABLESPACE "APEX_38760343483348506" ;
REM INSERTING into C_GPI.CONTRAT_MAINTENANCE
SET DEFINE OFF;
Insert into C_GPI.CONTRAT_MAINTENANCE (CONT_ID,FOURN_ID,REFERENCE_CONTRAT) values ('1','1','Contrat_Maintenance_Equipement_DATA_CENTER');
Insert into C_GPI.CONTRAT_MAINTENANCE (CONT_ID,FOURN_ID,REFERENCE_CONTRAT) values ('2','7','Contrat_Achat_Matériel_DATA_CENTER');
Insert into C_GPI.CONTRAT_MAINTENANCE (CONT_ID,FOURN_ID,REFERENCE_CONTRAT) values ('3','2','Contrat_Achat_&_Maintenance_Matériel_informatique');
Insert into C_GPI.CONTRAT_MAINTENANCE (CONT_ID,FOURN_ID,REFERENCE_CONTRAT) values ('4','6','Contrat_INTERNET');
Insert into C_GPI.CONTRAT_MAINTENANCE (CONT_ID,FOURN_ID,REFERENCE_CONTRAT) values ('5','8','Contrat_INTERNET');
Insert into C_GPI.CONTRAT_MAINTENANCE (CONT_ID,FOURN_ID,REFERENCE_CONTRAT) values ('6','5','Contrat_Achat_&_Maintenance_SITE_WEB_(CIAR)');
Insert into C_GPI.CONTRAT_MAINTENANCE (CONT_ID,FOURN_ID,REFERENCE_CONTRAT) values ('7','4','Contrat_Achat_&_Maintenance_ERP');
Insert into C_GPI.CONTRAT_MAINTENANCE (CONT_ID,FOURN_ID,REFERENCE_CONTRAT) values ('8','9','Contrat_Achat_&_Maintenance_SYMANTEC');
Insert into C_GPI.CONTRAT_MAINTENANCE (CONT_ID,FOURN_ID,REFERENCE_CONTRAT) values ('9','3','Contrat_Bureatique');
REM INSERTING into C_GPI.DEPART
SET DEFINE OFF;
Insert into C_GPI.DEPART (DEPART_ID,MATRICULE,MOBILE,NUMSECUSOC,DATERECRU,NATCONTRAT,NOM,PRENOM,TYPE_JOB,DEP_ID,GROUPSOC,DR_ID,USER_MAIL,MOTIFDEPART,DATEDEPART) values ('71','0427',null,'92 03 48 007 442',to_date('08/10/23','DD/MM/RR'),'CDI','LIMAM','Mohamed Amir','Sous-Directeur Construction','175',null,'1','m.limam@laciar.com','Démission',to_date('04/04/24','DD/MM/RR'));
Insert into C_GPI.DEPART (DEPART_ID,MATRICULE,MOBILE,NUMSECUSOC,DATERECRU,NATCONTRAT,NOM,PRENOM,TYPE_JOB,DEP_ID,GROUPSOC,DR_ID,USER_MAIL,MOTIFDEPART,DATEDEPART) values ('81','0171','0561604542','63 4389 0002 46',to_date('01/04/14','DD/MM/RR'),'CDI','BOUDINA','ABDALLAH','Agent de sécurité','2',null,'1',null,'Départ en Retraite',to_date('31/01/24','DD/MM/RR'));
Insert into C_GPI.DEPART (DEPART_ID,MATRICULE,MOBILE,NUMSECUSOC,DATERECRU,NATCONTRAT,NOM,PRENOM,TYPE_JOB,DEP_ID,GROUPSOC,DR_ID,USER_MAIL,MOTIFDEPART,DATEDEPART) values ('72','0029','0561641823','55 0179 0156 43',to_date('02/07/05','DD/MM/RR'),'CDD','ABBAS','AEK','Agent d''Entretien ( Bou Ismail )','2',null,'1',null,'Fin de Contrat',to_date('09/04/24','DD/MM/RR'));
Insert into C_GPI.DEPART (DEPART_ID,MATRICULE,MOBILE,NUMSECUSOC,DATERECRU,NATCONTRAT,NOM,PRENOM,TYPE_JOB,DEP_ID,GROUPSOC,DR_ID,USER_MAIL,MOTIFDEPART,DATEDEPART) values ('73','0370',null,'76 05 77 003 344',to_date('04/09/22','DD/MM/RR'),'CDI','KSIKES','Riad','Chef d''Agence','323',null,'6',null,'Reconversion AGA',to_date('31/01/24','DD/MM/RR'));
Insert into C_GPI.DEPART (DEPART_ID,MATRICULE,MOBILE,NUMSECUSOC,DATERECRU,NATCONTRAT,NOM,PRENOM,TYPE_JOB,DEP_ID,GROUPSOC,DR_ID,USER_MAIL,MOTIFDEPART,DATEDEPART) values ('74','0296',null,'77 01 11 014 857',to_date('10/01/21','DD/MM/RR'),'CDI','BELLABIDI','Mohamed Rochdi','Agent de production','320',null,'5',null,'Reconversion AGA',to_date('31/03/24','DD/MM/RR'));
Insert into C_GPI.DEPART (DEPART_ID,MATRICULE,MOBILE,NUMSECUSOC,DATERECRU,NATCONTRAT,NOM,PRENOM,TYPE_JOB,DEP_ID,GROUPSOC,DR_ID,USER_MAIL,MOTIFDEPART,DATEDEPART) values ('75','0292','0560620402','92 00 48 047 837',to_date('01/12/20','DD/MM/RR'),'CDI','DRISS','Hocine','Chef d''Agence','320',null,'5',null,'Reconversion AGA',to_date('31/03/24','DD/MM/RR'));
Insert into C_GPI.DEPART (DEPART_ID,MATRICULE,MOBILE,NUMSECUSOC,DATERECRU,NATCONTRAT,NOM,PRENOM,TYPE_JOB,DEP_ID,GROUPSOC,DR_ID,USER_MAIL,MOTIFDEPART,DATEDEPART) values ('76','0209','0561604513','88 10 82 008 336',to_date('01/06/16','DD/MM/RR'),'CDI','OULED LAID','Mohammed Faouzi','Chef de Service Finance et Comptabilité','183',null,'5','F.OULEDLAID@laciar.com','Démission',to_date('25/04/24','DD/MM/RR'));
REM INSERTING into C_GPI.DEPARTEMENTS
SET DEFINE OFF;
Insert into C_GPI.DEPARTEMENTS (DEP_ID,DEPARTEMENT,NOM_DEPARTEMENT,DR_ID) values ('1','DG','Direction GENERALE SIEGE HYDRA','1');
Insert into C_GPI.DEPARTEMENTS (DEP_ID,DEPARTEMENT,NOM_DEPARTEMENT,DR_ID) values ('2','DAG SIEGE','DIRECTION ADMINISTRATION GENERALE SIEGE HYDRA','1');
Insert into C_GPI.DEPARTEMENTS (DEP_ID,DEPARTEMENT,NOM_DEPARTEMENT,DR_ID) values ('3','JURIDIQUE DR ANNABA','JURIDIQUE DIRECTION REGIONALE ANNABA','3');
Insert into C_GPI.DEPARTEMENTS (DEP_ID,DEPARTEMENT,NOM_DEPARTEMENT,DR_ID) values ('4','INFORMATIQUE DR ANNABA','INFORMATIQUE DIRECTION REGIONALE ANNABA','3');
Insert into C_GPI.DEPARTEMENTS (DEP_ID,DEPARTEMENT,NOM_DEPARTEMENT,DR_ID) values ('266','DR ALGER','DIRECTION REGIONALE ALGER','2');
Insert into C_GPI.DEPARTEMENTS (DEP_ID,DEPARTEMENT,NOM_DEPARTEMENT,DR_ID) values ('6','DFC DR ORAN','FINANCE et COMPTABILITE DIRECTION REGIONALE ORAN','4');
Insert into C_GPI.DEPARTEMENTS (DEP_ID,DEPARTEMENT,NOM_DEPARTEMENT,DR_ID) values ('7','REASSURANCE DG','REASSURANCE DIRECTION GENERALE SIEGE HYDRA','1');
Insert into C_GPI.DEPARTEMENTS (DEP_ID,DEPARTEMENT,NOM_DEPARTEMENT,DR_ID) values ('8','RESEAU et COMMERCIAL DR BLIDA','RESEAU et COMMERCIAL DIRECTION REGIONALE BLIDA','7');
Insert into C_GPI.DEPARTEMENTS (DEP_ID,DEPARTEMENT,NOM_DEPARTEMENT,DR_ID) values ('9','RISK MANAGEMENT DG','RISK_MANAGEMENT DIRECTION GENERALE SIEGE HYDRA','1');
Insert into C_GPI.DEPARTEMENTS (DEP_ID,DEPARTEMENT,NOM_DEPARTEMENT,DR_ID) values ('10','SOUSCRIPTION (TECHNIQUE) DR ORAN','SOUSCRIPTION DIRECTION REGIONALE ORAN','4');
Insert into C_GPI.DEPARTEMENTS (DEP_ID,DEPARTEMENT,NOM_DEPARTEMENT,DR_ID) values ('269','DFCA ANNABA','DIRECTION FNANCES COMPTABILITE et ADMINISTRATION REGIONALE ANNABA','3');
Insert into C_GPI.DEPARTEMENTS (DEP_ID,DEPARTEMENT,NOM_DEPARTEMENT,DR_ID) values ('295','AC 8340 ALGER','Agence Concédée code 8340 Direction Régionale ALGER','2');
Insert into C_GPI.DEPARTEMENTS (DEP_ID,DEPARTEMENT,NOM_DEPARTEMENT,DR_ID) values ('304','AGA 5181 A DR ALGER','Agence Agréée 5181 Direction Régionale Alger','2');
Insert into C_GPI.DEPARTEMENTS (DEP_ID,DEPARTEMENT,NOM_DEPARTEMENT,DR_ID) values ('305','AD 7840 ANNABA','AGENCE DIRECTE 7840 DIRECTION REGIONALE ANNABA','3');
Insert into C_GPI.DEPARTEMENTS (DEP_ID,DEPARTEMENT,NOM_DEPARTEMENT,DR_ID) values ('313','AC 7910 ANNABA','Agence Concédée 7910 Direction Régionale ANNABA','3');
Insert into C_GPI.DEPARTEMENTS (DEP_ID,DEPARTEMENT,NOM_DEPARTEMENT,DR_ID) values ('327','AD 1420 DR BLIDA','AGENCE DIRECTE 1420 DIRECTION REGIONALE BLIDA','7');
Insert into C_GPI.DEPARTEMENTS (DEP_ID,DEPARTEMENT,NOM_DEPARTEMENT,DR_ID) values ('331','AC 2671 DR BLIDA','Agence Concédée 2671 Direction Régionale BLIDA','7');
Insert into C_GPI.DEPARTEMENTS (DEP_ID,DEPARTEMENT,NOM_DEPARTEMENT,DR_ID) values ('333','AC 3960 ORAN','Agence Concédée 3960 Direction Régionale ORAN','4');
Insert into C_GPI.DEPARTEMENTS (DEP_ID,DEPARTEMENT,NOM_DEPARTEMENT,DR_ID) values ('334','AC 5410 GHARDAIA','Agence Concédée 5410 Direction Régionale GHARDAIA','5');
Insert into C_GPI.DEPARTEMENTS (DEP_ID,DEPARTEMENT,NOM_DEPARTEMENT,DR_ID) values ('340','Centre de Liquidation DR BLIDA','Centre de Liquidation DIRECTION REGIONALE BLIDA','7');
Insert into C_GPI.DEPARTEMENTS (DEP_ID,DEPARTEMENT,NOM_DEPARTEMENT,DR_ID) values ('141','CONTROLE DR ANNABA','CONTROLE DIRECTION REGIONALE ANNABA','3');
Insert into C_GPI.DEPARTEMENTS (DEP_ID,DEPARTEMENT,NOM_DEPARTEMENT,DR_ID) values ('140','CREANCE et RECOUVEREMENT DR ORAN','CREANCE et RECOUVEREMENT DIRECTION REGIONALE ORAN','4');
Insert into C_GPI.DEPARTEMENTS (DEP_ID,DEPARTEMENT,NOM_DEPARTEMENT,DR_ID) values ('142','DFC DR ANNABA','FNANCES et COMPTABILITE DIRECTION REGIONALE ANNABA','3');
Insert into C_GPI.DEPARTEMENTS (DEP_ID,DEPARTEMENT,NOM_DEPARTEMENT,DR_ID) values ('160','RESEAU DR ORAN','RESEAU DIRECTION REGIONALE ORAN','4');
Insert into C_GPI.DEPARTEMENTS (DEP_ID,DEPARTEMENT,NOM_DEPARTEMENT,DR_ID) values ('258','JURIDIQUE DR GHARDAIA','JURIDIQUE DIRECTION REGIONALE GHARDAIA','5');
Insert into C_GPI.DEPARTEMENTS (DEP_ID,DEPARTEMENT,NOM_DEPARTEMENT,DR_ID) values ('250','PROD DR DELIBRAHIM','PRODUCTION DIRECTION REGIONALE DELIBRAHIM','8');
Insert into C_GPI.DEPARTEMENTS (DEP_ID,DEPARTEMENT,NOM_DEPARTEMENT,DR_ID) values ('259','RESEAU DR ANNABA','RESEAU DIRECTION REGIONALE ANNABA','3');
Insert into C_GPI.DEPARTEMENTS (DEP_ID,DEPARTEMENT,NOM_DEPARTEMENT,DR_ID) values ('260','RESEAU DR GHARDAIA','RESEAU DIRECTION REGIONALE GHARDAIA','5');
Insert into C_GPI.DEPARTEMENTS (DEP_ID,DEPARTEMENT,NOM_DEPARTEMENT,DR_ID) values ('261','RESEAU DR SETIF','RESEAU DIRECTION REGIONALE SETIF','6');
Insert into C_GPI.DEPARTEMENTS (DEP_ID,DEPARTEMENT,NOM_DEPARTEMENT,DR_ID) values ('262','SOUSCRIPTION (TECHNIQUE) DR ANNABA','SOUSCRIPTION DIRECTION REGIONALE ANNABA','3');
Insert into C_GPI.DEPARTEMENTS (DEP_ID,DEPARTEMENT,NOM_DEPARTEMENT,DR_ID) values ('263','SOUSCRIPTION (TECHNIQUE) DR GHARDAIA','SOUSCRIPTION DIRECTION REGIONALE GHARDAIA','5');
Insert into C_GPI.DEPARTEMENTS (DEP_ID,DEPARTEMENT,NOM_DEPARTEMENT,DR_ID) values ('264','SOUSCRIPTION (TECHNIQUE) DR SETIF','SOUSCRIPTION DIRECTION REGIONALE SETIF','6');
Insert into C_GPI.DEPARTEMENTS (DEP_ID,DEPARTEMENT,NOM_DEPARTEMENT,DR_ID) values ('265','SOUSCRIPTION (TECHNIQUE) DR BLIDA','SOUSCRIPTION DIRECTION REGIONALE BLIDA','7');
Insert into C_GPI.DEPARTEMENTS (DEP_ID,DEPARTEMENT,NOM_DEPARTEMENT,DR_ID) values ('267','DR ANNABA','DIRECTION REGIONALE ANNABA','3');
Insert into C_GPI.DEPARTEMENTS (DEP_ID,DEPARTEMENT,NOM_DEPARTEMENT,DR_ID) values ('268','DR ORAN','DIRECTION REGIONALE ORAN','4');
Insert into C_GPI.DEPARTEMENTS (DEP_ID,DEPARTEMENT,NOM_DEPARTEMENT,DR_ID) values ('270','DFCA ALGER','DIRECTION FNANCES COMPTABILITE et ADMINISTRATION REGIONALE ALGER','2');
Insert into C_GPI.DEPARTEMENTS (DEP_ID,DEPARTEMENT,NOM_DEPARTEMENT,DR_ID) values ('271','DFCA ORAN','DIRECTION FNANCES COMPTABILITE et ADMINISTRATION REGIONALE ORAN','4');
Insert into C_GPI.DEPARTEMENTS (DEP_ID,DEPARTEMENT,NOM_DEPARTEMENT,DR_ID) values ('272','DFCA GHARDAIA','DIRECTION FNANCES COMPTABILITE et ADMINISTRATION REGIONALE GHARDAIA','5');
Insert into C_GPI.DEPARTEMENTS (DEP_ID,DEPARTEMENT,NOM_DEPARTEMENT,DR_ID) values ('273','DFCA DALIBRAHIM','DIRECTION FNANCES COMPTABILITE et ADMINISTRATION REGIONALE DALIBRAHIM','8');
Insert into C_GPI.DEPARTEMENTS (DEP_ID,DEPARTEMENT,NOM_DEPARTEMENT,DR_ID) values ('274','RESEAU et COMMERCIAL DR ALGER','RESEAU et COMMERCIAL DIRECTION REGIONALE ALGER','2');
Insert into C_GPI.DEPARTEMENTS (DEP_ID,DEPARTEMENT,NOM_DEPARTEMENT,DR_ID) values ('275','RESEAU et COMMERCIAL DR ANNABA','RESEAU et COMMERCIAL DIRECTION REGIONALE ANNABA','3');
Insert into C_GPI.DEPARTEMENTS (DEP_ID,DEPARTEMENT,NOM_DEPARTEMENT,DR_ID) values ('276','RESEAU et COMMERCIAL DR ORAN','RESEAU et COMMERCIAL DIRECTION REGIONALE ORAN','4');
Insert into C_GPI.DEPARTEMENTS (DEP_ID,DEPARTEMENT,NOM_DEPARTEMENT,DR_ID) values ('277','RESEAU et COMMERCIAL DR GHARDAIA','RESEAU et COMMERCIAL DIRECTION REGIONALE GHARDAIA','5');
Insert into C_GPI.DEPARTEMENTS (DEP_ID,DEPARTEMENT,NOM_DEPARTEMENT,DR_ID) values ('278','RESEAU et COMMERCIAL DR SETIF','RESEAU et COMMERCIAL DIRECTION REGIONALE SETIF','6');
Insert into C_GPI.DEPARTEMENTS (DEP_ID,DEPARTEMENT,NOM_DEPARTEMENT,DR_ID) values ('279','RESEAU et COMMERCIAL DR DALIBRAHIM','RESEAU et COMMERCIAL DIRECTION REGIONALE DALIBRAHIM','8');
Insert into C_GPI.DEPARTEMENTS (DEP_ID,DEPARTEMENT,NOM_DEPARTEMENT,DR_ID) values ('280','ADMINISTRATION DR SETIF','DIRECTION ADMINISTRATION REGIONALE SETIF','6');
Insert into C_GPI.DEPARTEMENTS (DEP_ID,DEPARTEMENT,NOM_DEPARTEMENT,DR_ID) values ('287','AC DR DALIBRAHIM','Agence Concédée Direction Régionale DALIBRAHIM','8');
Insert into C_GPI.DEPARTEMENTS (DEP_ID,DEPARTEMENT,NOM_DEPARTEMENT,DR_ID) values ('288','RESEAU et COMMERCIAL DG','RESEAU et COMMERCIAL DIRECTION GENERALE SIEGE HYDRA','1');
Insert into C_GPI.DEPARTEMENTS (DEP_ID,DEPARTEMENT,NOM_DEPARTEMENT,DR_ID) values ('289','RESEAU DR BLIDA','RESEAU DIRECTION REGIONALE BLIDA','7');
Insert into C_GPI.DEPARTEMENTS (DEP_ID,DEPARTEMENT,NOM_DEPARTEMENT,DR_ID) values ('290','CREANCE et RECOUVEREMENT DR ANNABA','CREANCE et RECOUVEREMENT DIRECTION REGIONALE ANNABA','3');
Insert into C_GPI.DEPARTEMENTS (DEP_ID,DEPARTEMENT,NOM_DEPARTEMENT,DR_ID) values ('291','CREANCE et RECOUVEREMENT DR GHARDAIA','CREANCE et RECOUVEREMENT DIRECTION REGIONALE GHARDAIA','5');
Insert into C_GPI.DEPARTEMENTS (DEP_ID,DEPARTEMENT,NOM_DEPARTEMENT,DR_ID) values ('292','CREANCE et RECOUVEREMENT DR BLIDA','CREANCE et RECOUVEREMENT DIRECTION REGIONALE BLIDA','7');
Insert into C_GPI.DEPARTEMENTS (DEP_ID,DEPARTEMENT,NOM_DEPARTEMENT,DR_ID) values ('293','DFC DR SETIF','FINANCE et COMPTABILITE DIRECTION REGIONALE SETIF','6');
Insert into C_GPI.DEPARTEMENTS (DEP_ID,DEPARTEMENT,NOM_DEPARTEMENT,DR_ID) values ('143','SINISTRE DR ANNABA','SINISTRE DIRECTION REGIONALE ANNABA','3');
Insert into C_GPI.DEPARTEMENTS (DEP_ID,DEPARTEMENT,NOM_DEPARTEMENT,DR_ID) values ('144','COMMUNICATION DG','COMMUNICATION DIRECTION GENERALE SIEGE HYDRA','1');
Insert into C_GPI.DEPARTEMENTS (DEP_ID,DEPARTEMENT,NOM_DEPARTEMENT,DR_ID) values ('145','ACTUARIAT DG','ACTUARIAT DIRECTION GENERALE SIEGE HYDRA','1');
Insert into C_GPI.DEPARTEMENTS (DEP_ID,DEPARTEMENT,NOM_DEPARTEMENT,DR_ID) values ('146','ADMINISTRATION DR ANNABA','DIRECTION ADMINISTRATION REGIONALE ANNABA','3');
Insert into C_GPI.DEPARTEMENTS (DEP_ID,DEPARTEMENT,NOM_DEPARTEMENT,DR_ID) values ('175','SOUSCRIPTION (TECHNIQUE) DG','SOUSCRIPTION (TECHNIQUE) DIRECTION GENERALE SIEGE HYDRA','1');
Insert into C_GPI.DEPARTEMENTS (DEP_ID,DEPARTEMENT,NOM_DEPARTEMENT,DR_ID) values ('148','PROD DR ANNABA','PRODUCTION DIRECTION REGIONALE ANNABA','3');
Insert into C_GPI.DEPARTEMENTS (DEP_ID,DEPARTEMENT,NOM_DEPARTEMENT,DR_ID) values ('149','ADMINISTRATION DR GHARDAIA','DIRECTION ADMINISTRATION REGIONALE GHARDAIA','5');
Insert into C_GPI.DEPARTEMENTS (DEP_ID,DEPARTEMENT,NOM_DEPARTEMENT,DR_ID) values ('174','Centre de LIQUIDATION DG','Centre de LIQUIDATION DIRECTION GENERALE SIEGE HYDRA','1');
Insert into C_GPI.DEPARTEMENTS (DEP_ID,DEPARTEMENT,NOM_DEPARTEMENT,DR_ID) values ('179','INFORMATIQUE DR ORAN','INFORMATIQUE DIRECTION REGIONALE ORAN','4');
Insert into C_GPI.DEPARTEMENTS (DEP_ID,DEPARTEMENT,NOM_DEPARTEMENT,DR_ID) values ('163','Centre de RECOUVREMENT DG','Centre de RECOUVREMENT DIRECTION GENERALE SIEGE HYDRA','1');
Insert into C_GPI.DEPARTEMENTS (DEP_ID,DEPARTEMENT,NOM_DEPARTEMENT,DR_ID) values ('164','PLACEMENTS et INVISTISSEMENTS DG','PLACEMENTS et INVISTISSEMENTS DIRECTION GENERALE SIEGE HYDRA','1');
Insert into C_GPI.DEPARTEMENTS (DEP_ID,DEPARTEMENT,NOM_DEPARTEMENT,DR_ID) values ('165','Centre d''ASSAINISSEMENT DG','Centre d''ASSAINISSEMENT DIRECTION GENERALE SIEGE HYDRA','1');
Insert into C_GPI.DEPARTEMENTS (DEP_ID,DEPARTEMENT,NOM_DEPARTEMENT,DR_ID) values ('166','JURIDIQUE  DG','JURIDIQUE DIRECTION GENERALE SIEGE HYDRA','1');
Insert into C_GPI.DEPARTEMENTS (DEP_ID,DEPARTEMENT,NOM_DEPARTEMENT,DR_ID) values ('167','INFORMATIQUE DG','INFORMATIQUE DIRECTION GENERALE SIEGE HYDRA','1');
Insert into C_GPI.DEPARTEMENTS (DEP_ID,DEPARTEMENT,NOM_DEPARTEMENT,DR_ID) values ('168','DFC DG','FINANCE et COMPTABILITE DIRECTION GENERALE SIEGE HYDRA','1');
Insert into C_GPI.DEPARTEMENTS (DEP_ID,DEPARTEMENT,NOM_DEPARTEMENT,DR_ID) values ('177','CONTROLE DR ORAN','CONTROLE DIRECTION REGIONALE ORAN','4');
Insert into C_GPI.DEPARTEMENTS (DEP_ID,DEPARTEMENT,NOM_DEPARTEMENT,DR_ID) values ('170','RESEAU DG','RESEAU DIRECTION GENERALE SIEGE HYDRA','1');
Insert into C_GPI.DEPARTEMENTS (DEP_ID,DEPARTEMENT,NOM_DEPARTEMENT,DR_ID) values ('171','SINISTRE DG','SINISTRE DIRECTION GENERALE SIEGE HYDRA','1');
Insert into C_GPI.DEPARTEMENTS (DEP_ID,DEPARTEMENT,NOM_DEPARTEMENT,DR_ID) values ('172','CONTROLE DG','CONTROLE DIRECTION GENERALE SIEGE HYDRA','1');
Insert into C_GPI.DEPARTEMENTS (DEP_ID,DEPARTEMENT,NOM_DEPARTEMENT,DR_ID) values ('178','ADMINISTRATION DR ORAN','DIRECTION ADMINISTRATION REGIONALE ORAN','4');
Insert into C_GPI.DEPARTEMENTS (DEP_ID,DEPARTEMENT,NOM_DEPARTEMENT,DR_ID) values ('180','JURIDIQUE DR ORAN','JURIDIQUE DIRECTION REGIONALE ORAN','4');
Insert into C_GPI.DEPARTEMENTS (DEP_ID,DEPARTEMENT,NOM_DEPARTEMENT,DR_ID) values ('181','SINISTRE DR ORAN','SINISTRE DIRECTION REGIONALE ORAN','4');
Insert into C_GPI.DEPARTEMENTS (DEP_ID,DEPARTEMENT,NOM_DEPARTEMENT,DR_ID) values ('182','CONTROLE DR GHARDAIA','CONTROLE DIRECTION REGIONALE GHARDAIA','5');
Insert into C_GPI.DEPARTEMENTS (DEP_ID,DEPARTEMENT,NOM_DEPARTEMENT,DR_ID) values ('183','DFC DR GHARDAIA','FINANCE et COMPTABILITE DIRECTION REGIONALE GHARDAIA','5');
Insert into C_GPI.DEPARTEMENTS (DEP_ID,DEPARTEMENT,NOM_DEPARTEMENT,DR_ID) values ('184','DR GHARDAIA','DIRECTION REGIONALE DR GHARDAIA','5');
Insert into C_GPI.DEPARTEMENTS (DEP_ID,DEPARTEMENT,NOM_DEPARTEMENT,DR_ID) values ('185','INFORMATIQUE DR GHARDAIA','INFORMATIQUE DIRECTION REGIONALE GHARDAIA','5');
Insert into C_GPI.DEPARTEMENTS (DEP_ID,DEPARTEMENT,NOM_DEPARTEMENT,DR_ID) values ('186','PROD DR GHARDAIA','PRODUCTION DR GHARDAIA','5');
Insert into C_GPI.DEPARTEMENTS (DEP_ID,DEPARTEMENT,NOM_DEPARTEMENT,DR_ID) values ('187','SINISTRE DR GHARDAIA','SINISTRE DIRECTION REGIONALE GHARDAIA','5');
Insert into C_GPI.DEPARTEMENTS (DEP_ID,DEPARTEMENT,NOM_DEPARTEMENT,DR_ID) values ('188','CONTROLE DR SETIF','CONTROLE DIRECTION REGIONALE SETIF','6');
Insert into C_GPI.DEPARTEMENTS (DEP_ID,DEPARTEMENT,NOM_DEPARTEMENT,DR_ID) values ('189','CREANCE et RECOUVEREMENT DR SETIF','CREANCE et RECOUVEREMENT DIRECTION REGIONALE SETIF','6');
Insert into C_GPI.DEPARTEMENTS (DEP_ID,DEPARTEMENT,NOM_DEPARTEMENT,DR_ID) values ('190','DFCA SETIF','DIRECTION FNANCES COMPTABILITE et ADMINISTRATION  REGIONALE SETIF','6');
Insert into C_GPI.DEPARTEMENTS (DEP_ID,DEPARTEMENT,NOM_DEPARTEMENT,DR_ID) values ('191','DR SETIF','DIRECTION REGIONALE SETIF','6');
Insert into C_GPI.DEPARTEMENTS (DEP_ID,DEPARTEMENT,NOM_DEPARTEMENT,DR_ID) values ('192','INFORMATIQUE DR SETIF','INFORMATIQUE DIRECTION REGIONALE SETIF','6');
Insert into C_GPI.DEPARTEMENTS (DEP_ID,DEPARTEMENT,NOM_DEPARTEMENT,DR_ID) values ('193','JURIDIQUE DR SETIF','JURIDIQUE DIRECTION REGIONALE SETIF','6');
Insert into C_GPI.DEPARTEMENTS (DEP_ID,DEPARTEMENT,NOM_DEPARTEMENT,DR_ID) values ('194','PROD DR SETIF','PRODUCTION DIRECTION REGIONALE SETIF','6');
Insert into C_GPI.DEPARTEMENTS (DEP_ID,DEPARTEMENT,NOM_DEPARTEMENT,DR_ID) values ('195','SINISTRE DR SETIF','SINISTRE DIRECTION REGIONALE SETIF','6');
Insert into C_GPI.DEPARTEMENTS (DEP_ID,DEPARTEMENT,NOM_DEPARTEMENT,DR_ID) values ('196','DFC DR BLIDA','FINANCE et COMPTABILITE DIRECTION REGIONALE BLIDA','7');
Insert into C_GPI.DEPARTEMENTS (DEP_ID,DEPARTEMENT,NOM_DEPARTEMENT,DR_ID) values ('197','DFCA BLIDA','DIRECTION FNANCES COMPTABILITE et ADMINISTRATION REGIONALE BLIDA','7');
Insert into C_GPI.DEPARTEMENTS (DEP_ID,DEPARTEMENT,NOM_DEPARTEMENT,DR_ID) values ('198','ADMINISTRATION DR BLIDA','DIRECTION ADMINISTRATION REGIONALE  BLIDA','7');
Insert into C_GPI.DEPARTEMENTS (DEP_ID,DEPARTEMENT,NOM_DEPARTEMENT,DR_ID) values ('199','DR BLIDA','DIRECTION REGIONALE BLIDA','7');
Insert into C_GPI.DEPARTEMENTS (DEP_ID,DEPARTEMENT,NOM_DEPARTEMENT,DR_ID) values ('200','INFORMATIQUE DR BLIDA','INFORMATIQUE DIRECTION REGIONALE BLIDA','7');
Insert into C_GPI.DEPARTEMENTS (DEP_ID,DEPARTEMENT,NOM_DEPARTEMENT,DR_ID) values ('201','JURIDIQUE DR BLIDA','JURIDIQUE DIRECTION REGIONALE BLIDA','7');
Insert into C_GPI.DEPARTEMENTS (DEP_ID,DEPARTEMENT,NOM_DEPARTEMENT,DR_ID) values ('202','PROD DR BLIDA','PRODUCTION DIRECTION REGIONALE BLIDA','7');
Insert into C_GPI.DEPARTEMENTS (DEP_ID,DEPARTEMENT,NOM_DEPARTEMENT,DR_ID) values ('203','SINISTRE DR BLIDA','SINISTRE DIRECTION REGIONALE BLIDA','7');
Insert into C_GPI.DEPARTEMENTS (DEP_ID,DEPARTEMENT,NOM_DEPARTEMENT,DR_ID) values ('307','AC 7590 ANNABA','Agence Concédée 7590 Direction Régionale ANNABA','3');
Insert into C_GPI.DEPARTEMENTS (DEP_ID,DEPARTEMENT,NOM_DEPARTEMENT,DR_ID) values ('296','AC 1520 ALGER','Agence Concédée 1520 Direction Régionale ALGER','2');
Insert into C_GPI.DEPARTEMENTS (DEP_ID,DEPARTEMENT,NOM_DEPARTEMENT,DR_ID) values ('211','DFC DR ALGER','FINANCE et COMPTABILITE DIRECTION REGIONALE ALGER','2');
Insert into C_GPI.DEPARTEMENTS (DEP_ID,DEPARTEMENT,NOM_DEPARTEMENT,DR_ID) values ('213','ADMINISTRATION DR ALGER','DIRECTION ADMINISTRATION REGIONALE  ALGER','2');
Insert into C_GPI.DEPARTEMENTS (DEP_ID,DEPARTEMENT,NOM_DEPARTEMENT,DR_ID) values ('214','INFORMATIQUE DR ALGER','INFORMATIQUE DIRECTION REGIONALE ALGER','2');
Insert into C_GPI.DEPARTEMENTS (DEP_ID,DEPARTEMENT,NOM_DEPARTEMENT,DR_ID) values ('215','JURIDIQUE DR ALGER','JURIDIQUE DIRECTION REGIONALE ALGER','2');
Insert into C_GPI.DEPARTEMENTS (DEP_ID,DEPARTEMENT,NOM_DEPARTEMENT,DR_ID) values ('216','PROD DR ALGER','PRODUCTION DIRECTION REGIONALE ALGER','2');
Insert into C_GPI.DEPARTEMENTS (DEP_ID,DEPARTEMENT,NOM_DEPARTEMENT,DR_ID) values ('217','SINISTRE DR ALGER','SINISTRE DIRECTION REGIONALE ALGER','2');
Insert into C_GPI.DEPARTEMENTS (DEP_ID,DEPARTEMENT,NOM_DEPARTEMENT,DR_ID) values ('218','CONTROLE DR ALGER','CONTROLE DIRECTION REGIONALE ALGER','2');
Insert into C_GPI.DEPARTEMENTS (DEP_ID,DEPARTEMENT,NOM_DEPARTEMENT,DR_ID) values ('219','CREANCE et RECOUVEREMENT DR ALGER','CREANCE et RECOUVEREMENT DIRECTION REGIONALE ALGER','2');
Insert into C_GPI.DEPARTEMENTS (DEP_ID,DEPARTEMENT,NOM_DEPARTEMENT,DR_ID) values ('220','RESEAU DR ALGER','RESEAU DIRECTION REGIONALE ALGER','2');
Insert into C_GPI.DEPARTEMENTS (DEP_ID,DEPARTEMENT,NOM_DEPARTEMENT,DR_ID) values ('221','SOUSCRIPTION (TECHNIQUE) DR ALGER','SOUSCRIPTION DIRECTION REGIONALE ALGER','2');
Insert into C_GPI.DEPARTEMENTS (DEP_ID,DEPARTEMENT,NOM_DEPARTEMENT,DR_ID) values ('308','AC 7660 ANNABA','Agence Concédée 7660 Direction Régionale ANNABA','3');
Insert into C_GPI.DEPARTEMENTS (DEP_ID,DEPARTEMENT,NOM_DEPARTEMENT,DR_ID) values ('309','AC 7770 ANNABA','Agence Concédée 7770 Direction Régionale ANNABA','3');
Insert into C_GPI.DEPARTEMENTS (DEP_ID,DEPARTEMENT,NOM_DEPARTEMENT,DR_ID) values ('319','AD 5100 DR GHARDAIA','AGENCE DIRECTE 5100 DIRECTION REGIONALE GHARDAIA','5');
Insert into C_GPI.DEPARTEMENTS (DEP_ID,DEPARTEMENT,NOM_DEPARTEMENT,DR_ID) values ('321','AD 6660 DR SETIF','AGENCE DIRECTE 6660 DIRECTION REGIONALE SETIF','6');
Insert into C_GPI.DEPARTEMENTS (DEP_ID,DEPARTEMENT,NOM_DEPARTEMENT,DR_ID) values ('322','AC 8650 DR SETIF','Agence Concédée 8650 Direction Régionale SETIF','6');
Insert into C_GPI.DEPARTEMENTS (DEP_ID,DEPARTEMENT,NOM_DEPARTEMENT,DR_ID) values ('328','AC 2630 DR BLIDA','Agence Concédée 2630 Direction Régionale BLIDA','7');
Insert into C_GPI.DEPARTEMENTS (DEP_ID,DEPARTEMENT,NOM_DEPARTEMENT,DR_ID) values ('297','AC 4150 ALGER','Agence Concédée 4150 Direction Régionale ALGER','2');
Insert into C_GPI.DEPARTEMENTS (DEP_ID,DEPARTEMENT,NOM_DEPARTEMENT,DR_ID) values ('243','AD DR DELIBRAHIM','AGENCE DIRECTE DIRECTION REGIONALE DELIBRAHIM','8');
Insert into C_GPI.DEPARTEMENTS (DEP_ID,DEPARTEMENT,NOM_DEPARTEMENT,DR_ID) values ('244','RESEAU DR DELIBRAHIM','RESEAU DIRECTION REGIONALE DELIBRAHIM','8');
Insert into C_GPI.DEPARTEMENTS (DEP_ID,DEPARTEMENT,NOM_DEPARTEMENT,DR_ID) values ('245','SOUSCRIPTION (TECHNIQUE) DR DELIBRAHIM','SOUSCRIPTION DIRECTION REGIONALE DELIBRAHIM','8');
Insert into C_GPI.DEPARTEMENTS (DEP_ID,DEPARTEMENT,NOM_DEPARTEMENT,DR_ID) values ('246','CREANCE et RECOUVEREMENT DR DELIBRAHIM','CREANCE et RECOUVEREMENT DIRECTION REGIONALE DELIBRAHIM','8');
Insert into C_GPI.DEPARTEMENTS (DEP_ID,DEPARTEMENT,NOM_DEPARTEMENT,DR_ID) values ('247','CONTROLE DR BLIDA','CONTROLE DIRECTION REGIONALE BLIDA','7');
Insert into C_GPI.DEPARTEMENTS (DEP_ID,DEPARTEMENT,NOM_DEPARTEMENT,DR_ID) values ('248','CONTROLE DR DELIBRAHIM','CONTROLE DIRECTION REGIONALE DELIBRAHIM','8');
Insert into C_GPI.DEPARTEMENTS (DEP_ID,DEPARTEMENT,NOM_DEPARTEMENT,DR_ID) values ('249','SINISTRE DR DELIBRAHIM','SINISTRE DIRECTION REGIONALE DELIBRAHIM','8');
Insert into C_GPI.DEPARTEMENTS (DEP_ID,DEPARTEMENT,NOM_DEPARTEMENT,DR_ID) values ('251','JURIDIQUE DR DELIBRAHIM','JURIDIQUE DIRECTION REGIONALE DELIBRAHIM','8');
Insert into C_GPI.DEPARTEMENTS (DEP_ID,DEPARTEMENT,NOM_DEPARTEMENT,DR_ID) values ('252','INFORMATIQUE DR DELIBRAHIM','INFORMATIQUE DIRECTION REGIONALE DELIBRAHIM','8');
Insert into C_GPI.DEPARTEMENTS (DEP_ID,DEPARTEMENT,NOM_DEPARTEMENT,DR_ID) values ('298','AC 1980 ALGER','Agence Concédée 1980 Direction Régionale ALGER','2');
Insert into C_GPI.DEPARTEMENTS (DEP_ID,DEPARTEMENT,NOM_DEPARTEMENT,DR_ID) values ('254','DFC DR DELIBRAHIM','FINANCE et COMPTABILITE DIRECTION REGIONALE DELIBRAHIM','8');
Insert into C_GPI.DEPARTEMENTS (DEP_ID,DEPARTEMENT,NOM_DEPARTEMENT,DR_ID) values ('255','ADMINISTRATION DR DELIBRAHIM','DIRECTION ADMINISTRATION REGIONALE DELIBRAHIM','8');
Insert into C_GPI.DEPARTEMENTS (DEP_ID,DEPARTEMENT,NOM_DEPARTEMENT,DR_ID) values ('299','AC 4430 ALGER','Agence Concédée 4430 Direction Régionale ALGER','2');
Insert into C_GPI.DEPARTEMENTS (DEP_ID,DEPARTEMENT,NOM_DEPARTEMENT,DR_ID) values ('300','AC 1970 ALGER','Agence Concédée 1970 Direction Régionale ALGER','2');
Insert into C_GPI.DEPARTEMENTS (DEP_ID,DEPARTEMENT,NOM_DEPARTEMENT,DR_ID) values ('301','AC 4530 ALGER','Agence Concédée 4530 Direction Régionale ALGER','2');
Insert into C_GPI.DEPARTEMENTS (DEP_ID,DEPARTEMENT,NOM_DEPARTEMENT,DR_ID) values ('302','AD 8100 ALGER','AGENCE DIRECTE 8100 DIRECTION REGIONALE ALGER','2');
Insert into C_GPI.DEPARTEMENTS (DEP_ID,DEPARTEMENT,NOM_DEPARTEMENT,DR_ID) values ('303','AD 1420 ALGER','AGENCE DIRECTE 1420 DIRECTION REGIONALE ALGER','2');
Insert into C_GPI.DEPARTEMENTS (DEP_ID,DEPARTEMENT,NOM_DEPARTEMENT,DR_ID) values ('310','AC 7790 ANNABA','Agence Concédée 7790 Direction Régionale ANNABA','3');
Insert into C_GPI.DEPARTEMENTS (DEP_ID,DEPARTEMENT,NOM_DEPARTEMENT,DR_ID) values ('311','AC 7800 ANNABA','Agence Concédée 7800 Direction Régionale ANNABA','3');
Insert into C_GPI.DEPARTEMENTS (DEP_ID,DEPARTEMENT,NOM_DEPARTEMENT,DR_ID) values ('312','AC 7830 ANNABA','Agence Concédée 7830 Direction Régionale ANNABA','3');
Insert into C_GPI.DEPARTEMENTS (DEP_ID,DEPARTEMENT,NOM_DEPARTEMENT,DR_ID) values ('314','AC 3810 ORAN','Agence Concédée 3810 Direction Régionale ORAN','4');
Insert into C_GPI.DEPARTEMENTS (DEP_ID,DEPARTEMENT,NOM_DEPARTEMENT,DR_ID) values ('315','AC 3820 ORAN','Agence Concédée 3820 Direction Régionale ORAN','4');
Insert into C_GPI.DEPARTEMENTS (DEP_ID,DEPARTEMENT,NOM_DEPARTEMENT,DR_ID) values ('316','Annexe 3821 ORAN','Annexe 3821 Direction Régionale ORAN','4');
Insert into C_GPI.DEPARTEMENTS (DEP_ID,DEPARTEMENT,NOM_DEPARTEMENT,DR_ID) values ('317','AC 3870 ORAN','Agence Concédée 3870 Direction Régionale ORAN','4');
Insert into C_GPI.DEPARTEMENTS (DEP_ID,DEPARTEMENT,NOM_DEPARTEMENT,DR_ID) values ('318','AD 3750 ORAN','AGENCE DIRECTE 3750 DIRECTION REGIONALE ORAN','4');
Insert into C_GPI.DEPARTEMENTS (DEP_ID,DEPARTEMENT,NOM_DEPARTEMENT,DR_ID) values ('320','AC 5310 DR GHARDAIA','Agence Concédée 5310 Direction Régionale GHARDAIA','5');
Insert into C_GPI.DEPARTEMENTS (DEP_ID,DEPARTEMENT,NOM_DEPARTEMENT,DR_ID) values ('323','AC 6950 DR SETIF','Agence Concédée 6950 Direction Régionale SETIF','6');
Insert into C_GPI.DEPARTEMENTS (DEP_ID,DEPARTEMENT,NOM_DEPARTEMENT,DR_ID) values ('324','AC 6970 DR SETIF','Agence Concédée 6970 Direction Régionale SETIF','6');
Insert into C_GPI.DEPARTEMENTS (DEP_ID,DEPARTEMENT,NOM_DEPARTEMENT,DR_ID) values ('325','AC 2170 DR BLIDA','Agence Concédée 2170 Direction Régionale BLIDA','7');
Insert into C_GPI.DEPARTEMENTS (DEP_ID,DEPARTEMENT,NOM_DEPARTEMENT,DR_ID) values ('326','AD 2570 DR BLIDA','AGENCE DIRECTE 2570 DIRECTION REGIONALE BLIDA','7');
Insert into C_GPI.DEPARTEMENTS (DEP_ID,DEPARTEMENT,NOM_DEPARTEMENT,DR_ID) values ('329','AC 2610 DR BLIDA','Agence Concédée 2610 Direction Régionale BLIDA','7');
Insert into C_GPI.DEPARTEMENTS (DEP_ID,DEPARTEMENT,NOM_DEPARTEMENT,DR_ID) values ('330','AC 2660 DR BLIDA','Agence Concédée 2660 Direction Régionale BLIDA','7');
Insert into C_GPI.DEPARTEMENTS (DEP_ID,DEPARTEMENT,NOM_DEPARTEMENT,DR_ID) values ('332','AC 3720 ORAN','Agence Concédée 3720 Direction Régionale ORAN','4');
REM INSERTING into C_GPI.DIRECTIONS
SET DEFINE OFF;
Insert into C_GPI.DIRECTIONS (DR_ID,NOM_DIRECTION,CODE_DR) values ('1','DG SIEGE HYDRA','0');
Insert into C_GPI.DIRECTIONS (DR_ID,NOM_DIRECTION,CODE_DR) values ('3','DR ANNABA','20');
Insert into C_GPI.DIRECTIONS (DR_ID,NOM_DIRECTION,CODE_DR) values ('4','DR ORAN','30');
Insert into C_GPI.DIRECTIONS (DR_ID,NOM_DIRECTION,CODE_DR) values ('5','DR GHARDAIA','40');
Insert into C_GPI.DIRECTIONS (DR_ID,NOM_DIRECTION,CODE_DR) values ('6','DR SETIF','50');
Insert into C_GPI.DIRECTIONS (DR_ID,NOM_DIRECTION,CODE_DR) values ('7','DR BLIDA','60');
Insert into C_GPI.DIRECTIONS (DR_ID,NOM_DIRECTION,CODE_DR) values ('8','DR DELIBRAHIM','80');
Insert into C_GPI.DIRECTIONS (DR_ID,NOM_DIRECTION,CODE_DR) values ('2','DR ALGER','10');
REM INSERTING into C_GPI.EFFECTIF
SET DEFINE OFF;
Insert into C_GPI.EFFECTIF (EFF_ID,DR_ID,DEP_ID,TYPE_BUR_ID,NOM_PRENOM,USER_MAIL,TYPE_JOB,NUMERO_BUREAU,MOBILE,MATRICULE,NUMSECUSOC,NATCONTRAT,GROUPSOC,DATERECRU,NOM,PRENOM,STATUT_EMP,DATEDEPART) values ('1','1','167','2','BEDRI Abdelhafid','a.bedri@laciar.com','Chef de département informatique chargé des projets','10','0560900277','0163','78 5314 0003 55','CDI',null,to_date('01/07/13','DD/MM/RR'),'BEDRI','Abdelhafid',null,null);
Insert into C_GPI.EFFECTIF (EFF_ID,DR_ID,DEP_ID,TYPE_BUR_ID,NOM_PRENOM,USER_MAIL,TYPE_JOB,NUMERO_BUREAU,MOBILE,MATRICULE,NUMSECUSOC,NATCONTRAT,GROUPSOC,DATERECRU,NOM,PRENOM,STATUT_EMP,DATEDEPART) values ('2','1','167','2','LOUNIS ABDELKADER','a.lounis@laciar.com','Développeur','10','0542354815','0393','98 35 16 000 450','CDI',null,to_date('15/01/23','DD/MM/RR'),'LOUNIS','ABDELKADER',null,null);
Insert into C_GPI.EFFECTIF (EFF_ID,DR_ID,DEP_ID,TYPE_BUR_ID,NOM_PRENOM,USER_MAIL,TYPE_JOB,NUMERO_BUREAU,MOBILE,MATRICULE,NUMSECUSOC,NATCONTRAT,GROUPSOC,DATERECRU,NOM,PRENOM,STATUT_EMP,DATEDEPART) values ('3','1','167','2','CHIBAH FAWZI','f.chibah@laciar.com','Développeur d''Applications','10','0561943788','0394','00 20 24 000 780','CDI',null,to_date('15/01/23','DD/MM/RR'),'CHIBAH','FAWZI',null,null);
Insert into C_GPI.EFFECTIF (EFF_ID,DR_ID,DEP_ID,TYPE_BUR_ID,NOM_PRENOM,USER_MAIL,TYPE_JOB,NUMERO_BUREAU,MOBILE,MATRICULE,NUMSECUSOC,NATCONTRAT,GROUPSOC,DATERECRU,NOM,PRENOM,STATUT_EMP,DATEDEPART) values ('5','1','167','1','TIGHILT SADEK','s.tighilt@laciar.com','Ingénieur en Informatique','16','0561604771','0421','77 16 33 003 451','CDI',null,to_date('10/09/23','DD/MM/RR'),'TIGHILT','SADEK',null,null);
Insert into C_GPI.EFFECTIF (EFF_ID,DR_ID,DEP_ID,TYPE_BUR_ID,NOM_PRENOM,USER_MAIL,TYPE_JOB,NUMERO_BUREAU,MOBILE,MATRICULE,NUMSECUSOC,NATCONTRAT,GROUPSOC,DATERECRU,NOM,PRENOM,STATUT_EMP,DATEDEPART) values ('6','1','167','2','GUELLATI MOHAMED AMINE','m.a.guellati@laciar.com','Développeur','17','0561604555','0246','91 0551 0056 48','CDI',null,to_date('03/06/18','DD/MM/RR'),'GUELLATI','MOHAMED AMINE',null,null);
Insert into C_GPI.EFFECTIF (EFF_ID,DR_ID,DEP_ID,TYPE_BUR_ID,NOM_PRENOM,USER_MAIL,TYPE_JOB,NUMERO_BUREAU,MOBILE,MATRICULE,NUMSECUSOC,NATCONTRAT,GROUPSOC,DATERECRU,NOM,PRENOM,STATUT_EMP,DATEDEPART) values ('8','1','167','2','BECHA MENOUAR','m.becha@laciar.com','Directeur Adjoint des systèmes d''informations','17','0561600432','0031','71 0496 0053 43','CDI',null,to_date('15/10/05','DD/MM/RR'),'BECHA','MENOUAR',null,null);
Insert into C_GPI.EFFECTIF (EFF_ID,DR_ID,DEP_ID,TYPE_BUR_ID,NOM_PRENOM,USER_MAIL,TYPE_JOB,NUMERO_BUREAU,MOBILE,MATRICULE,NUMSECUSOC,NATCONTRAT,GROUPSOC,DATERECRU,NOM,PRENOM,STATUT_EMP,DATEDEPART) values ('304','1','175','2','HADJADJ Zarfa','z.hadjadj@laciar.com','Chef de département RC divers','4','0561604776','0001','67 7900 0003 54','CDI',null,to_date('25/10/98','DD/MM/RR'),'HADJADJ','Zarfa',null,null);
Insert into C_GPI.EFFECTIF (EFF_ID,DR_ID,DEP_ID,TYPE_BUR_ID,NOM_PRENOM,USER_MAIL,TYPE_JOB,NUMERO_BUREAU,MOBILE,MATRICULE,NUMSECUSOC,NATCONTRAT,GROUPSOC,DATERECRU,NOM,PRENOM,STATUT_EMP,DATEDEPART) values ('305','1','1','1','SOUFI Abdelkader','a.soufi@laciar.com','Directeur Placements & Investissements',null,null,'0002','66 7671 0003 43','CDI',null,to_date('01/01/99','DD/MM/RR'),'SOUFI','Abdelkader',null,null);
Insert into C_GPI.EFFECTIF (EFF_ID,DR_ID,DEP_ID,TYPE_BUR_ID,NOM_PRENOM,USER_MAIL,TYPE_JOB,NUMERO_BUREAU,MOBILE,MATRICULE,NUMSECUSOC,NATCONTRAT,GROUPSOC,DATERECRU,NOM,PRENOM,STATUT_EMP,DATEDEPART) values ('105','7','200','1','SALOUL DJAMEL','D.saloul@laciar.com','Chef De Département Informatique','Département Informatique','0561604476','0212','78 03 74 027 040','CDI',null,to_date('17/07/16','DD/MM/RR'),'SALOUL','DJAMEL',null,null);
Insert into C_GPI.EFFECTIF (EFF_ID,DR_ID,DEP_ID,TYPE_BUR_ID,NOM_PRENOM,USER_MAIL,TYPE_JOB,NUMERO_BUREAU,MOBILE,MATRICULE,NUMSECUSOC,NATCONTRAT,GROUPSOC,DATERECRU,NOM,PRENOM,STATUT_EMP,DATEDEPART) values ('308','1','2','103','BOUAZIZ Mustapha',null,'Agent de sécurité',null,'0561646162','0006','75 2364 0006 51','CDI',null,to_date('13/05/00','DD/MM/RR'),'BOUAZIZ','Mustapha',null,null);
Insert into C_GPI.EFFECTIF (EFF_ID,DR_ID,DEP_ID,TYPE_BUR_ID,NOM_PRENOM,USER_MAIL,TYPE_JOB,NUMERO_BUREAU,MOBILE,MATRICULE,NUMSECUSOC,NATCONTRAT,GROUPSOC,DATERECRU,NOM,PRENOM,STATUT_EMP,DATEDEPART) values ('309','1','174','1','DOUMI Mohamed','M.DOUMI@laciar.com','Chef de département informatique',null,'0561604701','0008','74 0204 0132 66','CDI',null,to_date('05/08/00','DD/MM/RR'),'DOUMI','Mohamed',null,null);
Insert into C_GPI.EFFECTIF (EFF_ID,DR_ID,DEP_ID,TYPE_BUR_ID,NOM_PRENOM,USER_MAIL,TYPE_JOB,NUMERO_BUREAU,MOBILE,MATRICULE,NUMSECUSOC,NATCONTRAT,GROUPSOC,DATERECRU,NOM,PRENOM,STATUT_EMP,DATEDEPART) values ('311','1','163','1','BENALLAOUA Abdelmalek','a.benallaoua@laciar.com','Directeur Adjoint',null,'0561604485','0012','70 7162 0002 54','CDI',null,to_date('01/06/02','DD/MM/RR'),'BENALLAOUA','Abdelmalek',null,null);
Insert into C_GPI.EFFECTIF (EFF_ID,DR_ID,DEP_ID,TYPE_BUR_ID,NOM_PRENOM,USER_MAIL,TYPE_JOB,NUMERO_BUREAU,MOBILE,MATRICULE,NUMSECUSOC,NATCONTRAT,GROUPSOC,DATERECRU,NOM,PRENOM,STATUT_EMP,DATEDEPART) values ('312','1','2','1','CHOUIDER Samir','s.chouider@laciar.com','Chef de section Moyens Grx',null,'0561604695','0014','77 1010 0033 65','CDI',null,to_date('09/11/02','DD/MM/RR'),'CHOUIDER','Samir',null,null);
Insert into C_GPI.EFFECTIF (EFF_ID,DR_ID,DEP_ID,TYPE_BUR_ID,NOM_PRENOM,USER_MAIL,TYPE_JOB,NUMERO_BUREAU,MOBILE,MATRICULE,NUMSECUSOC,NATCONTRAT,GROUPSOC,DATERECRU,NOM,PRENOM,STATUT_EMP,DATEDEPART) values ('314','1','2','1','BOUAMOUCHA Radia',null,'Chef de section BOG',null,null,'0016','77 1914 0027 50','CDI',null,to_date('18/01/03','DD/MM/RR'),'BOUAMOUCHA','Radia',null,null);
Insert into C_GPI.EFFECTIF (EFF_ID,DR_ID,DEP_ID,TYPE_BUR_ID,NOM_PRENOM,USER_MAIL,TYPE_JOB,NUMERO_BUREAU,MOBILE,MATRICULE,NUMSECUSOC,NATCONTRAT,GROUPSOC,DATERECRU,NOM,PRENOM,STATUT_EMP,DATEDEPART) values ('315','1','2','1','YOUSFI Merouane','m.yousfi@laciar.com','Chef de Service des affaires sociales','30',null,'0018','71 2039 0009 56','CDI',null,to_date('01/06/03','DD/MM/RR'),'YOUSFI','Merouane',null,null);
Insert into C_GPI.EFFECTIF (EFF_ID,DR_ID,DEP_ID,TYPE_BUR_ID,NOM_PRENOM,USER_MAIL,TYPE_JOB,NUMERO_BUREAU,MOBILE,MATRICULE,NUMSECUSOC,NATCONTRAT,GROUPSOC,DATERECRU,NOM,PRENOM,STATUT_EMP,DATEDEPART) values ('316','1','164','1','BENNOUNAS Ali',null,'Chargé d''études',null,null,'0019','76 1524 0030 58','CDI',null,to_date('01/07/03','DD/MM/RR'),'BENNOUNAS','Ali',null,null);
Insert into C_GPI.EFFECTIF (EFF_ID,DR_ID,DEP_ID,TYPE_BUR_ID,NOM_PRENOM,USER_MAIL,TYPE_JOB,NUMERO_BUREAU,MOBILE,MATRICULE,NUMSECUSOC,NATCONTRAT,GROUPSOC,DATERECRU,NOM,PRENOM,STATUT_EMP,DATEDEPART) values ('318','1','168','1','ADJED Salim','s.adjed@laciar.com','Chef de département comptabilité générale','18','0561604772','0022','80 2868 0024 43','CDI',null,to_date('02/01/04','DD/MM/RR'),'ADJED','Salim',null,null);
Insert into C_GPI.EFFECTIF (EFF_ID,DR_ID,DEP_ID,TYPE_BUR_ID,NOM_PRENOM,USER_MAIL,TYPE_JOB,NUMERO_BUREAU,MOBILE,MATRICULE,NUMSECUSOC,NATCONTRAT,GROUPSOC,DATERECRU,NOM,PRENOM,STATUT_EMP,DATEDEPART) values ('319','1','170','1','DJEBAILI Mustapha','m.djebaili@laciar.com','Directeur du réseau','51','0561604699','0025','79 0416 0005 59','CDI',null,to_date('08/12/04','DD/MM/RR'),'DJEBAILI','Mustapha',null,null);
Insert into C_GPI.EFFECTIF (EFF_ID,DR_ID,DEP_ID,TYPE_BUR_ID,NOM_PRENOM,USER_MAIL,TYPE_JOB,NUMERO_BUREAU,MOBILE,MATRICULE,NUMSECUSOC,NATCONTRAT,GROUPSOC,DATERECRU,NOM,PRENOM,STATUT_EMP,DATEDEPART) values ('322','1','163','1','ZERKANI Kamel','k.zerkani@laciar.com','Directeur du centre de Recouvrement',null,'05 60 95 13 81','0033','77 2888 0019 31','CDI',null,to_date('15/10/05','DD/MM/RR'),'ZERKANI','Kamel',null,null);
Insert into C_GPI.EFFECTIF (EFF_ID,DR_ID,DEP_ID,TYPE_BUR_ID,NOM_PRENOM,USER_MAIL,TYPE_JOB,NUMERO_BUREAU,MOBILE,MATRICULE,NUMSECUSOC,NATCONTRAT,GROUPSOC,DATERECRU,NOM,PRENOM,STATUT_EMP,DATEDEPART) values ('323','1','2','3','HALFA Mohamed',null,'Agent de sécurité (Zighout)',null,null,'0035','56 0037 0069 49','CDD',null,to_date('09/04/06','DD/MM/RR'),'HALFA','Mohamed',null,null);
Insert into C_GPI.EFFECTIF (EFF_ID,DR_ID,DEP_ID,TYPE_BUR_ID,NOM_PRENOM,USER_MAIL,TYPE_JOB,NUMERO_BUREAU,MOBILE,MATRICULE,NUMSECUSOC,NATCONTRAT,GROUPSOC,DATERECRU,NOM,PRENOM,STATUT_EMP,DATEDEPART) values ('324','1','2','121','MANSOUR Laid',null,'Agent économat',null,null,'0042','77 1785 0018 38','CDI',null,to_date('03/02/07','DD/MM/RR'),'MANSOUR','Laid',null,null);
Insert into C_GPI.EFFECTIF (EFF_ID,DR_ID,DEP_ID,TYPE_BUR_ID,NOM_PRENOM,USER_MAIL,TYPE_JOB,NUMERO_BUREAU,MOBILE,MATRICULE,NUMSECUSOC,NATCONTRAT,GROUPSOC,DATERECRU,NOM,PRENOM,STATUT_EMP,DATEDEPART) values ('327','1','2','121','KAIDI Abdelkrim',null,'Agent économat',null,null,'0054','59 0812 0005 63','CDI',null,to_date('23/09/07','DD/MM/RR'),'KAIDI','Abdelkrim',null,null);
Insert into C_GPI.EFFECTIF (EFF_ID,DR_ID,DEP_ID,TYPE_BUR_ID,NOM_PRENOM,USER_MAIL,TYPE_JOB,NUMERO_BUREAU,MOBILE,MATRICULE,NUMSECUSOC,NATCONTRAT,GROUPSOC,DATERECRU,NOM,PRENOM,STATUT_EMP,DATEDEPART) values ('328','1','2','3','FERFAR Abdelhadi',null,'Agent de sécurité',null,'0561657050','0055','86 0947 0001 52','CDI',null,to_date('26/09/07','DD/MM/RR'),'FERFAR','Abdelhadi',null,null);
Insert into C_GPI.EFFECTIF (EFF_ID,DR_ID,DEP_ID,TYPE_BUR_ID,NOM_PRENOM,USER_MAIL,TYPE_JOB,NUMERO_BUREAU,MOBILE,MATRICULE,NUMSECUSOC,NATCONTRAT,GROUPSOC,DATERECRU,NOM,PRENOM,STATUT_EMP,DATEDEPART) values ('330','1','2','1','ZOUAOUI MOUNIR','m.zouaoui@laciar.com','Chef de serivce HSE',null,null,'0058','78 5052 0003 52','CDI',null,to_date('02/01/08','DD/MM/RR'),'ZOUAOUI','MOUNIR',null,null);
Insert into C_GPI.EFFECTIF (EFF_ID,DR_ID,DEP_ID,TYPE_BUR_ID,NOM_PRENOM,USER_MAIL,TYPE_JOB,NUMERO_BUREAU,MOBILE,MATRICULE,NUMSECUSOC,NATCONTRAT,GROUPSOC,DATERECRU,NOM,PRENOM,STATUT_EMP,DATEDEPART) values ('332','1','174','1','BENAZIZA Nabil','n.benaziza@laciar.com','Contrôleur régleur',null,'0561603022','0065','77 0677 0043 40','CDI',null,to_date('01/10/08','DD/MM/RR'),'BENAZIZA','Nabil',null,null);
Insert into C_GPI.EFFECTIF (EFF_ID,DR_ID,DEP_ID,TYPE_BUR_ID,NOM_PRENOM,USER_MAIL,TYPE_JOB,NUMERO_BUREAU,MOBILE,MATRICULE,NUMSECUSOC,NATCONTRAT,GROUPSOC,DATERECRU,NOM,PRENOM,STATUT_EMP,DATEDEPART) values ('334','1','174','1','CHEMLAL Nacereddine','n.chemlal@laciar.com','Directeur Adjoint',null,'0561694103','0071','85 0069 0013 52','CDI',null,to_date('07/02/09','DD/MM/RR'),'CHEMLAL','Nacereddine',null,null);
Insert into C_GPI.EFFECTIF (EFF_ID,DR_ID,DEP_ID,TYPE_BUR_ID,NOM_PRENOM,USER_MAIL,TYPE_JOB,NUMERO_BUREAU,MOBILE,MATRICULE,NUMSECUSOC,NATCONTRAT,GROUPSOC,DATERECRU,NOM,PRENOM,STATUT_EMP,DATEDEPART) values ('336','1','2','1','TOUATI Rabah','r.touati@laciar.com','Chef de département ressources humaines','33',null,'0076','74 2339 0022 53','CDI',null,to_date('01/08/09','DD/MM/RR'),'TOUATI','Rabah',null,null);
Insert into C_GPI.EFFECTIF (EFF_ID,DR_ID,DEP_ID,TYPE_BUR_ID,NOM_PRENOM,USER_MAIL,TYPE_JOB,NUMERO_BUREAU,MOBILE,MATRICULE,NUMSECUSOC,NATCONTRAT,GROUPSOC,DATERECRU,NOM,PRENOM,STATUT_EMP,DATEDEPART) values ('337','1','1','1','YOUNSI Nassim','ns.younsi@laciar.com','Directeur du contrôle',null,null,'0087','81 2140 0006 63','CDI',null,to_date('04/04/10','DD/MM/RR'),'YOUNSI','Nassim',null,null);
Insert into C_GPI.EFFECTIF (EFF_ID,DR_ID,DEP_ID,TYPE_BUR_ID,NOM_PRENOM,USER_MAIL,TYPE_JOB,NUMERO_BUREAU,MOBILE,MATRICULE,NUMSECUSOC,NATCONTRAT,GROUPSOC,DATERECRU,NOM,PRENOM,STATUT_EMP,DATEDEPART) values ('338','1','2','3','ABIDI MONCEF',null,'Agent de sécurité',null,'0561640305','0090','79 0362 0016 51','CDI',null,to_date('17/05/10','DD/MM/RR'),'ABIDI','MONCEF',null,null);
Insert into C_GPI.EFFECTIF (EFF_ID,DR_ID,DEP_ID,TYPE_BUR_ID,NOM_PRENOM,USER_MAIL,TYPE_JOB,NUMERO_BUREAU,MOBILE,MATRICULE,NUMSECUSOC,NATCONTRAT,GROUPSOC,DATERECRU,NOM,PRENOM,STATUT_EMP,DATEDEPART) values ('340','1','172','2','AITDJEBBARA Djamel','d.aitdjebbara@laciar.com','Inspecteur technique',null,'0561604496','0100','68 0264 0043 50','CDI',null,to_date('01/12/10','DD/MM/RR'),'AIT DJEBBARA','Djamel',null,null);
Insert into C_GPI.EFFECTIF (EFF_ID,DR_ID,DEP_ID,TYPE_BUR_ID,NOM_PRENOM,USER_MAIL,TYPE_JOB,NUMERO_BUREAU,MOBILE,MATRICULE,NUMSECUSOC,NATCONTRAT,GROUPSOC,DATERECRU,NOM,PRENOM,STATUT_EMP,DATEDEPART) values ('341','1','166','2','BRAHIM DJELLOUL Sihem',null,'Chef de département juridique',null,'0561604724','0107','05 61 60 47 24','CDI',null,to_date('01/03/11','DD/MM/RR'),'BRAHIM DJELLOUL','Sihem',null,null);
Insert into C_GPI.EFFECTIF (EFF_ID,DR_ID,DEP_ID,TYPE_BUR_ID,NOM_PRENOM,USER_MAIL,TYPE_JOB,NUMERO_BUREAU,MOBILE,MATRICULE,NUMSECUSOC,NATCONTRAT,GROUPSOC,DATERECRU,NOM,PRENOM,STATUT_EMP,DATEDEPART) values ('342','1','2','121','SIGUERDJIDJENE Mounir',null,'Chauffeur/Démarcheur',null,null,'0108','82 0173 0080 47','CDI',null,to_date('01/03/11','DD/MM/RR'),'SIGUERDJIDJENE','Mounir',null,null);
Insert into C_GPI.EFFECTIF (EFF_ID,DR_ID,DEP_ID,TYPE_BUR_ID,NOM_PRENOM,USER_MAIL,TYPE_JOB,NUMERO_BUREAU,MOBILE,MATRICULE,NUMSECUSOC,NATCONTRAT,GROUPSOC,DATERECRU,NOM,PRENOM,STATUT_EMP,DATEDEPART) values ('345','1','172','1','KHERRAT MOHAMED ACHRAF','ma.kherrat@laciar.com','Chef de Département Contrôle Technique',null,null,'0115','91 0750 0044 51','CDI',null,to_date('15/06/11','DD/MM/RR'),'KHERRAT','MOHAMED ACHRAF',null,null);
Insert into C_GPI.EFFECTIF (EFF_ID,DR_ID,DEP_ID,TYPE_BUR_ID,NOM_PRENOM,USER_MAIL,TYPE_JOB,NUMERO_BUREAU,MOBILE,MATRICULE,NUMSECUSOC,NATCONTRAT,GROUPSOC,DATERECRU,NOM,PRENOM,STATUT_EMP,DATEDEPART) values ('347','1','166','2','MESSIKH Zoukikha Dounia','z.messikh@laciar.com','Chef de Département Juridique',null,null,'0122','84 75 74 000 537','CDI',null,to_date('15/09/11','DD/MM/RR'),'MESSIKH','Zoukikha Dounia',null,null);
Insert into C_GPI.EFFECTIF (EFF_ID,DR_ID,DEP_ID,TYPE_BUR_ID,NOM_PRENOM,USER_MAIL,TYPE_JOB,NUMERO_BUREAU,MOBILE,MATRICULE,NUMSECUSOC,NATCONTRAT,GROUPSOC,DATERECRU,NOM,PRENOM,STATUT_EMP,DATEDEPART) values ('349','1','175','2','BELDJOUDI Souad','s.beldjoudi@laciar.com','Chef de Département Risque simple et marchés publics','4','0561657063','0126','80 5010 0007 64','CDI',null,to_date('16/10/11','DD/MM/RR'),'BELDJOUDI','Souad',null,null);
Insert into C_GPI.EFFECTIF (EFF_ID,DR_ID,DEP_ID,TYPE_BUR_ID,NOM_PRENOM,USER_MAIL,TYPE_JOB,NUMERO_BUREAU,MOBILE,MATRICULE,NUMSECUSOC,NATCONTRAT,GROUPSOC,DATERECRU,NOM,PRENOM,STATUT_EMP,DATEDEPART) values ('351','1','174','3','HARDJANI Mounir',null,'Agent de sécurité',null,null,'0129','75 0596 0111 47','CDI',null,to_date('02/01/12','DD/MM/RR'),'HARDJANI','Mounir',null,null);
Insert into C_GPI.EFFECTIF (EFF_ID,DR_ID,DEP_ID,TYPE_BUR_ID,NOM_PRENOM,USER_MAIL,TYPE_JOB,NUMERO_BUREAU,MOBILE,MATRICULE,NUMSECUSOC,NATCONTRAT,GROUPSOC,DATERECRU,NOM,PRENOM,STATUT_EMP,DATEDEPART) values ('352','1','166','1','BENAZIBA Nadia','n.benaziba@laciar.com','Chef de département juridique',null,'0561604738','0130','83 0335 0180 49','CDI',null,to_date('02/01/12','DD/MM/RR'),'BENAZIBA','Nadia',null,null);
Insert into C_GPI.EFFECTIF (EFF_ID,DR_ID,DEP_ID,TYPE_BUR_ID,NOM_PRENOM,USER_MAIL,TYPE_JOB,NUMERO_BUREAU,MOBILE,MATRICULE,NUMSECUSOC,NATCONTRAT,GROUPSOC,DATERECRU,NOM,PRENOM,STATUT_EMP,DATEDEPART) values ('353','1','2','3','BENDOUADI Mohamed',null,'Agent d''Entretien ( Bou Ismail )',null,'0561613467','0231','67 0867 0061 40','CDI',null,to_date('01/03/18','DD/MM/RR'),'AOUSSAT','Nadia',null,null);
Insert into C_GPI.EFFECTIF (EFF_ID,DR_ID,DEP_ID,TYPE_BUR_ID,NOM_PRENOM,USER_MAIL,TYPE_JOB,NUMERO_BUREAU,MOBILE,MATRICULE,NUMSECUSOC,NATCONTRAT,GROUPSOC,DATERECRU,NOM,PRENOM,STATUT_EMP,DATEDEPART) values ('355','1','2','3','BENMHIRIZ El Hadj',null,'Agent de sécurité',null,null,'0134','77 0313 0245 55','CDI',null,to_date('01/04/12','DD/MM/RR'),'BENMHIRIZ','El Hadj',null,null);
Insert into C_GPI.EFFECTIF (EFF_ID,DR_ID,DEP_ID,TYPE_BUR_ID,NOM_PRENOM,USER_MAIL,TYPE_JOB,NUMERO_BUREAU,MOBILE,MATRICULE,NUMSECUSOC,NATCONTRAT,GROUPSOC,DATERECRU,NOM,PRENOM,STATUT_EMP,DATEDEPART) values ('356','1','2','3','MAKHLOUFI Mustapha',null,'Agent de sécurité',null,null,'0137','84 0572 0169 36','CDI',null,to_date('03/06/12','DD/MM/RR'),'MAKHLOUFI','Mustapha',null,null);
Insert into C_GPI.EFFECTIF (EFF_ID,DR_ID,DEP_ID,TYPE_BUR_ID,NOM_PRENOM,USER_MAIL,TYPE_JOB,NUMERO_BUREAU,MOBILE,MATRICULE,NUMSECUSOC,NATCONTRAT,GROUPSOC,DATERECRU,NOM,PRENOM,STATUT_EMP,DATEDEPART) values ('358','1','2','121','DIDOUCHE Abdelnacer',null,'Agent factotum',null,'0561604521','0147','59 0667 0043 44','CDI',null,to_date('02/01/13','DD/MM/RR'),'DIDOUCHE','Abdelnacer',null,null);
Insert into C_GPI.EFFECTIF (EFF_ID,DR_ID,DEP_ID,TYPE_BUR_ID,NOM_PRENOM,USER_MAIL,TYPE_JOB,NUMERO_BUREAU,MOBILE,MATRICULE,NUMSECUSOC,NATCONTRAT,GROUPSOC,DATERECRU,NOM,PRENOM,STATUT_EMP,DATEDEPART) values ('360','1','165','1','BOUTALBI Mouloud','m.boutalbi@laciar.com','Chef de Département Rapprochement Bancaire et Régularisation des Ecritures Comptable',null,'0561604667','0164','82 0232 0135 59','CDI',null,to_date('01/07/13','DD/MM/RR'),'BOUTALBI','Mouloud',null,null);
Insert into C_GPI.EFFECTIF (EFF_ID,DR_ID,DEP_ID,TYPE_BUR_ID,NOM_PRENOM,USER_MAIL,TYPE_JOB,NUMERO_BUREAU,MOBILE,MATRICULE,NUMSECUSOC,NATCONTRAT,GROUPSOC,DATERECRU,NOM,PRENOM,STATUT_EMP,DATEDEPART) values ('363','1','2','3','BOUZEGHAYA TADJ EDDINE',null,'Agent de sécurité',null,'0560964715','0172','83 0617 0024 57','CDI',null,to_date('01/04/14','DD/MM/RR'),'BOUZEGHAYA','TADJ EDDINE',null,null);
Insert into C_GPI.EFFECTIF (EFF_ID,DR_ID,DEP_ID,TYPE_BUR_ID,NOM_PRENOM,USER_MAIL,TYPE_JOB,NUMERO_BUREAU,MOBILE,MATRICULE,NUMSECUSOC,NATCONTRAT,GROUPSOC,DATERECRU,NOM,PRENOM,STATUT_EMP,DATEDEPART) values ('364','1','174','2','REZALI YOUCEF','y.rezali@laciar.com','Chef de service sinistre',null,null,'0173','89 6044 0010 48','CDI',null,to_date('01/04/14','DD/MM/RR'),'REZALI','YOUCEF',null,null);
Insert into C_GPI.EFFECTIF (EFF_ID,DR_ID,DEP_ID,TYPE_BUR_ID,NOM_PRENOM,USER_MAIL,TYPE_JOB,NUMERO_BUREAU,MOBILE,MATRICULE,NUMSECUSOC,NATCONTRAT,GROUPSOC,DATERECRU,NOM,PRENOM,STATUT_EMP,DATEDEPART) values ('366','1','174','121','RAHMAOUI MOUSSA',null,'Agent de sécurité',null,null,'0175','64 2456 0012 55','CDI',null,to_date('06/04/14','DD/MM/RR'),'RAHMAOUI','MOUSSA',null,null);
Insert into C_GPI.EFFECTIF (EFF_ID,DR_ID,DEP_ID,TYPE_BUR_ID,NOM_PRENOM,USER_MAIL,TYPE_JOB,NUMERO_BUREAU,MOBILE,MATRICULE,NUMSECUSOC,NATCONTRAT,GROUPSOC,DATERECRU,NOM,PRENOM,STATUT_EMP,DATEDEPART) values ('367','1','165','2','BENNOUAR ADNAN','a.bennouar@laciar.com','Chef de Service Comptabilité',null,'0561604716','0176','88 2913 0901 47','CDI',null,to_date('06/04/14','DD/MM/RR'),'BENNOUAR','ADNAN',null,null);
Insert into C_GPI.EFFECTIF (EFF_ID,DR_ID,DEP_ID,TYPE_BUR_ID,NOM_PRENOM,USER_MAIL,TYPE_JOB,NUMERO_BUREAU,MOBILE,MATRICULE,NUMSECUSOC,NATCONTRAT,GROUPSOC,DATERECRU,NOM,PRENOM,STATUT_EMP,DATEDEPART) values ('369','1','2','121','OUANOUGHI Ahcene',null,'Chauffeur',null,null,'0180','78 0299 0183 28','CDI',null,to_date('04/05/14','DD/MM/RR'),'OUANOUGHI','Ahcene',null,null);
Insert into C_GPI.EFFECTIF (EFF_ID,DR_ID,DEP_ID,TYPE_BUR_ID,NOM_PRENOM,USER_MAIL,TYPE_JOB,NUMERO_BUREAU,MOBILE,MATRICULE,NUMSECUSOC,NATCONTRAT,GROUPSOC,DATERECRU,NOM,PRENOM,STATUT_EMP,DATEDEPART) values ('370','1','174','1','BOUCHENAFA Amira','a.bouchenafa@laciar.com','Collaboratrice technique/Produc',null,'0560932510','0185','92 0397 0140 42','CDI',null,to_date('03/08/14','DD/MM/RR'),'BOUCHENAFA','Amira',null,null);
Insert into C_GPI.EFFECTIF (EFF_ID,DR_ID,DEP_ID,TYPE_BUR_ID,NOM_PRENOM,USER_MAIL,TYPE_JOB,NUMERO_BUREAU,MOBILE,MATRICULE,NUMSECUSOC,NATCONTRAT,GROUPSOC,DATERECRU,NOM,PRENOM,STATUT_EMP,DATEDEPART) values ('371','1','174','121','HIMED Karima',null,'Agent d''entretien',null,null,'0186','78 0384 0219 41','CDI',null,to_date('17/08/14','DD/MM/RR'),'HIMED','Karima',null,null);
Insert into C_GPI.EFFECTIF (EFF_ID,DR_ID,DEP_ID,TYPE_BUR_ID,NOM_PRENOM,USER_MAIL,TYPE_JOB,NUMERO_BUREAU,MOBILE,MATRICULE,NUMSECUSOC,NATCONTRAT,GROUPSOC,DATERECRU,NOM,PRENOM,STATUT_EMP,DATEDEPART) values ('372','1','174','121','SEGGAR Abdelkader',null,'Agent de sécurité',null,null,'0190','60 0249 0100 67','CDI',null,to_date('15/10/14','DD/MM/RR'),'SEGGAR','Abdelkader',null,null);
Insert into C_GPI.EFFECTIF (EFF_ID,DR_ID,DEP_ID,TYPE_BUR_ID,NOM_PRENOM,USER_MAIL,TYPE_JOB,NUMERO_BUREAU,MOBILE,MATRICULE,NUMSECUSOC,NATCONTRAT,GROUPSOC,DATERECRU,NOM,PRENOM,STATUT_EMP,DATEDEPART) values ('374','1','172','2','BOUDBOUB Adel','a.boudboub@laciar.com','Inspecteur régional',null,'0560932877','0195','84 0499 0077 27','CDI',null,to_date('01/03/15','DD/MM/RR'),'BOUDBOUB','Adel',null,null);
Insert into C_GPI.EFFECTIF (EFF_ID,DR_ID,DEP_ID,TYPE_BUR_ID,NOM_PRENOM,USER_MAIL,TYPE_JOB,NUMERO_BUREAU,MOBILE,MATRICULE,NUMSECUSOC,NATCONTRAT,GROUPSOC,DATERECRU,NOM,PRENOM,STATUT_EMP,DATEDEPART) values ('375','1','7','1','KHOUCHANE Amina','a.khouchane@laciar.com','Chef de service','35',null,'0197','89 0567 0118 39','CDI',null,to_date('10/05/15','DD/MM/RR'),'KHOUCHANE','Amina',null,null);
Insert into C_GPI.EFFECTIF (EFF_ID,DR_ID,DEP_ID,TYPE_BUR_ID,NOM_PRENOM,USER_MAIL,TYPE_JOB,NUMERO_BUREAU,MOBILE,MATRICULE,NUMSECUSOC,NATCONTRAT,GROUPSOC,DATERECRU,NOM,PRENOM,STATUT_EMP,DATEDEPART) values ('378','1','2','1','SEMATI Ouahiba','o.semati@laciar.com','Standardiste','28',null,'0205','75 0467 0136 44','CDI',null,to_date('16/02/16','DD/MM/RR'),'SEMATI','Ouahiba',null,null);
Insert into C_GPI.EFFECTIF (EFF_ID,DR_ID,DEP_ID,TYPE_BUR_ID,NOM_PRENOM,USER_MAIL,TYPE_JOB,NUMERO_BUREAU,MOBILE,MATRICULE,NUMSECUSOC,NATCONTRAT,GROUPSOC,DATERECRU,NOM,PRENOM,STATUT_EMP,DATEDEPART) values ('379','1','168','2','AOUS Abdelmadjid','a.aous@laciar.com','Comptable','19','0561660085','0206','74 0284 0075 40','CDI',null,to_date('06/03/16','DD/MM/RR'),'AOUS','Abdelmadjid',null,null);
Insert into C_GPI.EFFECTIF (EFF_ID,DR_ID,DEP_ID,TYPE_BUR_ID,NOM_PRENOM,USER_MAIL,TYPE_JOB,NUMERO_BUREAU,MOBILE,MATRICULE,NUMSECUSOC,NATCONTRAT,GROUPSOC,DATERECRU,NOM,PRENOM,STATUT_EMP,DATEDEPART) values ('380','1','2','3','GHAZI Zahra',null,'Agent d''entretien',null,null,'0208','57 0254 0139 50','CDI',null,to_date('01/06/16','DD/MM/RR'),'GHAZI','Zahra',null,null);
Insert into C_GPI.EFFECTIF (EFF_ID,DR_ID,DEP_ID,TYPE_BUR_ID,NOM_PRENOM,USER_MAIL,TYPE_JOB,NUMERO_BUREAU,MOBILE,MATRICULE,NUMSECUSOC,NATCONTRAT,GROUPSOC,DATERECRU,NOM,PRENOM,STATUT_EMP,DATEDEPART) values ('381','1','2','3','BELHAH Ammar',null,'Agent polyvalent',null,null,'0210','82 0160 0417 55','CDI',null,to_date('07/06/16','DD/MM/RR'),'BELHAMDI','Ammar',null,null);
Insert into C_GPI.EFFECTIF (EFF_ID,DR_ID,DEP_ID,TYPE_BUR_ID,NOM_PRENOM,USER_MAIL,TYPE_JOB,NUMERO_BUREAU,MOBILE,MATRICULE,NUMSECUSOC,NATCONTRAT,GROUPSOC,DATERECRU,NOM,PRENOM,STATUT_EMP,DATEDEPART) values ('383','1','175','2','ATTOU Said','s.attou@laciar.com','Chargé d''études','4','0560839682','0216','77 4115 0003 59','CDI',null,to_date('01/02/17','DD/MM/RR'),'ATTOU','Said',null,null);
Insert into C_GPI.EFFECTIF (EFF_ID,DR_ID,DEP_ID,TYPE_BUR_ID,NOM_PRENOM,USER_MAIL,TYPE_JOB,NUMERO_BUREAU,MOBILE,MATRICULE,NUMSECUSOC,NATCONTRAT,GROUPSOC,DATERECRU,NOM,PRENOM,STATUT_EMP,DATEDEPART) values ('385','1','174','3','KAIDI Salim',null,'Agent de sécurité',null,null,'0218','77 1202 0006 66','CDI',null,to_date('01/03/17','DD/MM/RR'),'KAIDI','Salim',null,null);
Insert into C_GPI.EFFECTIF (EFF_ID,DR_ID,DEP_ID,TYPE_BUR_ID,NOM_PRENOM,USER_MAIL,TYPE_JOB,NUMERO_BUREAU,MOBILE,MATRICULE,NUMSECUSOC,NATCONTRAT,GROUPSOC,DATERECRU,NOM,PRENOM,STATUT_EMP,DATEDEPART) values ('386','1','171','2','SAHRAOUI Amina','a.sahraoui@laciar.com','Chef de département sinistre',null,null,'0226','84 0982 0012 48','CDI',null,to_date('03/12/17','DD/MM/RR'),'SAHRAOUI','Amina',null,null);
Insert into C_GPI.EFFECTIF (EFF_ID,DR_ID,DEP_ID,TYPE_BUR_ID,NOM_PRENOM,USER_MAIL,TYPE_JOB,NUMERO_BUREAU,MOBILE,MATRICULE,NUMSECUSOC,NATCONTRAT,GROUPSOC,DATERECRU,NOM,PRENOM,STATUT_EMP,DATEDEPART) values ('390','1','2','3','SETBEB Yasmina',null,'Agent d''entretien',null,null,'0232','70 0189 0215 50','CDI',null,to_date('01/03/18','DD/MM/RR'),'SETBEL','Yasmina',null,null);
Insert into C_GPI.EFFECTIF (EFF_ID,DR_ID,DEP_ID,TYPE_BUR_ID,NOM_PRENOM,USER_MAIL,TYPE_JOB,NUMERO_BUREAU,MOBILE,MATRICULE,NUMSECUSOC,NATCONTRAT,GROUPSOC,DATERECRU,NOM,PRENOM,STATUT_EMP,DATEDEPART) values ('391','1','2','3','HAMOUD Naziha',null,'Agent d''entretien',null,'0561713111','0233','71 0050 0311 68','CDI',null,to_date('01/03/18','DD/MM/RR'),'HAMOUD','Naziha',null,null);
Insert into C_GPI.EFFECTIF (EFF_ID,DR_ID,DEP_ID,TYPE_BUR_ID,NOM_PRENOM,USER_MAIL,TYPE_JOB,NUMERO_BUREAU,MOBILE,MATRICULE,NUMSECUSOC,NATCONTRAT,GROUPSOC,DATERECRU,NOM,PRENOM,STATUT_EMP,DATEDEPART) values ('392','1','2','3','BOUALIA Naima',null,'Agent d''entretien',null,'0560951425','0234','82 0676 0070 41','CDI',null,to_date('01/03/18','DD/MM/RR'),'BOUALIA','Naima',null,null);
Insert into C_GPI.EFFECTIF (EFF_ID,DR_ID,DEP_ID,TYPE_BUR_ID,NOM_PRENOM,USER_MAIL,TYPE_JOB,NUMERO_BUREAU,MOBILE,MATRICULE,NUMSECUSOC,NATCONTRAT,GROUPSOC,DATERECRU,NOM,PRENOM,STATUT_EMP,DATEDEPART) values ('394','1','171','2','BENAHMED Nedjma','n.benahmed@laciar.com','Chef de Département des indemnisations RD',null,null,'0240','82 5007 0003 61','CDI',null,to_date('02/05/18','DD/MM/RR'),'BENAHMED','Nedjma',null,null);
Insert into C_GPI.EFFECTIF (EFF_ID,DR_ID,DEP_ID,TYPE_BUR_ID,NOM_PRENOM,USER_MAIL,TYPE_JOB,NUMERO_BUREAU,MOBILE,MATRICULE,NUMSECUSOC,NATCONTRAT,GROUPSOC,DATERECRU,NOM,PRENOM,STATUT_EMP,DATEDEPART) values ('396','1','163','2','BOUYAKOUB Sofiane','s.bouyakoub@laciar.com','Chargé du Traitement et du Recouvrement',null,'0561610319','0252','92 0794 0123 42','CDI',null,to_date('02/12/18','DD/MM/RR'),'BOUYAKOUB','Sofiane',null,null);
Insert into C_GPI.EFFECTIF (EFF_ID,DR_ID,DEP_ID,TYPE_BUR_ID,NOM_PRENOM,USER_MAIL,TYPE_JOB,NUMERO_BUREAU,MOBILE,MATRICULE,NUMSECUSOC,NATCONTRAT,GROUPSOC,DATERECRU,NOM,PRENOM,STATUT_EMP,DATEDEPART) values ('397','1','166','2','TAGHBALOUT Houria','h.taghbalout@laciar.com','Juriste',null,null,'0258','77 0031 0024 63','CDI',null,to_date('05/05/19','DD/MM/RR'),'TAGHBALOUT','Houria',null,null);
Insert into C_GPI.EFFECTIF (EFF_ID,DR_ID,DEP_ID,TYPE_BUR_ID,NOM_PRENOM,USER_MAIL,TYPE_JOB,NUMERO_BUREAU,MOBILE,MATRICULE,NUMSECUSOC,NATCONTRAT,GROUPSOC,DATERECRU,NOM,PRENOM,STATUT_EMP,DATEDEPART) values ('399','1','168','1','ABIDAT Abderezzak','a.abidat@laciar.com','Inspecteur comptable','20','0561604740','0269','82 1121 0042 63','CDI',null,to_date('23/09/19','DD/MM/RR'),'ABIDAT','Abderezzak',null,null);
Insert into C_GPI.EFFECTIF (EFF_ID,DR_ID,DEP_ID,TYPE_BUR_ID,NOM_PRENOM,USER_MAIL,TYPE_JOB,NUMERO_BUREAU,MOBILE,MATRICULE,NUMSECUSOC,NATCONTRAT,GROUPSOC,DATERECRU,NOM,PRENOM,STATUT_EMP,DATEDEPART) values ('400','1','7','2','HAMEDIKKEN Noureddine','n.hamedikken@laciar.com','Chef de service','35','0560711351','0273','89 1153 0082 40','CDI',null,to_date('20/11/19','DD/MM/RR'),'HAMEDIKKEN','Noureddine',null,null);
Insert into C_GPI.EFFECTIF (EFF_ID,DR_ID,DEP_ID,TYPE_BUR_ID,NOM_PRENOM,USER_MAIL,TYPE_JOB,NUMERO_BUREAU,MOBILE,MATRICULE,NUMSECUSOC,NATCONTRAT,GROUPSOC,DATERECRU,NOM,PRENOM,STATUT_EMP,DATEDEPART) values ('401','1','175','2','OULMANE Mohamed Hamza','mh.oulmane@laciar.com','Chef de département agrocile','4',null,'0277','87 0206 0050 58','CDI',null,to_date('15/12/19','DD/MM/RR'),'OULMANE','Mohamed Hamza',null,null);
Insert into C_GPI.EFFECTIF (EFF_ID,DR_ID,DEP_ID,TYPE_BUR_ID,NOM_PRENOM,USER_MAIL,TYPE_JOB,NUMERO_BUREAU,MOBILE,MATRICULE,NUMSECUSOC,NATCONTRAT,GROUPSOC,DATERECRU,NOM,PRENOM,STATUT_EMP,DATEDEPART) values ('403','1','165','2','ROUABHA Fateh','f.rouabha@laciar.com','Chef de Service Comptabilité','19',null,'0280','93 4428 0010 52','CDI',null,to_date('01/03/20','DD/MM/RR'),'ROUABHA','Fateh',null,null);
Insert into C_GPI.EFFECTIF (EFF_ID,DR_ID,DEP_ID,TYPE_BUR_ID,NOM_PRENOM,USER_MAIL,TYPE_JOB,NUMERO_BUREAU,MOBILE,MATRICULE,NUMSECUSOC,NATCONTRAT,GROUPSOC,DATERECRU,NOM,PRENOM,STATUT_EMP,DATEDEPART) values ('404','1','168','2','AROUS Zakaria','z.arous@laciar.com','Comptable','19','0560354054','0283','96 4205 0009 51','CDI',null,to_date('10/05/20','DD/MM/RR'),'AROUS','Zakaria',null,null);
Insert into C_GPI.EFFECTIF (EFF_ID,DR_ID,DEP_ID,TYPE_BUR_ID,NOM_PRENOM,USER_MAIL,TYPE_JOB,NUMERO_BUREAU,MOBILE,MATRICULE,NUMSECUSOC,NATCONTRAT,GROUPSOC,DATERECRU,NOM,PRENOM,STATUT_EMP,DATEDEPART) values ('406','1','171','2','RABEI Rabah','r.rabei@laciar.com','Chef de service sinstres auto corporel',null,null,'0297','58 0041 0382 51','CDD',null,to_date('01/02/21','DD/MM/RR'),'RABEI','Rabah',null,null);
Insert into C_GPI.EFFECTIF (EFF_ID,DR_ID,DEP_ID,TYPE_BUR_ID,NOM_PRENOM,USER_MAIL,TYPE_JOB,NUMERO_BUREAU,MOBILE,MATRICULE,NUMSECUSOC,NATCONTRAT,GROUPSOC,DATERECRU,NOM,PRENOM,STATUT_EMP,DATEDEPART) values ('408','1','2','1','BOUDJENAH Nabil','n.boudjenah@laciar.com','Chauffeur','26','0561997934','0310','73 5580 0012 47','CDI',null,to_date('01/04/21','DD/MM/RR'),'BOUDJENAH','Nabil',null,null);
Insert into C_GPI.EFFECTIF (EFF_ID,DR_ID,DEP_ID,TYPE_BUR_ID,NOM_PRENOM,USER_MAIL,TYPE_JOB,NUMERO_BUREAU,MOBILE,MATRICULE,NUMSECUSOC,NATCONTRAT,GROUPSOC,DATERECRU,NOM,PRENOM,STATUT_EMP,DATEDEPART) values ('409','1','1','1','SOUFI Bachir','bsoufi@laciar.com','PDG',null,null,'0311','65 1717 0021 59','CDD',null,to_date('11/04/21','DD/MM/RR'),'SOUFI','Bachir',null,null);
Insert into C_GPI.EFFECTIF (EFF_ID,DR_ID,DEP_ID,TYPE_BUR_ID,NOM_PRENOM,USER_MAIL,TYPE_JOB,NUMERO_BUREAU,MOBILE,MATRICULE,NUMSECUSOC,NATCONTRAT,GROUPSOC,DATERECRU,NOM,PRENOM,STATUT_EMP,DATEDEPART) values ('412','1','1','1','CHELBI Ahmed','a.chelbi@laciar.com','Conseiller Chargé du recouvrement',null,'0561741137','0317','55 2102 0015 70','CDD',null,to_date('25/05/21','DD/MM/RR'),'CHELBI','Ahmed',null,null);
Insert into C_GPI.EFFECTIF (EFF_ID,DR_ID,DEP_ID,TYPE_BUR_ID,NOM_PRENOM,USER_MAIL,TYPE_JOB,NUMERO_BUREAU,MOBILE,MATRICULE,NUMSECUSOC,NATCONTRAT,GROUPSOC,DATERECRU,NOM,PRENOM,STATUT_EMP,DATEDEPART) values ('413','1','163','1','HADJAB Dalila',null,'Chef de Département du Traitement et du Recouvrement',null,null,'0318','80 0513 0097 48','CDI',null,to_date('13/06/21','DD/MM/RR'),'HADJAB','Dalila',null,null);
Insert into C_GPI.EFFECTIF (EFF_ID,DR_ID,DEP_ID,TYPE_BUR_ID,NOM_PRENOM,USER_MAIL,TYPE_JOB,NUMERO_BUREAU,MOBILE,MATRICULE,NUMSECUSOC,NATCONTRAT,GROUPSOC,DATERECRU,NOM,PRENOM,STATUT_EMP,DATEDEPART) values ('415','1','163','1','BOUSSAID Hafida','h.boussaid@laciar.com','Chef de Département Contentieux',null,null,'0320','83 2679 0035 36','CDI',null,to_date('13/06/21','DD/MM/RR'),'BOUSSAID','Hafida',null,null);
Insert into C_GPI.EFFECTIF (EFF_ID,DR_ID,DEP_ID,TYPE_BUR_ID,NOM_PRENOM,USER_MAIL,TYPE_JOB,NUMERO_BUREAU,MOBILE,MATRICULE,NUMSECUSOC,NATCONTRAT,GROUPSOC,DATERECRU,NOM,PRENOM,STATUT_EMP,DATEDEPART) values ('417','1','1','1','HAMMADI Kamel','k.hammadi@laciar.com','Directeur  des Risques de contruction et transports','1','0561604538','0326','89 0154 0058 41','CDI',null,to_date('11/08/21','DD/MM/RR'),'HAMMADI','Kamel',null,null);
Insert into C_GPI.EFFECTIF (EFF_ID,DR_ID,DEP_ID,TYPE_BUR_ID,NOM_PRENOM,USER_MAIL,TYPE_JOB,NUMERO_BUREAU,MOBILE,MATRICULE,NUMSECUSOC,NATCONTRAT,GROUPSOC,DATERECRU,NOM,PRENOM,STATUT_EMP,DATEDEPART) values ('418','1','171','1','BENSAMRA Sabrina','s.bensamra@laciar.com','Contrôleur régleur',null,null,'0327','80 4934 0009 47','CDI',null,to_date('12/08/21','DD/MM/RR'),'BENSAMRA','Sabrina',null,null);
Insert into C_GPI.EFFECTIF (EFF_ID,DR_ID,DEP_ID,TYPE_BUR_ID,NOM_PRENOM,USER_MAIL,TYPE_JOB,NUMERO_BUREAU,MOBILE,MATRICULE,NUMSECUSOC,NATCONTRAT,GROUPSOC,DATERECRU,NOM,PRENOM,STATUT_EMP,DATEDEPART) values ('420','1','174','1','HALOUANE Salim','s.halouane@laciar.com','Directeur des Systemes d''information Chargé de l''Assistance',null,'0561604482','0340','74 0835 0038 48','CDI',null,to_date('04/01/22','DD/MM/RR'),'HALOUANE','Salim',null,null);
Insert into C_GPI.EFFECTIF (EFF_ID,DR_ID,DEP_ID,TYPE_BUR_ID,NOM_PRENOM,USER_MAIL,TYPE_JOB,NUMERO_BUREAU,MOBILE,MATRICULE,NUMSECUSOC,NATCONTRAT,GROUPSOC,DATERECRU,NOM,PRENOM,STATUT_EMP,DATEDEPART) values ('421','1','165','1','KHETTAL Atmane','a.khettal@laciar.com','Chef de Service Comptabilité',null,null,'0341','78 08 40 002 453','CDI',null,to_date('24/01/22','DD/MM/RR'),'KHETTAL','Atmane',null,null);
Insert into C_GPI.EFFECTIF (EFF_ID,DR_ID,DEP_ID,TYPE_BUR_ID,NOM_PRENOM,USER_MAIL,TYPE_JOB,NUMERO_BUREAU,MOBILE,MATRICULE,NUMSECUSOC,NATCONTRAT,GROUPSOC,DATERECRU,NOM,PRENOM,STATUT_EMP,DATEDEPART) values ('424','1','175','1','BELKACEMI Hachemi','e.belkacemi@laciar.com','Chargé d''études','2',null,'0346','91 42 08 001 357','CDI',null,to_date('09/03/22','DD/MM/RR'),'BELKACEMI','El Hachemi',null,null);
Insert into C_GPI.EFFECTIF (EFF_ID,DR_ID,DEP_ID,TYPE_BUR_ID,NOM_PRENOM,USER_MAIL,TYPE_JOB,NUMERO_BUREAU,MOBILE,MATRICULE,NUMSECUSOC,NATCONTRAT,GROUPSOC,DATERECRU,NOM,PRENOM,STATUT_EMP,DATEDEPART) values ('425','1','2','121','ABBAS Mohamed',null,'Cuisinier',null,null,'0347','56 0028 0309 59','CDD',null,to_date('16/03/22','DD/MM/RR'),'ABBAS','Mohamed',null,null);
Insert into C_GPI.EFFECTIF (EFF_ID,DR_ID,DEP_ID,TYPE_BUR_ID,NOM_PRENOM,USER_MAIL,TYPE_JOB,NUMERO_BUREAU,MOBILE,MATRICULE,NUMSECUSOC,NATCONTRAT,GROUPSOC,DATERECRU,NOM,PRENOM,STATUT_EMP,DATEDEPART) values ('427','1','1','1','RABAHI Ahmed Lakhal Amine','a.rabahi@laciar.com','Directeur des Finances et de la Comptabilité','24',null,'0355','66 10 50 000 861','CDI',null,to_date('26/05/22','DD/MM/RR'),'RABAHI','Ahmed Lakhal Amine',null,null);
Insert into C_GPI.EFFECTIF (EFF_ID,DR_ID,DEP_ID,TYPE_BUR_ID,NOM_PRENOM,USER_MAIL,TYPE_JOB,NUMERO_BUREAU,MOBILE,MATRICULE,NUMSECUSOC,NATCONTRAT,GROUPSOC,DATERECRU,NOM,PRENOM,STATUT_EMP,DATEDEPART) values ('428','1','1','1','GUENDOUZ Khereddine','k.guendouz@laciar.com','Directeur des Affaires Juridiques',null,null,'0356','71 15 74 003 944','CDI',null,to_date('05/06/22','DD/MM/RR'),'GUENDOUZ','Khereddine',null,null);
Insert into C_GPI.EFFECTIF (EFF_ID,DR_ID,DEP_ID,TYPE_BUR_ID,NOM_PRENOM,USER_MAIL,TYPE_JOB,NUMERO_BUREAU,MOBILE,MATRICULE,NUMSECUSOC,NATCONTRAT,GROUPSOC,DATERECRU,NOM,PRENOM,STATUT_EMP,DATEDEPART) values ('430','1','1','1','CHABANE Hassina','h.bendib@laciar.com','Assistante du PDG',null,null,'0375','78 46 66 000 441','CDI',null,to_date('12/09/22','DD/MM/RR'),'CHABANE','Hassina',null,null);
Insert into C_GPI.EFFECTIF (EFF_ID,DR_ID,DEP_ID,TYPE_BUR_ID,NOM_PRENOM,USER_MAIL,TYPE_JOB,NUMERO_BUREAU,MOBILE,MATRICULE,NUMSECUSOC,NATCONTRAT,GROUPSOC,DATERECRU,NOM,PRENOM,STATUT_EMP,DATEDEPART) values ('431','1','2','1','KHELLAL Kamilia','k.khellal@laciar.com','Chef de Département Archives',null,null,'0382','78 02 96 024 734','CDI',null,to_date('02/11/22','DD/MM/RR'),'KHELLAL','Kamilia',null,null);
Insert into C_GPI.EFFECTIF (EFF_ID,DR_ID,DEP_ID,TYPE_BUR_ID,NOM_PRENOM,USER_MAIL,TYPE_JOB,NUMERO_BUREAU,MOBILE,MATRICULE,NUMSECUSOC,NATCONTRAT,GROUPSOC,DATERECRU,NOM,PRENOM,STATUT_EMP,DATEDEPART) values ('432','1','172','1','MOKHATI Mohamed Lamine','ml.mokhati@laciar.com','Inspecteur Technique',null,null,'0385','98 25 05 001 255','CDI',null,to_date('13/11/22','DD/MM/RR'),'MOKHATI','Mohamed Lamine',null,null);
Insert into C_GPI.EFFECTIF (EFF_ID,DR_ID,DEP_ID,TYPE_BUR_ID,NOM_PRENOM,USER_MAIL,TYPE_JOB,NUMERO_BUREAU,MOBILE,MATRICULE,NUMSECUSOC,NATCONTRAT,GROUPSOC,DATERECRU,NOM,PRENOM,STATUT_EMP,DATEDEPART) values ('434','1','163','1','ABDESSAMED Sihem','s.abdessamed@laciar.com','Sous-Directeur Recouvrement',null,null,'0388','90 17 24 001 557','CDI',null,to_date('04/12/22','DD/MM/RR'),'ABDESSAMED','Sihem',null,null);
Insert into C_GPI.EFFECTIF (EFF_ID,DR_ID,DEP_ID,TYPE_BUR_ID,NOM_PRENOM,USER_MAIL,TYPE_JOB,NUMERO_BUREAU,MOBILE,MATRICULE,NUMSECUSOC,NATCONTRAT,GROUPSOC,DATERECRU,NOM,PRENOM,STATUT_EMP,DATEDEPART) values ('435','1','7','2','REHANE Yahia','y.rehane@laciar.com','Chef de Service Réassurance','35',null,'0390','97  0080 0528 41','CDI',null,to_date('25/12/22','DD/MM/RR'),'REHANE','Yahia',null,null);
Insert into C_GPI.EFFECTIF (EFF_ID,DR_ID,DEP_ID,TYPE_BUR_ID,NOM_PRENOM,USER_MAIL,TYPE_JOB,NUMERO_BUREAU,MOBILE,MATRICULE,NUMSECUSOC,NATCONTRAT,GROUPSOC,DATERECRU,NOM,PRENOM,STATUT_EMP,DATEDEPART) values ('436','1','163','1','DEBBOUZA Youcef','y.debbouza@laciar.com','Chargé de Recouvrement',null,null,'0397','98 17 07 004 544','CDI',null,to_date('30/01/23','DD/MM/RR'),'DEBBOUZA','Youcef',null,null);
Insert into C_GPI.EFFECTIF (EFF_ID,DR_ID,DEP_ID,TYPE_BUR_ID,NOM_PRENOM,USER_MAIL,TYPE_JOB,NUMERO_BUREAU,MOBILE,MATRICULE,NUMSECUSOC,NATCONTRAT,GROUPSOC,DATERECRU,NOM,PRENOM,STATUT_EMP,DATEDEPART) values ('438','1','2','3','DJELLAOUI Missoum',null,'Agent de Sécurité',null,null,'0400',null,'CDD',null,to_date('22/02/23','DD/MM/RR'),'DJELLAOUI','Missoum',null,null);
Insert into C_GPI.EFFECTIF (EFF_ID,DR_ID,DEP_ID,TYPE_BUR_ID,NOM_PRENOM,USER_MAIL,TYPE_JOB,NUMERO_BUREAU,MOBILE,MATRICULE,NUMSECUSOC,NATCONTRAT,GROUPSOC,DATERECRU,NOM,PRENOM,STATUT_EMP,DATEDEPART) values ('439','1','2','1','IKOUIRENE Mahrez','m.ikouirene@laciar.com','Archiviste',null,null,'0401','80 23 69 001 251','CDI',null,to_date('01/03/23','DD/MM/RR'),'IKOUIRENE','Mahrez',null,null);
Insert into C_GPI.EFFECTIF (EFF_ID,DR_ID,DEP_ID,TYPE_BUR_ID,NOM_PRENOM,USER_MAIL,TYPE_JOB,NUMERO_BUREAU,MOBILE,MATRICULE,NUMSECUSOC,NATCONTRAT,GROUPSOC,DATERECRU,NOM,PRENOM,STATUT_EMP,DATEDEPART) values ('440','1','2','3','ZAIDI Abderezak',null,'Agent de Sécurité',null,null,'0402',null,'CDD',null,to_date('01/03/23','DD/MM/RR'),'ZAIDI','Abderezak',null,null);
Insert into C_GPI.EFFECTIF (EFF_ID,DR_ID,DEP_ID,TYPE_BUR_ID,NOM_PRENOM,USER_MAIL,TYPE_JOB,NUMERO_BUREAU,MOBILE,MATRICULE,NUMSECUSOC,NATCONTRAT,GROUPSOC,DATERECRU,NOM,PRENOM,STATUT_EMP,DATEDEPART) values ('441','1','1','1','SELLAK Abderezak','a.sellak@laciar.com','Directeur de la Réassurance','29',null,'0403','84 11 46 001 258','CDI',null,to_date('05/03/23','DD/MM/RR'),'SELLAK','Abderezak',null,null);
Insert into C_GPI.EFFECTIF (EFF_ID,DR_ID,DEP_ID,TYPE_BUR_ID,NOM_PRENOM,USER_MAIL,TYPE_JOB,NUMERO_BUREAU,MOBILE,MATRICULE,NUMSECUSOC,NATCONTRAT,GROUPSOC,DATERECRU,NOM,PRENOM,STATUT_EMP,DATEDEPART) values ('442','1','2','3','BENABIDALLAH Slimane',null,'Agent d''Entretien',null,null,'0406',null,'CDD',null,to_date('12/03/23','DD/MM/RR'),'BENABIDALLAH','Slimane',null,null);
Insert into C_GPI.EFFECTIF (EFF_ID,DR_ID,DEP_ID,TYPE_BUR_ID,NOM_PRENOM,USER_MAIL,TYPE_JOB,NUMERO_BUREAU,MOBILE,MATRICULE,NUMSECUSOC,NATCONTRAT,GROUPSOC,DATERECRU,NOM,PRENOM,STATUT_EMP,DATEDEPART) values ('444','1','2','121','BOUHILA Sid',null,'Chauffeur',null,null,'0408','94 01 65 011 947','CDI',null,to_date('28/04/23','DD/MM/RR'),'BOUHILA','Sid',null,null);
Insert into C_GPI.EFFECTIF (EFF_ID,DR_ID,DEP_ID,TYPE_BUR_ID,NOM_PRENOM,USER_MAIL,TYPE_JOB,NUMERO_BUREAU,MOBILE,MATRICULE,NUMSECUSOC,NATCONTRAT,GROUPSOC,DATERECRU,NOM,PRENOM,STATUT_EMP,DATEDEPART) values ('445','1','144','1','RAHAL Yanis','y.rahal@laciar.com','Assistant de Communication','47',null,'0410','93 26 45 000 847','CDI',null,to_date('02/05/23','DD/MM/RR'),'RAHAL','Yanis',null,null);
Insert into C_GPI.EFFECTIF (EFF_ID,DR_ID,DEP_ID,TYPE_BUR_ID,NOM_PRENOM,USER_MAIL,TYPE_JOB,NUMERO_BUREAU,MOBILE,MATRICULE,NUMSECUSOC,NATCONTRAT,GROUPSOC,DATERECRU,NOM,PRENOM,STATUT_EMP,DATEDEPART) values ('446','1','2','3','BELKACEM Fatma Zohra',null,'Agent d''entretien',null,null,'0412','66 04 36 018 840','CDD',null,to_date('01/06/23','DD/MM/RR'),'BELKACEM','Fatma Zohra',null,null);
Insert into C_GPI.EFFECTIF (EFF_ID,DR_ID,DEP_ID,TYPE_BUR_ID,NOM_PRENOM,USER_MAIL,TYPE_JOB,NUMERO_BUREAU,MOBILE,MATRICULE,NUMSECUSOC,NATCONTRAT,GROUPSOC,DATERECRU,NOM,PRENOM,STATUT_EMP,DATEDEPART) values ('448','1','1','1','DJOUAHER Mounir','m.djouaher@laciar.com','Conseiller Commercial',null,null,'0415','78 36 75 000 739','CDI',null,to_date('18/06/23','DD/MM/RR'),'DJOUAHER','Mounir',null,null);
Insert into C_GPI.EFFECTIF (EFF_ID,DR_ID,DEP_ID,TYPE_BUR_ID,NOM_PRENOM,USER_MAIL,TYPE_JOB,NUMERO_BUREAU,MOBILE,MATRICULE,NUMSECUSOC,NATCONTRAT,GROUPSOC,DATERECRU,NOM,PRENOM,STATUT_EMP,DATEDEPART) values ('449','1','2','3','BOUFAS Cherifa',null,'Agent d''entretien',null,null,'0416','90 0533 0024 59','CDD',null,to_date('18/06/23','DD/MM/RR'),'BOUFAS','Cherifa',null,null);
Insert into C_GPI.EFFECTIF (EFF_ID,DR_ID,DEP_ID,TYPE_BUR_ID,NOM_PRENOM,USER_MAIL,TYPE_JOB,NUMERO_BUREAU,MOBILE,MATRICULE,NUMSECUSOC,NATCONTRAT,GROUPSOC,DATERECRU,NOM,PRENOM,STATUT_EMP,DATEDEPART) values ('451','1','175','1','HOUCHATI Sofiane','s.houchati@laciar.com','Sous-Directeur Transport','5',null,'0420','79 06 74 00 96 28','CDI',null,to_date('20/08/23','DD/MM/RR'),'HOUCHATI','Sofiane',null,null);
Insert into C_GPI.EFFECTIF (EFF_ID,DR_ID,DEP_ID,TYPE_BUR_ID,NOM_PRENOM,USER_MAIL,TYPE_JOB,NUMERO_BUREAU,MOBILE,MATRICULE,NUMSECUSOC,NATCONTRAT,GROUPSOC,DATERECRU,NOM,PRENOM,STATUT_EMP,DATEDEPART) values ('452','1','175','1','BENZENOUNE Ali','a.benzenoune@laciar.com','ingénieur souscripteur','7',null,'0422','93 00 33 035 254','CDI',null,to_date('10/09/23','DD/MM/RR'),'BENZENOUNE','Ali',null,null);
Insert into C_GPI.EFFECTIF (EFF_ID,DR_ID,DEP_ID,TYPE_BUR_ID,NOM_PRENOM,USER_MAIL,TYPE_JOB,NUMERO_BUREAU,MOBILE,MATRICULE,NUMSECUSOC,NATCONTRAT,GROUPSOC,DATERECRU,NOM,PRENOM,STATUT_EMP,DATEDEPART) values ('453','1','1','1','NEGHLI Azzedine','a.neghli@laciar.com','Directeur Risk Management','36',null,'0423','87 23 41 000 654','CDI',null,to_date('12/09/23','DD/MM/RR'),'NEGHLI','Azzedine',null,null);
Insert into C_GPI.EFFECTIF (EFF_ID,DR_ID,DEP_ID,TYPE_BUR_ID,NOM_PRENOM,USER_MAIL,TYPE_JOB,NUMERO_BUREAU,MOBILE,MATRICULE,NUMSECUSOC,NATCONTRAT,GROUPSOC,DATERECRU,NOM,PRENOM,STATUT_EMP,DATEDEPART) values ('455','1','2','121','FERNANE Mansour',null,'Agent polyvalent',null,'0560436531','0426','69 0478 0151 40','CDI',null,to_date('01/10/23','DD/MM/RR'),'FERNANE','Mansour',null,null);
Insert into C_GPI.EFFECTIF (EFF_ID,DR_ID,DEP_ID,TYPE_BUR_ID,NOM_PRENOM,USER_MAIL,TYPE_JOB,NUMERO_BUREAU,MOBILE,MATRICULE,NUMSECUSOC,NATCONTRAT,GROUPSOC,DATERECRU,NOM,PRENOM,STATUT_EMP,DATEDEPART) values ('457','1','2','121','MOKKADEM Kamel',null,'Cuisinier',null,null,'0429','87 00 35 046 346','CDI',null,to_date('02/11/23','DD/MM/RR'),'MOKKADEM','Kamel',null,null);
Insert into C_GPI.EFFECTIF (EFF_ID,DR_ID,DEP_ID,TYPE_BUR_ID,NOM_PRENOM,USER_MAIL,TYPE_JOB,NUMERO_BUREAU,MOBILE,MATRICULE,NUMSECUSOC,NATCONTRAT,GROUPSOC,DATERECRU,NOM,PRENOM,STATUT_EMP,DATEDEPART) values ('464','2','221','1','HAMRIT Fatma Zohra','f.hamrit@laciar.com','Chef de département transport',null,'0561604774','0009','70 3893 0003 47','CDI',null,to_date('20/11/00','DD/MM/RR'),'HAMRIT','Fatma Zohra',null,null);
Insert into C_GPI.EFFECTIF (EFF_ID,DR_ID,DEP_ID,TYPE_BUR_ID,NOM_PRENOM,USER_MAIL,TYPE_JOB,NUMERO_BUREAU,MOBILE,MATRICULE,NUMSECUSOC,NATCONTRAT,GROUPSOC,DATERECRU,NOM,PRENOM,STATUT_EMP,DATEDEPART) values ('465','2','221','1','AOUADI Keltoum',null,'Chef de département Automobile',null,null,'0011','79 1705 0016 54','CDI',null,to_date('03/11/01','DD/MM/RR'),'OUDNI','Keltoum',null,null);
Insert into C_GPI.EFFECTIF (EFF_ID,DR_ID,DEP_ID,TYPE_BUR_ID,NOM_PRENOM,USER_MAIL,TYPE_JOB,NUMERO_BUREAU,MOBILE,MATRICULE,NUMSECUSOC,NATCONTRAT,GROUPSOC,DATERECRU,NOM,PRENOM,STATUT_EMP,DATEDEPART) values ('466','1','2','3','RACHEDI Hamid',null,'Agent d''Entretien ( Bou Ismail )',null,null,'0004','65 0326 0148 52','CDI',null,to_date('23/09/99','DD/MM/RR'),'RACHEDI','Hamid',null,null);
Insert into C_GPI.EFFECTIF (EFF_ID,DR_ID,DEP_ID,TYPE_BUR_ID,NOM_PRENOM,USER_MAIL,TYPE_JOB,NUMERO_BUREAU,MOBILE,MATRICULE,NUMSECUSOC,NATCONTRAT,GROUPSOC,DATERECRU,NOM,PRENOM,STATUT_EMP,DATEDEPART) values ('467','2','266','3','MESSAOUDI Djaffer',null,'Agent de sécurité',null,null,'0030','71 7836 0005 45','CDI',null,to_date('06/08/05','DD/MM/RR'),'MESSAOUDI','Djaffer',null,null);
Insert into C_GPI.EFFECTIF (EFF_ID,DR_ID,DEP_ID,TYPE_BUR_ID,NOM_PRENOM,USER_MAIL,TYPE_JOB,NUMERO_BUREAU,MOBILE,MATRICULE,NUMSECUSOC,NATCONTRAT,GROUPSOC,DATERECRU,NOM,PRENOM,STATUT_EMP,DATEDEPART) values ('469','2','216','1','TOUATI Naciba','n.touati@laciar.com','Chef de service production',null,null,'0039','72 0580 0038 48','CDI',null,to_date('01/12/06','DD/MM/RR'),'TOUATI','Naciba',null,null);
Insert into C_GPI.EFFECTIF (EFF_ID,DR_ID,DEP_ID,TYPE_BUR_ID,NOM_PRENOM,USER_MAIL,TYPE_JOB,NUMERO_BUREAU,MOBILE,MATRICULE,NUMSECUSOC,NATCONTRAT,GROUPSOC,DATERECRU,NOM,PRENOM,STATUT_EMP,DATEDEPART) values ('470','2','266','3','BENSAFIA Khaled',null,'Agent de sécurité',null,'0561603566','0059','75 1497 0012 45','CDI',null,to_date('01/03/08','DD/MM/RR'),'BENSAFIA','Khaled',null,null);
Insert into C_GPI.EFFECTIF (EFF_ID,DR_ID,DEP_ID,TYPE_BUR_ID,NOM_PRENOM,USER_MAIL,TYPE_JOB,NUMERO_BUREAU,MOBILE,MATRICULE,NUMSECUSOC,NATCONTRAT,GROUPSOC,DATERECRU,NOM,PRENOM,STATUT_EMP,DATEDEPART) values ('471','2','266','3','MAICH Ahmed',null,'Electricien',null,null,'0061','79 1376 0048 35','CDI',null,to_date('01/07/08','DD/MM/RR'),'MAICH','Ahmed',null,null);
Insert into C_GPI.EFFECTIF (EFF_ID,DR_ID,DEP_ID,TYPE_BUR_ID,NOM_PRENOM,USER_MAIL,TYPE_JOB,NUMERO_BUREAU,MOBILE,MATRICULE,NUMSECUSOC,NATCONTRAT,GROUPSOC,DATERECRU,NOM,PRENOM,STATUT_EMP,DATEDEPART) values ('472','2','214','1','SHEHAB Adel','a.shehab@laciar.com','Collaborateur technique Informatique',null,null,'0062','83 0364 0163 45','CDI',null,to_date('01/07/08','DD/MM/RR'),'SHEHAB','Adel',null,null);
Insert into C_GPI.EFFECTIF (EFF_ID,DR_ID,DEP_ID,TYPE_BUR_ID,NOM_PRENOM,USER_MAIL,TYPE_JOB,NUMERO_BUREAU,MOBILE,MATRICULE,NUMSECUSOC,NATCONTRAT,GROUPSOC,DATERECRU,NOM,PRENOM,STATUT_EMP,DATEDEPART) values ('476','2','266','3','SETBEL Rachid',null,'Agent de sécurité',null,null,'0082','64 7113 0001 62','CDI',null,to_date('15/01/10','DD/MM/RR'),'SETBEL','Rachid',null,null);
Insert into C_GPI.EFFECTIF (EFF_ID,DR_ID,DEP_ID,TYPE_BUR_ID,NOM_PRENOM,USER_MAIL,TYPE_JOB,NUMERO_BUREAU,MOBILE,MATRICULE,NUMSECUSOC,NATCONTRAT,GROUPSOC,DATERECRU,NOM,PRENOM,STATUT_EMP,DATEDEPART) values ('477','2','266','3','NAIT ALI Ahmed',null,'Agent de sécurité',null,null,'0088','62 0558 0041 53','CDI',null,to_date('02/05/10','DD/MM/RR'),'NAIT','ALI Ahmed',null,null);
Insert into C_GPI.EFFECTIF (EFF_ID,DR_ID,DEP_ID,TYPE_BUR_ID,NOM_PRENOM,USER_MAIL,TYPE_JOB,NUMERO_BUREAU,MOBILE,MATRICULE,NUMSECUSOC,NATCONTRAT,GROUPSOC,DATERECRU,NOM,PRENOM,STATUT_EMP,DATEDEPART) values ('154','4','10','2','TAMDA Nasreddine','n.tamda@laciar.com','Collaborateur Technique','A et B','0561690232','0152','87 28 58 002 339','CDI',null,to_date('03/02/13','DD/MM/RR'),'TAMDA','Nasreddine',null,null);
Insert into C_GPI.EFFECTIF (EFF_ID,DR_ID,DEP_ID,TYPE_BUR_ID,NOM_PRENOM,USER_MAIL,TYPE_JOB,NUMERO_BUREAU,MOBILE,MATRICULE,NUMSECUSOC,NATCONTRAT,GROUPSOC,DATERECRU,NOM,PRENOM,STATUT_EMP,DATEDEPART) values ('152','4','6','1','ASLI Mohamed Tahar','m.asli@laciar.com','Chef de Service Finances','D','0561951174','0290','71 63 08 000 259','CDI',null,to_date('11/10/20','DD/MM/RR'),'ASLI','Mohamed Tahar',null,null);
Insert into C_GPI.EFFECTIF (EFF_ID,DR_ID,DEP_ID,TYPE_BUR_ID,NOM_PRENOM,USER_MAIL,TYPE_JOB,NUMERO_BUREAU,MOBILE,MATRICULE,NUMSECUSOC,NATCONTRAT,GROUPSOC,DATERECRU,NOM,PRENOM,STATUT_EMP,DATEDEPART) values ('155','4','10','2','CHENIKA Fatima Zohra','f.chenika@laciar.com','Collaboratrice technique','A et B','0561604683','0161','86 09 57 003 342','CDI',null,to_date('02/06/13','DD/MM/RR'),'CHENIKA','Fatima Zohra',null,null);
Insert into C_GPI.EFFECTIF (EFF_ID,DR_ID,DEP_ID,TYPE_BUR_ID,NOM_PRENOM,USER_MAIL,TYPE_JOB,NUMERO_BUREAU,MOBILE,MATRICULE,NUMSECUSOC,NATCONTRAT,GROUPSOC,DATERECRU,NOM,PRENOM,STATUT_EMP,DATEDEPART) values ('162','6','192','1','BELHAMEL HAROUN','h.belhamel@laciar.com','Correspondant Informatique','004','0561651504','0109','79 69 07 000 246','CDI',null,to_date('04/04/11','DD/MM/RR'),'BELHAMEL','HAROUN',null,null);
Insert into C_GPI.EFFECTIF (EFF_ID,DR_ID,DEP_ID,TYPE_BUR_ID,NOM_PRENOM,USER_MAIL,TYPE_JOB,NUMERO_BUREAU,MOBILE,MATRICULE,NUMSECUSOC,NATCONTRAT,GROUPSOC,DATERECRU,NOM,PRENOM,STATUT_EMP,DATEDEPART) values ('167','4','181','1','RACHEDI LEILA','l.rachedi@laciar.com','Chef de Département Sinistre','F','0560441445','0167','70 46 05 000 462','CDI',null,to_date('03/11/13','DD/MM/RR'),'RACHEDI','LEILA',null,null);
Insert into C_GPI.EFFECTIF (EFF_ID,DR_ID,DEP_ID,TYPE_BUR_ID,NOM_PRENOM,USER_MAIL,TYPE_JOB,NUMERO_BUREAU,MOBILE,MATRICULE,NUMSECUSOC,NATCONTRAT,GROUPSOC,DATERECRU,NOM,PRENOM,STATUT_EMP,DATEDEPART) values ('165','6','192','1','MEBARKI CHAOUKI','c.mebarki@laciar.com','Chef de département Informatique','004','0561604557','0080','75 30 77 000 350','CDI',null,to_date('20/12/09','DD/MM/RR'),'MEBARKI','CHAOUKI',null,null);
Insert into C_GPI.EFFECTIF (EFF_ID,DR_ID,DEP_ID,TYPE_BUR_ID,NOM_PRENOM,USER_MAIL,TYPE_JOB,NUMERO_BUREAU,MOBILE,MATRICULE,NUMSECUSOC,NATCONTRAT,GROUPSOC,DATERECRU,NOM,PRENOM,STATUT_EMP,DATEDEPART) values ('166','7','200','1','MEDJEBER  ZAKARIA','Z.medjeber@laciar.com','Correspondant Informatique','Département Informatique','0561951903','0288','90 38 81 001 840','CDI',null,to_date('01/09/20','DD/MM/RR'),'MEDJEBER','ZAKARIA',null,null);
Insert into C_GPI.EFFECTIF (EFF_ID,DR_ID,DEP_ID,TYPE_BUR_ID,NOM_PRENOM,USER_MAIL,TYPE_JOB,NUMERO_BUREAU,MOBILE,MATRICULE,NUMSECUSOC,NATCONTRAT,GROUPSOC,DATERECRU,NOM,PRENOM,STATUT_EMP,DATEDEPART) values ('169','3','4','1','CHABOUR ADEL','a.chabour@laciar.com','corr informatique','02','0561690980','0257','91 46 10 001 597','CDI',null,to_date('01/04/19','DD/MM/RR'),'CHABOUR','ADEL',null,null);
Insert into C_GPI.EFFECTIF (EFF_ID,DR_ID,DEP_ID,TYPE_BUR_ID,NOM_PRENOM,USER_MAIL,TYPE_JOB,NUMERO_BUREAU,MOBILE,MATRICULE,NUMSECUSOC,NATCONTRAT,GROUPSOC,DATERECRU,NOM,PRENOM,STATUT_EMP,DATEDEPART) values ('170','3','4','1','ZOUAOUI Mohamed','mh.zouaoui@laciar.com','Correspondant informatique','3','0561604564','0089','80 47 95 000 639','CDI',null,to_date('02/05/10','DD/MM/RR'),'ZOUAOUI','Mohamed',null,null);
Insert into C_GPI.EFFECTIF (EFF_ID,DR_ID,DEP_ID,TYPE_BUR_ID,NOM_PRENOM,USER_MAIL,TYPE_JOB,NUMERO_BUREAU,MOBILE,MATRICULE,NUMSECUSOC,NATCONTRAT,GROUPSOC,DATERECRU,NOM,PRENOM,STATUT_EMP,DATEDEPART) values ('173','5','185','1','TFYECHE Taha','T.TFYECHE@laciar.com','chef de service informatique','09','0561604709','0184','86 11 18 003 157','CDI',null,to_date('01/06/14','DD/MM/RR'),'TFYECHE','Taha',null,null);
Insert into C_GPI.EFFECTIF (EFF_ID,DR_ID,DEP_ID,TYPE_BUR_ID,NOM_PRENOM,USER_MAIL,TYPE_JOB,NUMERO_BUREAU,MOBILE,MATRICULE,NUMSECUSOC,NATCONTRAT,GROUPSOC,DATERECRU,NOM,PRENOM,STATUT_EMP,DATEDEPART) values ('176','5','186','1','FILI Abderrazak','A.FILI@laciar.com','collaborateur de Production','12','0561604540','0238','90 10 09 006 058','CDI',null,to_date('01/04/18','DD/MM/RR'),'FILI','Abderrazak',null,null);
Insert into C_GPI.EFFECTIF (EFF_ID,DR_ID,DEP_ID,TYPE_BUR_ID,NOM_PRENOM,USER_MAIL,TYPE_JOB,NUMERO_BUREAU,MOBILE,MATRICULE,NUMSECUSOC,NATCONTRAT,GROUPSOC,DATERECRU,NOM,PRENOM,STATUT_EMP,DATEDEPART) values ('179','5','183','1','OULEDLAID Faouzi','F.OULEDLAID@laciar.com','Chef de Service Finance et Comptabilité','13','0561604513','0209','88 10 82 008 336','CDI',null,to_date('01/06/16','DD/MM/RR'),'OULED LAID','Mohammed Faouzi',null,null);
Insert into C_GPI.EFFECTIF (EFF_ID,DR_ID,DEP_ID,TYPE_BUR_ID,NOM_PRENOM,USER_MAIL,TYPE_JOB,NUMERO_BUREAU,MOBILE,MATRICULE,NUMSECUSOC,NATCONTRAT,GROUPSOC,DATERECRU,NOM,PRENOM,STATUT_EMP,DATEDEPART) values ('181','5','184','1','BEHISSA Chouaib','C.BEHISSA@laciar.com','Directeur régional','01','0561657058','0144','05 61 65 70 58','CDI',null,to_date('01/08/12','DD/MM/RR'),'BEHISSA','Chouaib',null,null);
Insert into C_GPI.EFFECTIF (EFF_ID,DR_ID,DEP_ID,TYPE_BUR_ID,NOM_PRENOM,USER_MAIL,TYPE_JOB,NUMERO_BUREAU,MOBILE,MATRICULE,NUMSECUSOC,NATCONTRAT,GROUPSOC,DATERECRU,NOM,PRENOM,STATUT_EMP,DATEDEPART) values ('182','5','184','1','BOUHOUNALI Hassen','H.BOUHOUNALI@laciar.com','Directeur régional adjoint','04','0561604554','0013','75 02 38 008 939','CDI',null,to_date('10/09/02','DD/MM/RR'),'BOUHOUNALI','Hassen',null,null);
Insert into C_GPI.EFFECTIF (EFF_ID,DR_ID,DEP_ID,TYPE_BUR_ID,NOM_PRENOM,USER_MAIL,TYPE_JOB,NUMERO_BUREAU,MOBILE,MATRICULE,NUMSECUSOC,NATCONTRAT,GROUPSOC,DATERECRU,NOM,PRENOM,STATUT_EMP,DATEDEPART) values ('301','4','268','1','MAACHOU Mustapha','m.maachou@laciar.com','Directeur régional','Directeur régional','0561 70 25 05','0275','78 42 91 000 246','CDI',null,to_date('01/12/19','DD/MM/RR'),'MAACHOU','Mustapha',null,null);
Insert into C_GPI.EFFECTIF (EFF_ID,DR_ID,DEP_ID,TYPE_BUR_ID,NOM_PRENOM,USER_MAIL,TYPE_JOB,NUMERO_BUREAU,MOBILE,MATRICULE,NUMSECUSOC,NATCONTRAT,GROUPSOC,DATERECRU,NOM,PRENOM,STATUT_EMP,DATEDEPART) values ('635','2','216','1','SAIDJ Sofiane','s.saidj@laciar.com','Collaborateur technique p',null,null,'0021','77 3947 0001 47','CDI',null,to_date('02/11/03','DD/MM/RR'),'SAIDJ','Sofiane',null,null);
Insert into C_GPI.EFFECTIF (EFF_ID,DR_ID,DEP_ID,TYPE_BUR_ID,NOM_PRENOM,USER_MAIL,TYPE_JOB,NUMERO_BUREAU,MOBILE,MATRICULE,NUMSECUSOC,NATCONTRAT,GROUPSOC,DATERECRU,NOM,PRENOM,STATUT_EMP,DATEDEPART) values ('638','3','307','161','SAIDET Lilia',null,'Chef d''Agence','AC 7590',null,'0339','82 79 74 000 139','CDD',null,to_date('01/01/22','DD/MM/RR'),'SAIDET','Lilia',null,null);
Insert into C_GPI.EFFECTIF (EFF_ID,DR_ID,DEP_ID,TYPE_BUR_ID,NOM_PRENOM,USER_MAIL,TYPE_JOB,NUMERO_BUREAU,MOBILE,MATRICULE,NUMSECUSOC,NATCONTRAT,GROUPSOC,DATERECRU,NOM,PRENOM,STATUT_EMP,DATEDEPART) values ('645','3','312','161','SAOUDI Faris',null,'Chef d''Agence','AC 7830',null,'0396','95 06 59 003 837','CDI',null,to_date('19/01/23','DD/MM/RR'),'SAOUDI','Faris',null,null);
Insert into C_GPI.EFFECTIF (EFF_ID,DR_ID,DEP_ID,TYPE_BUR_ID,NOM_PRENOM,USER_MAIL,TYPE_JOB,NUMERO_BUREAU,MOBILE,MATRICULE,NUMSECUSOC,NATCONTRAT,GROUPSOC,DATERECRU,NOM,PRENOM,STATUT_EMP,DATEDEPART) values ('646','3','305','160','LECHEHEB Mohamed',null,'Collaborateur Technique','AD 7840','0560649019','0404',null,'CDI',null,to_date('07/03/23','DD/MM/RR'),'LECHEHEB','Mohamed',null,null);
Insert into C_GPI.EFFECTIF (EFF_ID,DR_ID,DEP_ID,TYPE_BUR_ID,NOM_PRENOM,USER_MAIL,TYPE_JOB,NUMERO_BUREAU,MOBILE,MATRICULE,NUMSECUSOC,NATCONTRAT,GROUPSOC,DATERECRU,NOM,PRENOM,STATUT_EMP,DATEDEPART) values ('647','3','313','161','BELHADDAD Ali',null,'Chef d''Agence','AC 7910',null,'0428',null,'CDI',null,to_date('11/10/23','DD/MM/RR'),'BELHADDAD','Ali',null,null);
Insert into C_GPI.EFFECTIF (EFF_ID,DR_ID,DEP_ID,TYPE_BUR_ID,NOM_PRENOM,USER_MAIL,TYPE_JOB,NUMERO_BUREAU,MOBILE,MATRICULE,NUMSECUSOC,NATCONTRAT,GROUPSOC,DATERECRU,NOM,PRENOM,STATUT_EMP,DATEDEPART) values ('648','4','314','161','AZZEDINE Abdellah',null,'Chef d''Agence','AC 3810',null,'0345','85 91 71 000 440','CDI',null,to_date('01/03/22','DD/MM/RR'),'AZZEDINE','Abdellah',null,null);
Insert into C_GPI.EFFECTIF (EFF_ID,DR_ID,DEP_ID,TYPE_BUR_ID,NOM_PRENOM,USER_MAIL,TYPE_JOB,NUMERO_BUREAU,MOBILE,MATRICULE,NUMSECUSOC,NATCONTRAT,GROUPSOC,DATERECRU,NOM,PRENOM,STATUT_EMP,DATEDEPART) values ('650','4','316','163','HASSANI Hanane',null,'Collaboratrice Technique','Annexe 3821',null,'0364','90 17 80 000 749','CDD',null,to_date('25/07/22','DD/MM/RR'),'HASSANI','Hanane',null,null);
Insert into C_GPI.EFFECTIF (EFF_ID,DR_ID,DEP_ID,TYPE_BUR_ID,NOM_PRENOM,USER_MAIL,TYPE_JOB,NUMERO_BUREAU,MOBILE,MATRICULE,NUMSECUSOC,NATCONTRAT,GROUPSOC,DATERECRU,NOM,PRENOM,STATUT_EMP,DATEDEPART) values ('651','4','316','163','MOULAI Fatima Zahra',null,'Chef dépatement Souscription','Annexe 3821',null,'0365','91 08 82 003 246','CDD',null,to_date('25/07/22','DD/MM/RR'),'MOULAI','Fatima Zahra',null,null);
Insert into C_GPI.EFFECTIF (EFF_ID,DR_ID,DEP_ID,TYPE_BUR_ID,NOM_PRENOM,USER_MAIL,TYPE_JOB,NUMERO_BUREAU,MOBILE,MATRICULE,NUMSECUSOC,NATCONTRAT,GROUPSOC,DATERECRU,NOM,PRENOM,STATUT_EMP,DATEDEPART) values ('652','4','317','161','HAKIKI Aicha',null,'chef d''Agence','AC 3870',null,'0381','93 00 05 011 763','CDI',null,to_date('26/10/22','DD/MM/RR'),'HAKIKI','Aicha',null,null);
Insert into C_GPI.EFFECTIF (EFF_ID,DR_ID,DEP_ID,TYPE_BUR_ID,NOM_PRENOM,USER_MAIL,TYPE_JOB,NUMERO_BUREAU,MOBILE,MATRICULE,NUMSECUSOC,NATCONTRAT,GROUPSOC,DATERECRU,NOM,PRENOM,STATUT_EMP,DATEDEPART) values ('653','4','318','160','BOUDAOUD Sofiane',null,'Chef d''Agence','AD 3750','0561711482','0409','79 38 74 000 341','CDI',null,to_date('02/05/23','DD/MM/RR'),'BOUDAOUD','Sofiane',null,null);
Insert into C_GPI.EFFECTIF (EFF_ID,DR_ID,DEP_ID,TYPE_BUR_ID,NOM_PRENOM,USER_MAIL,TYPE_JOB,NUMERO_BUREAU,MOBILE,MATRICULE,NUMSECUSOC,NATCONTRAT,GROUPSOC,DATERECRU,NOM,PRENOM,STATUT_EMP,DATEDEPART) values ('655','5','319','160','KERROUM Sarah',null,'Collaboratrice technique','AD 5100',null,'0081','76 06 19 002 652','CDI',null,to_date('21/12/09','DD/MM/RR'),'KERROUM','Sarah',null,null);
Insert into C_GPI.EFFECTIF (EFF_ID,DR_ID,DEP_ID,TYPE_BUR_ID,NOM_PRENOM,USER_MAIL,TYPE_JOB,NUMERO_BUREAU,MOBILE,MATRICULE,NUMSECUSOC,NATCONTRAT,GROUPSOC,DATERECRU,NOM,PRENOM,STATUT_EMP,DATEDEPART) values ('657','5','319','160','DEDDOUCHE Abdelhadi',null,'Agent de production','AD 5100',null,'0267','91 00 69 051 547','CDI',null,to_date('08/09/19','DD/MM/RR'),'DEDDOUCHE','Abdelhadi',null,null);
Insert into C_GPI.EFFECTIF (EFF_ID,DR_ID,DEP_ID,TYPE_BUR_ID,NOM_PRENOM,USER_MAIL,TYPE_JOB,NUMERO_BUREAU,MOBILE,MATRICULE,NUMSECUSOC,NATCONTRAT,GROUPSOC,DATERECRU,NOM,PRENOM,STATUT_EMP,DATEDEPART) values ('663','6','324','161','ZENDIK Soumia',null,'Chef d''Agence','AC 6970',null,'0380','83 02 91 005 445','CDI',null,to_date('16/10/22','DD/MM/RR'),'ZENDIK','Soumia',null,null);
Insert into C_GPI.EFFECTIF (EFF_ID,DR_ID,DEP_ID,TYPE_BUR_ID,NOM_PRENOM,USER_MAIL,TYPE_JOB,NUMERO_BUREAU,MOBILE,MATRICULE,NUMSECUSOC,NATCONTRAT,GROUPSOC,DATERECRU,NOM,PRENOM,STATUT_EMP,DATEDEPART) values ('665','7','325','161','ZOUAOUI Ghania',null,'Agent de production','AC 2170',null,'0092','78 17 75 002 636','CDI',null,to_date('01/06/10','DD/MM/RR'),'ZOUAOUI','Ghania',null,null);
Insert into C_GPI.EFFECTIF (EFF_ID,DR_ID,DEP_ID,TYPE_BUR_ID,NOM_PRENOM,USER_MAIL,TYPE_JOB,NUMERO_BUREAU,MOBILE,MATRICULE,NUMSECUSOC,NATCONTRAT,GROUPSOC,DATERECRU,NOM,PRENOM,STATUT_EMP,DATEDEPART) values ('666','7','325','161','KHELIDJ Siham',null,'Agent de production','AC 2170',null,'0214','80 18 75 005 440','CDI',null,to_date('02/01/17','DD/MM/RR'),'KHELIDJ','Siham',null,null);
Insert into C_GPI.EFFECTIF (EFF_ID,DR_ID,DEP_ID,TYPE_BUR_ID,NOM_PRENOM,USER_MAIL,TYPE_JOB,NUMERO_BUREAU,MOBILE,MATRICULE,NUMSECUSOC,NATCONTRAT,GROUPSOC,DATERECRU,NOM,PRENOM,STATUT_EMP,DATEDEPART) values ('667','7','326','160','BEKKAR Farid',null,'Agent de production','AD 2570','561956572','0285','62 12 31 000 470','CDI',null,to_date('12/07/20','DD/MM/RR'),'BEKKAR','Farid',null,null);
Insert into C_GPI.EFFECTIF (EFF_ID,DR_ID,DEP_ID,TYPE_BUR_ID,NOM_PRENOM,USER_MAIL,TYPE_JOB,NUMERO_BUREAU,MOBILE,MATRICULE,NUMSECUSOC,NATCONTRAT,GROUPSOC,DATERECRU,NOM,PRENOM,STATUT_EMP,DATEDEPART) values ('670','7','328','161','LAMOURI Khalida',null,'Chef d''Agence','AC 2630',null,'0330','86 00 66 033 149','CDD',null,to_date('03/10/21','DD/MM/RR'),'LAMOURI','Khalida',null,null);
Insert into C_GPI.EFFECTIF (EFF_ID,DR_ID,DEP_ID,TYPE_BUR_ID,NOM_PRENOM,USER_MAIL,TYPE_JOB,NUMERO_BUREAU,MOBILE,MATRICULE,NUMSECUSOC,NATCONTRAT,GROUPSOC,DATERECRU,NOM,PRENOM,STATUT_EMP,DATEDEPART) values ('671','7','329','161','MOKHTARI Allal',null,'Chef d''Agence','AC 2610',null,'0335','70 09 04 004 064','CDD',null,to_date('14/11/21','DD/MM/RR'),'MOKHTARI','Allal',null,null);
Insert into C_GPI.EFFECTIF (EFF_ID,DR_ID,DEP_ID,TYPE_BUR_ID,NOM_PRENOM,USER_MAIL,TYPE_JOB,NUMERO_BUREAU,MOBILE,MATRICULE,NUMSECUSOC,NATCONTRAT,GROUPSOC,DATERECRU,NOM,PRENOM,STATUT_EMP,DATEDEPART) values ('672','7','330','161','ABDELHAK Imene',null,'Collaboratrice Technique','AC 2660',null,'0357','89 17 50 006 538','CDD',null,to_date('05/06/22','DD/MM/RR'),'ABDELHAK','Imene',null,null);
Insert into C_GPI.EFFECTIF (EFF_ID,DR_ID,DEP_ID,TYPE_BUR_ID,NOM_PRENOM,USER_MAIL,TYPE_JOB,NUMERO_BUREAU,MOBILE,MATRICULE,NUMSECUSOC,NATCONTRAT,GROUPSOC,DATERECRU,NOM,PRENOM,STATUT_EMP,DATEDEPART) values ('673','7','331','161','GHERNAOUTI Abdelghani',null,'Chef d''Agence','AC 2671',null,'0379','70 32 42 001 560','CDI',null,to_date('09/10/22','DD/MM/RR'),'GHERNAOUTI','Abdelghani',null,null);
Insert into C_GPI.EFFECTIF (EFF_ID,DR_ID,DEP_ID,TYPE_BUR_ID,NOM_PRENOM,USER_MAIL,TYPE_JOB,NUMERO_BUREAU,MOBILE,MATRICULE,NUMSECUSOC,NATCONTRAT,GROUPSOC,DATERECRU,NOM,PRENOM,STATUT_EMP,DATEDEPART) values ('674','3','267','3','ABDELLI Salah',null,'Agent de sécurité',null,'0561661327','0044','69 04 73 000 552','CDI','exe',to_date('03/03/07','DD/MM/RR'),'ABDELLI','Salah',null,null);
Insert into C_GPI.EFFECTIF (EFF_ID,DR_ID,DEP_ID,TYPE_BUR_ID,NOM_PRENOM,USER_MAIL,TYPE_JOB,NUMERO_BUREAU,MOBILE,MATRICULE,NUMSECUSOC,NATCONTRAT,GROUPSOC,DATERECRU,NOM,PRENOM,STATUT_EMP,DATEDEPART) values ('675','3','267','1','EL HADEF EL OKKI Merouane','m.elhadefelokki@laciar.com','Directeur adjoint',null,'0560951363','0085','85 09 02 008 447','CDI',null,to_date('14/02/10','DD/MM/RR'),'EL HADEF EL OKKI','Merouane',null,null);
Insert into C_GPI.EFFECTIF (EFF_ID,DR_ID,DEP_ID,TYPE_BUR_ID,NOM_PRENOM,USER_MAIL,TYPE_JOB,NUMERO_BUREAU,MOBILE,MATRICULE,NUMSECUSOC,NATCONTRAT,GROUPSOC,DATERECRU,NOM,PRENOM,STATUT_EMP,DATEDEPART) values ('677','3','267','3','BOUGHEDA Abderezzak',null,'Agent de sécurité',null,'0561660343','0159','70 44 91 000 945','CDI',null,to_date('15/05/13','DD/MM/RR'),'BOUGHEDA','Abderezzak',null,null);
Insert into C_GPI.EFFECTIF (EFF_ID,DR_ID,DEP_ID,TYPE_BUR_ID,NOM_PRENOM,USER_MAIL,TYPE_JOB,NUMERO_BUREAU,MOBILE,MATRICULE,NUMSECUSOC,NATCONTRAT,GROUPSOC,DATERECRU,NOM,PRENOM,STATUT_EMP,DATEDEPART) values ('678','3','290','1','KERKOUR Mostapha','m.kerkour@laciar.com','Collaborateur technique recouvrement',null,'0561689902','0242','72 02 97 005 244','CDI',null,to_date('14/05/18','DD/MM/RR'),'KERKOUR','Mostapha',null,null);
Insert into C_GPI.EFFECTIF (EFF_ID,DR_ID,DEP_ID,TYPE_BUR_ID,NOM_PRENOM,USER_MAIL,TYPE_JOB,NUMERO_BUREAU,MOBILE,MATRICULE,NUMSECUSOC,NATCONTRAT,GROUPSOC,DATERECRU,NOM,PRENOM,STATUT_EMP,DATEDEPART) values ('679','3','267','3','ASSAL Fatma',null,'Agent d''entretien',null,null,'0255','76 55 81 000 542','CDI',null,to_date('24/01/19','DD/MM/RR'),'ASSAL','Fatma',null,null);
Insert into C_GPI.EFFECTIF (EFF_ID,DR_ID,DEP_ID,TYPE_BUR_ID,NOM_PRENOM,USER_MAIL,TYPE_JOB,NUMERO_BUREAU,MOBILE,MATRICULE,NUMSECUSOC,NATCONTRAT,GROUPSOC,DATERECRU,NOM,PRENOM,STATUT_EMP,DATEDEPART) values ('680','3','267','3','BOUMEZRAG Souria',null,'Agent d''entretien',null,null,'0265','76 02 17 031 954','CDI',null,to_date('25/08/19','DD/MM/RR'),'BOUMEZRAG','Souria',null,null);
Insert into C_GPI.EFFECTIF (EFF_ID,DR_ID,DEP_ID,TYPE_BUR_ID,NOM_PRENOM,USER_MAIL,TYPE_JOB,NUMERO_BUREAU,MOBILE,MATRICULE,NUMSECUSOC,NATCONTRAT,GROUPSOC,DATERECRU,NOM,PRENOM,STATUT_EMP,DATEDEPART) values ('682','3','267','3','BENCHERIFI Houda',null,'Agent d''entretien',null,null,'0298','80 03 20 032 465','CDI',null,to_date('01/02/21','DD/MM/RR'),'BENCHERIFI','Houda',null,null);
Insert into C_GPI.EFFECTIF (EFF_ID,DR_ID,DEP_ID,TYPE_BUR_ID,NOM_PRENOM,USER_MAIL,TYPE_JOB,NUMERO_BUREAU,MOBILE,MATRICULE,NUMSECUSOC,NATCONTRAT,GROUPSOC,DATERECRU,NOM,PRENOM,STATUT_EMP,DATEDEPART) values ('683','3','262','1','DJENANE Khouloud','k.refes@laciar.com','cadre Technique',null,'0561614130','0304','82 25 59 004 045','CDI',null,to_date('15/02/21','DD/MM/RR'),'DJENANE (REFES)','Khouloud',null,null);
Insert into C_GPI.EFFECTIF (EFF_ID,DR_ID,DEP_ID,TYPE_BUR_ID,NOM_PRENOM,USER_MAIL,TYPE_JOB,NUMERO_BUREAU,MOBILE,MATRICULE,NUMSECUSOC,NATCONTRAT,GROUPSOC,DATERECRU,NOM,PRENOM,STATUT_EMP,DATEDEPART) values ('684','3','267','3','NECIB Abderrahmane',null,'Agent de Sécurité',null,null,'0371','79 10 49 010 947','CDI',null,to_date('04/09/22','DD/MM/RR'),'NECIB','Abderrahmane',null,null);
Insert into C_GPI.EFFECTIF (EFF_ID,DR_ID,DEP_ID,TYPE_BUR_ID,NOM_PRENOM,USER_MAIL,TYPE_JOB,NUMERO_BUREAU,MOBILE,MATRICULE,NUMSECUSOC,NATCONTRAT,GROUPSOC,DATERECRU,NOM,PRENOM,STATUT_EMP,DATEDEPART) values ('685','3','267','3','ZAARA Mohamed Lamine',null,'Agent de Sécurité',null,null,'0373','92 54 76 001 439','CDI',null,to_date('04/09/22','DD/MM/RR'),'ZAARA','Mohamed Lamine',null,null);
Insert into C_GPI.EFFECTIF (EFF_ID,DR_ID,DEP_ID,TYPE_BUR_ID,NOM_PRENOM,USER_MAIL,TYPE_JOB,NUMERO_BUREAU,MOBILE,MATRICULE,NUMSECUSOC,NATCONTRAT,GROUPSOC,DATERECRU,NOM,PRENOM,STATUT_EMP,DATEDEPART) values ('686','3','267','3','TEGUIG  Fouad',null,'Agent de sécurité',null,null,'0432',null,'CDI',null,to_date('17/12/23','DD/MM/RR'),'TEGUIG','Fouad',null,null);
Insert into C_GPI.EFFECTIF (EFF_ID,DR_ID,DEP_ID,TYPE_BUR_ID,NOM_PRENOM,USER_MAIL,TYPE_JOB,NUMERO_BUREAU,MOBILE,MATRICULE,NUMSECUSOC,NATCONTRAT,GROUPSOC,DATERECRU,NOM,PRENOM,STATUT_EMP,DATEDEPART) values ('688','4','10','1','SOHBI Bellag Abdelkader','a.sobhi@laciar.com','Inspecteur technique',null,'0561604581','0017','80 78 23 000 648','CDI',null,to_date('20/01/03','DD/MM/RR'),'SOHBI BELLAG','Abdelkader',null,null);
Insert into C_GPI.EFFECTIF (EFF_ID,DR_ID,DEP_ID,TYPE_BUR_ID,NOM_PRENOM,USER_MAIL,TYPE_JOB,NUMERO_BUREAU,MOBILE,MATRICULE,NUMSECUSOC,NATCONTRAT,GROUPSOC,DATERECRU,NOM,PRENOM,STATUT_EMP,DATEDEPART) values ('690','4','6','1','MEZAZIGH Fouzia','f.nil@laciar.com','Comptable',null,'0560 554892','0041','83 26 00 028 554','CDI',null,to_date('16/12/06','DD/MM/RR'),'MEZAZIGH (NIL)','Fouzia',null,null);
Insert into C_GPI.EFFECTIF (EFF_ID,DR_ID,DEP_ID,TYPE_BUR_ID,NOM_PRENOM,USER_MAIL,TYPE_JOB,NUMERO_BUREAU,MOBILE,MATRICULE,NUMSECUSOC,NATCONTRAT,GROUPSOC,DATERECRU,NOM,PRENOM,STATUT_EMP,DATEDEPART) values ('692','4','140','1','BENREGUIA Imane','i.benali@laciar.com','Chef de département chargé de suivi des créances',null,'0561657062','0068','84 32 90 001 843','CDI',null,to_date('15/11/08','DD/MM/RR'),'BENREGUIA (BENALI)','Imane',null,null);
Insert into C_GPI.EFFECTIF (EFF_ID,DR_ID,DEP_ID,TYPE_BUR_ID,NOM_PRENOM,USER_MAIL,TYPE_JOB,NUMERO_BUREAU,MOBILE,MATRICULE,NUMSECUSOC,NATCONTRAT,GROUPSOC,DATERECRU,NOM,PRENOM,STATUT_EMP,DATEDEPART) values ('693','4','268','3','BENSLIMANE Lahouari',null,'Agent de sécurité',null,'0560518303','0138','70 22 04 001 766','CDI',null,to_date('18/06/12','DD/MM/RR'),'BENSLIMANE','Lahouari',null,null);
Insert into C_GPI.EFFECTIF (EFF_ID,DR_ID,DEP_ID,TYPE_BUR_ID,NOM_PRENOM,USER_MAIL,TYPE_JOB,NUMERO_BUREAU,MOBILE,MATRICULE,NUMSECUSOC,NATCONTRAT,GROUPSOC,DATERECRU,NOM,PRENOM,STATUT_EMP,DATEDEPART) values ('694','4','268','3','MATILI Fatiha',null,'Agent d''entretien',null,null,'0198','68 95 00 000 353','CDI',null,to_date('01/07/15','DD/MM/RR'),'MATILI','Fatiha',null,null);
Insert into C_GPI.EFFECTIF (EFF_ID,DR_ID,DEP_ID,TYPE_BUR_ID,NOM_PRENOM,USER_MAIL,TYPE_JOB,NUMERO_BUREAU,MOBILE,MATRICULE,NUMSECUSOC,NATCONTRAT,GROUPSOC,DATERECRU,NOM,PRENOM,STATUT_EMP,DATEDEPART) values ('697','4','181','1','AKRICHE Fatima','f.belgherssa@laciar.com','Collaboratrice technique sini',null,'0560213298','0244','75 62 72 000 248','CDI',null,to_date('03/06/18','DD/MM/RR'),'AKRICHE (BELGHERSSA)','Fatima',null,null);
Insert into C_GPI.EFFECTIF (EFF_ID,DR_ID,DEP_ID,TYPE_BUR_ID,NOM_PRENOM,USER_MAIL,TYPE_JOB,NUMERO_BUREAU,MOBILE,MATRICULE,NUMSECUSOC,NATCONTRAT,GROUPSOC,DATERECRU,NOM,PRENOM,STATUT_EMP,DATEDEPART) values ('699','4','332','161','MOKEDDEM Zoulikha',null,'Chef d''agence','AC 3720',null,'0309','63 67 88 000 140','CDI',null,to_date('23/03/21','DD/MM/RR'),'MOKEDDEM','Zoulikha',null,null);
Insert into C_GPI.EFFECTIF (EFF_ID,DR_ID,DEP_ID,TYPE_BUR_ID,NOM_PRENOM,USER_MAIL,TYPE_JOB,NUMERO_BUREAU,MOBILE,MATRICULE,NUMSECUSOC,NATCONTRAT,GROUPSOC,DATERECRU,NOM,PRENOM,STATUT_EMP,DATEDEPART) values ('700','4','10','1','CHALABI Rokia','r.chalabi@laciar.com','Collaboratrice Technique',null,'0560796595','0328','69 60 20 000 260','CDI',null,to_date('17/08/21','DD/MM/RR'),'CHALABI','Rokia',null,null);
Insert into C_GPI.EFFECTIF (EFF_ID,DR_ID,DEP_ID,TYPE_BUR_ID,NOM_PRENOM,USER_MAIL,TYPE_JOB,NUMERO_BUREAU,MOBILE,MATRICULE,NUMSECUSOC,NATCONTRAT,GROUPSOC,DATERECRU,NOM,PRENOM,STATUT_EMP,DATEDEPART) values ('702','4','10','1','BENKAMLA Abdelkader',null,'Collaborateur Technique',null,null,'0399','64 00 27 050 463','CDD',null,to_date('16/02/23','DD/MM/RR'),'BENKAMLA','Abdelkader',null,null);
Insert into C_GPI.EFFECTIF (EFF_ID,DR_ID,DEP_ID,TYPE_BUR_ID,NOM_PRENOM,USER_MAIL,TYPE_JOB,NUMERO_BUREAU,MOBILE,MATRICULE,NUMSECUSOC,NATCONTRAT,GROUPSOC,DATERECRU,NOM,PRENOM,STATUT_EMP,DATEDEPART) values ('704','4','268','161','TEBIB Abdelali Habib',null,'Agent de sécurité','AC 3960',null,'0431',null,'CDI',null,to_date('03/12/23','DD/MM/RR'),'KHEROUS','Ahmed',null,null);
Insert into C_GPI.EFFECTIF (EFF_ID,DR_ID,DEP_ID,TYPE_BUR_ID,NOM_PRENOM,USER_MAIL,TYPE_JOB,NUMERO_BUREAU,MOBILE,MATRICULE,NUMSECUSOC,NATCONTRAT,GROUPSOC,DATERECRU,NOM,PRENOM,STATUT_EMP,DATEDEPART) values ('14','4','179','1','IKHLEF SIHEM','s.ikhlef@laciar.com','Correspondante Informatique','i','0561604575','0196','90 92 55 000 343','CDI',null,to_date('01/03/15','DD/MM/RR'),'IKHLEF','SIHEM',null,null);
Insert into C_GPI.EFFECTIF (EFF_ID,DR_ID,DEP_ID,TYPE_BUR_ID,NOM_PRENOM,USER_MAIL,TYPE_JOB,NUMERO_BUREAU,MOBILE,MATRICULE,NUMSECUSOC,NATCONTRAT,GROUPSOC,DATERECRU,NOM,PRENOM,STATUT_EMP,DATEDEPART) values ('16','4','179','1','KHELLOUFI NAWEL','n.khelloufi@laciar.com','Chef de département Informatique','Z','05 61 60 45 56','0067','80 60 48 000 154','CDI',null,to_date('15/11/08','DD/MM/RR'),'KHELLOUFI','NAWEL',null,null);
Insert into C_GPI.EFFECTIF (EFF_ID,DR_ID,DEP_ID,TYPE_BUR_ID,NOM_PRENOM,USER_MAIL,TYPE_JOB,NUMERO_BUREAU,MOBILE,MATRICULE,NUMSECUSOC,NATCONTRAT,GROUPSOC,DATERECRU,NOM,PRENOM,STATUT_EMP,DATEDEPART) values ('18','4','180','1','AIT AHMED KARIMA','k.aitahmed@laciar.com','JURISTE','G','0560906566','0148','79 68 15 000 148','CDI',null,to_date('02/01/13','DD/MM/RR'),'AIT AHMED','KARIMA',null,null);
Insert into C_GPI.EFFECTIF (EFF_ID,DR_ID,DEP_ID,TYPE_BUR_ID,NOM_PRENOM,USER_MAIL,TYPE_JOB,NUMERO_BUREAU,MOBILE,MATRICULE,NUMSECUSOC,NATCONTRAT,GROUPSOC,DATERECRU,NOM,PRENOM,STATUT_EMP,DATEDEPART) values ('19','4','140','1','BEKKARI WALID','w.bekari@laciar.com','Département  créances & recouvrements','M','05 61633493','0263','88 16 14 004 053','04/08/2019',null,to_date('04/08/19','DD/MM/RR'),'BEKKARI','WALID',null,null);
Insert into C_GPI.EFFECTIF (EFF_ID,DR_ID,DEP_ID,TYPE_BUR_ID,NOM_PRENOM,USER_MAIL,TYPE_JOB,NUMERO_BUREAU,MOBILE,MATRICULE,NUMSECUSOC,NATCONTRAT,GROUPSOC,DATERECRU,NOM,PRENOM,STATUT_EMP,DATEDEPART) values ('21','4','6','1','BOUHADJI ZAKARIA','z.bouhadji@laciar.com','Agent économat','M','0561690802','0142','84 12 64 006 542','CDI',null,to_date('01/08/12','DD/MM/RR'),'BOUHADJI','ZAKARIA',null,null);
Insert into C_GPI.EFFECTIF (EFF_ID,DR_ID,DEP_ID,TYPE_BUR_ID,NOM_PRENOM,USER_MAIL,TYPE_JOB,NUMERO_BUREAU,MOBILE,MATRICULE,NUMSECUSOC,NATCONTRAT,GROUPSOC,DATERECRU,NOM,PRENOM,STATUT_EMP,DATEDEPART) values ('23','4','177','1','GUENDOUZ KAMEL','k.guendouz@laciar.com','Inspecteur','S','05 61 60 45 53','0095','75 58 02 000 456','CDI',null,to_date('01/07/10','DD/MM/RR'),'GUENDOUZ','KAMEL',null,null);
Insert into C_GPI.EFFECTIF (EFF_ID,DR_ID,DEP_ID,TYPE_BUR_ID,NOM_PRENOM,USER_MAIL,TYPE_JOB,NUMERO_BUREAU,MOBILE,MATRICULE,NUMSECUSOC,NATCONTRAT,GROUPSOC,DATERECRU,NOM,PRENOM,STATUT_EMP,DATEDEPART) values ('183','3','269','1','TILBI Sara','s.tilbi@laciar.com','Chef de département de finance et d''administration','1','0560607472','0366','87 01 34 013 355','CDI',null,to_date('02/08/22','DD/MM/RR'),'TILBI','Sara',null,null);
Insert into C_GPI.EFFECTIF (EFF_ID,DR_ID,DEP_ID,TYPE_BUR_ID,NOM_PRENOM,USER_MAIL,TYPE_JOB,NUMERO_BUREAU,MOBILE,MATRICULE,NUMSECUSOC,NATCONTRAT,GROUPSOC,DATERECRU,NOM,PRENOM,STATUT_EMP,DATEDEPART) values ('250','5','187','1','OULADTAHAR Mohamed','M.OULADTAHAR@laciar.com','Chef de service sinistre','03','0560025089','0215','64 05 38 003 652','CDD',null,to_date('01/02/17','DD/MM/RR'),'OULAD TAHAR','Mohamed',null,null);
Insert into C_GPI.EFFECTIF (EFF_ID,DR_ID,DEP_ID,TYPE_BUR_ID,NOM_PRENOM,USER_MAIL,TYPE_JOB,NUMERO_BUREAU,MOBILE,MATRICULE,NUMSECUSOC,NATCONTRAT,GROUPSOC,DATERECRU,NOM,PRENOM,STATUT_EMP,DATEDEPART) values ('252','5','182','1','BOUHENNI Ilyes','I.BOUHENNI@laciar.com','Inspecteur comptable','08','0561604622','0253','89 17 16 005 938','CDI',null,to_date('09/12/18','DD/MM/RR'),'BOUHENNI','Ilyes',null,null);
Insert into C_GPI.EFFECTIF (EFF_ID,DR_ID,DEP_ID,TYPE_BUR_ID,NOM_PRENOM,USER_MAIL,TYPE_JOB,NUMERO_BUREAU,MOBILE,MATRICULE,NUMSECUSOC,NATCONTRAT,GROUPSOC,DATERECRU,NOM,PRENOM,STATUT_EMP,DATEDEPART) values ('253','5','272','1','TADJROUNA Mounir','Economat_ghardaia@laciar.com','Agent d''économat','10','0560441198','0200','87 15 81 003 937','CDI',null,to_date('01/07/15','DD/MM/RR'),'TADJROUNA','Mounir',null,null);
Insert into C_GPI.EFFECTIF (EFF_ID,DR_ID,DEP_ID,TYPE_BUR_ID,NOM_PRENOM,USER_MAIL,TYPE_JOB,NUMERO_BUREAU,MOBILE,MATRICULE,NUMSECUSOC,NATCONTRAT,GROUPSOC,DATERECRU,NOM,PRENOM,STATUT_EMP,DATEDEPART) values ('254','5','187','1','TALEB BAHMED Omar','O.TALEB_BAHMED@laciar.com','Chef de service indemnisation','07','0561705131','0331','63 01 10 002 275','CDD',null,to_date('05/10/21','DD/MM/RR'),'TALEB BAHMED','Omar',null,null);
Insert into C_GPI.EFFECTIF (EFF_ID,DR_ID,DEP_ID,TYPE_BUR_ID,NOM_PRENOM,USER_MAIL,TYPE_JOB,NUMERO_BUREAU,MOBILE,MATRICULE,NUMSECUSOC,NATCONTRAT,GROUPSOC,DATERECRU,NOM,PRENOM,STATUT_EMP,DATEDEPART) values ('255','5','184','103','DAOUDI Souad','S.DAOUDI@laciar.com','Secrétariat','02','0560529108','0359','94 03 28 019 043','CDI',null,to_date('14/06/22','DD/MM/RR'),'DAOUDI','Souad',null,null);
Insert into C_GPI.EFFECTIF (EFF_ID,DR_ID,DEP_ID,TYPE_BUR_ID,NOM_PRENOM,USER_MAIL,TYPE_JOB,NUMERO_BUREAU,MOBILE,MATRICULE,NUMSECUSOC,NATCONTRAT,GROUPSOC,DATERECRU,NOM,PRENOM,STATUT_EMP,DATEDEPART) values ('479','2','296','161','BOUAZIZ Mohand Laid',null,'Chef d''Agence','AC 1520',null,'0094','75 2981 0011 47',null,null,to_date('01/07/10','DD/MM/RR'),'BOUAZIZ','Mohand Laid',null,null);
Insert into C_GPI.EFFECTIF (EFF_ID,DR_ID,DEP_ID,TYPE_BUR_ID,NOM_PRENOM,USER_MAIL,TYPE_JOB,NUMERO_BUREAU,MOBILE,MATRICULE,NUMSECUSOC,NATCONTRAT,GROUPSOC,DATERECRU,NOM,PRENOM,STATUT_EMP,DATEDEPART) values ('478','2','266','3','ATTOU Adel',null,'Agent de sécurité',null,'0561660125','0091','81 0636 0008 56','CDI',null,to_date('20/05/10','DD/MM/RR'),'ATTOU','Adel',null,null);
Insert into C_GPI.EFFECTIF (EFF_ID,DR_ID,DEP_ID,TYPE_BUR_ID,NOM_PRENOM,USER_MAIL,TYPE_JOB,NUMERO_BUREAU,MOBILE,MATRICULE,NUMSECUSOC,NATCONTRAT,GROUPSOC,DATERECRU,NOM,PRENOM,STATUT_EMP,DATEDEPART) values ('481','2','216','1','NAITLARBI SALIM','s.naitlarbi@laciar.com','Collaborateur technique/Produc',null,'.','0104','84 1284 0071 40','CDI',null,to_date('02/01/11','DD/MM/RR'),'NAIT LARBI','SALIM',null,null);
Insert into C_GPI.EFFECTIF (EFF_ID,DR_ID,DEP_ID,TYPE_BUR_ID,NOM_PRENOM,USER_MAIL,TYPE_JOB,NUMERO_BUREAU,MOBILE,MATRICULE,NUMSECUSOC,NATCONTRAT,GROUPSOC,DATERECRU,NOM,PRENOM,STATUT_EMP,DATEDEPART) values ('482','2','217','1','SMAILI Assia','a.smaili@laciar.com','Collaboratrice technique s',null,null,'0111','71 1008 0024 66','CDI',null,to_date('02/05/11','DD/MM/RR'),'SMAILI','Assia',null,null);
Insert into C_GPI.EFFECTIF (EFF_ID,DR_ID,DEP_ID,TYPE_BUR_ID,NOM_PRENOM,USER_MAIL,TYPE_JOB,NUMERO_BUREAU,MOBILE,MATRICULE,NUMSECUSOC,NATCONTRAT,GROUPSOC,DATERECRU,NOM,PRENOM,STATUT_EMP,DATEDEPART) values ('483','2','296','161','BENLALLI Karima',null,'Agent de production','AC 1520',null,'0113','83 1914 0038 49','CDI',null,to_date('02/05/11','DD/MM/RR'),'BENLALLI','Karima',null,null);
Insert into C_GPI.EFFECTIF (EFF_ID,DR_ID,DEP_ID,TYPE_BUR_ID,NOM_PRENOM,USER_MAIL,TYPE_JOB,NUMERO_BUREAU,MOBILE,MATRICULE,NUMSECUSOC,NATCONTRAT,GROUPSOC,DATERECRU,NOM,PRENOM,STATUT_EMP,DATEDEPART) values ('484','2','214','1','ADARA Karim','k.adara@laciar.com','Chef de Service Informatique',null,'0561604735','0114','05 61 60 47 35','CDI',null,to_date('01/06/11','DD/MM/RR'),'ADARA','Karim',null,null);
Insert into C_GPI.EFFECTIF (EFF_ID,DR_ID,DEP_ID,TYPE_BUR_ID,NOM_PRENOM,USER_MAIL,TYPE_JOB,NUMERO_BUREAU,MOBILE,MATRICULE,NUMSECUSOC,NATCONTRAT,GROUPSOC,DATERECRU,NOM,PRENOM,STATUT_EMP,DATEDEPART) values ('486','2','303','160','SELLAMI Wassila','w.sellami@laciar.com','Comptable','AD 1420',null,'0117','77 33 43 000 850','CDI',null,to_date('01/07/11','DD/MM/RR'),'SELLAMI','Wassila',null,null);
Insert into C_GPI.EFFECTIF (EFF_ID,DR_ID,DEP_ID,TYPE_BUR_ID,NOM_PRENOM,USER_MAIL,TYPE_JOB,NUMERO_BUREAU,MOBILE,MATRICULE,NUMSECUSOC,NATCONTRAT,GROUPSOC,DATERECRU,NOM,PRENOM,STATUT_EMP,DATEDEPART) values ('487','2','303','160','BABAKHALI Reda Mohamed','r.babakhali@laciar.com','Chef d''Agence','AD 1420','0561639661','0120','82 1835 0022 54','CDI',null,to_date('01/07/11','DD/MM/RR'),'BABAKHALI','Reda Mohamed',null,null);
Insert into C_GPI.EFFECTIF (EFF_ID,DR_ID,DEP_ID,TYPE_BUR_ID,NOM_PRENOM,USER_MAIL,TYPE_JOB,NUMERO_BUREAU,MOBILE,MATRICULE,NUMSECUSOC,NATCONTRAT,GROUPSOC,DATERECRU,NOM,PRENOM,STATUT_EMP,DATEDEPART) values ('489','2','266','3','AMARA Hamza',null,'Agent de sécurité',null,'0561675593','0131','89 0802 0050 54','CDI',null,to_date('02/01/12','DD/MM/RR'),'AMARA','Hamza',null,null);
Insert into C_GPI.EFFECTIF (EFF_ID,DR_ID,DEP_ID,TYPE_BUR_ID,NOM_PRENOM,USER_MAIL,TYPE_JOB,NUMERO_BUREAU,MOBILE,MATRICULE,NUMSECUSOC,NATCONTRAT,GROUPSOC,DATERECRU,NOM,PRENOM,STATUT_EMP,DATEDEPART) values ('490','2','296','161','CHERABTA Soumeya',null,'Agent de production','AC 1520',null,'0135','85 0146 0248 45','CDI',null,to_date('01/04/12','DD/MM/RR'),'CHERABTA','Soumeya',null,null);
Insert into C_GPI.EFFECTIF (EFF_ID,DR_ID,DEP_ID,TYPE_BUR_ID,NOM_PRENOM,USER_MAIL,TYPE_JOB,NUMERO_BUREAU,MOBILE,MATRICULE,NUMSECUSOC,NATCONTRAT,GROUPSOC,DATERECRU,NOM,PRENOM,STATUT_EMP,DATEDEPART) values ('491','2','217','1','RACHEF Farida',null,'Collaboratrice technique s',null,null,'0145','75 0101 0169 56','CDI',null,to_date('11/11/12','DD/MM/RR'),'RACHEF','Farida',null,null);
Insert into C_GPI.EFFECTIF (EFF_ID,DR_ID,DEP_ID,TYPE_BUR_ID,NOM_PRENOM,USER_MAIL,TYPE_JOB,NUMERO_BUREAU,MOBILE,MATRICULE,NUMSECUSOC,NATCONTRAT,GROUPSOC,DATERECRU,NOM,PRENOM,STATUT_EMP,DATEDEPART) values ('492','2','218','1','TERFAS Bilal','b.terfas@laciar.com','Contrôleur régleur',null,null,'0153','83 2773 0032 44','CDI',null,to_date('03/03/13','DD/MM/RR'),'TERFAS','Bilal',null,null);
Insert into C_GPI.EFFECTIF (EFF_ID,DR_ID,DEP_ID,TYPE_BUR_ID,NOM_PRENOM,USER_MAIL,TYPE_JOB,NUMERO_BUREAU,MOBILE,MATRICULE,NUMSECUSOC,NATCONTRAT,GROUPSOC,DATERECRU,NOM,PRENOM,STATUT_EMP,DATEDEPART) values ('494','2','266','1','HOCINE Meriem','m.hocine@laciar.com','Secrétaire',null,null,'0170','78 0407 0051 55','CDI',null,to_date('19/01/14','DD/MM/RR'),'HOCINE','Meriem',null,null);
Insert into C_GPI.EFFECTIF (EFF_ID,DR_ID,DEP_ID,TYPE_BUR_ID,NOM_PRENOM,USER_MAIL,TYPE_JOB,NUMERO_BUREAU,MOBILE,MATRICULE,NUMSECUSOC,NATCONTRAT,GROUPSOC,DATERECRU,NOM,PRENOM,STATUT_EMP,DATEDEPART) values ('495','2','214','1','BADAOUI MERIEM','m.badaoui@laciar.com','Chef de service informatique',null,'0561608862','0177','90 0376 0037 45','CDI',null,to_date('06/04/14','DD/MM/RR'),'BADAOUI','MERIEM',null,null);
Insert into C_GPI.EFFECTIF (EFF_ID,DR_ID,DEP_ID,TYPE_BUR_ID,NOM_PRENOM,USER_MAIL,TYPE_JOB,NUMERO_BUREAU,MOBILE,MATRICULE,NUMSECUSOC,NATCONTRAT,GROUPSOC,DATERECRU,NOM,PRENOM,STATUT_EMP,DATEDEPART) values ('497','2','216','1','LALILECHE Asma','a.lalileche@laciar.com','Agent de production',null,null,'0182','90 04 31 015 158','CDI',null,to_date('04/05/14','DD/MM/RR'),'LALILECHE','Asma',null,null);
Insert into C_GPI.EFFECTIF (EFF_ID,DR_ID,DEP_ID,TYPE_BUR_ID,NOM_PRENOM,USER_MAIL,TYPE_JOB,NUMERO_BUREAU,MOBILE,MATRICULE,NUMSECUSOC,NATCONTRAT,GROUPSOC,DATERECRU,NOM,PRENOM,STATUT_EMP,DATEDEPART) values ('498','2','266','1','BELLATAF Leg''hal',null,'Agent de sécurité',null,'0561657059','0191','73 0393 0059 39','CDI',null,to_date('02/11/14','DD/MM/RR'),'BELLATAF','eg''hal',null,null);
Insert into C_GPI.EFFECTIF (EFF_ID,DR_ID,DEP_ID,TYPE_BUR_ID,NOM_PRENOM,USER_MAIL,TYPE_JOB,NUMERO_BUREAU,MOBILE,MATRICULE,NUMSECUSOC,NATCONTRAT,GROUPSOC,DATERECRU,NOM,PRENOM,STATUT_EMP,DATEDEPART) values ('501','2','266','3','ZENIA Ferroudja',null,'Standardiste',null,null,'0220','66 0335 0117 57','CDI',null,to_date('01/04/17','DD/MM/RR'),'ZENIA','Ferroudja',null,null);
Insert into C_GPI.EFFECTIF (EFF_ID,DR_ID,DEP_ID,TYPE_BUR_ID,NOM_PRENOM,USER_MAIL,TYPE_JOB,NUMERO_BUREAU,MOBILE,MATRICULE,NUMSECUSOC,NATCONTRAT,GROUPSOC,DATERECRU,NOM,PRENOM,STATUT_EMP,DATEDEPART) values ('502','2','214','1','CHABANE Loubna','l.chabane@laciar.com','T.S en informatique',null,'0561691785','0222','87 1629 0061 42','CDI',null,null,'CHABANE','Loubna',null,null);
Insert into C_GPI.EFFECTIF (EFF_ID,DR_ID,DEP_ID,TYPE_BUR_ID,NOM_PRENOM,USER_MAIL,TYPE_JOB,NUMERO_BUREAU,MOBILE,MATRICULE,NUMSECUSOC,NATCONTRAT,GROUPSOC,DATERECRU,NOM,PRENOM,STATUT_EMP,DATEDEPART) values ('503','2','302','160','AISSANI Djamel',null,'Chef d''Agence','AD 8100','0561604514','0225','66 4305 0001 64','CDI',null,to_date('03/12/17','DD/MM/RR'),'AISSANI','Djamel',null,null);
Insert into C_GPI.EFFECTIF (EFF_ID,DR_ID,DEP_ID,TYPE_BUR_ID,NOM_PRENOM,USER_MAIL,TYPE_JOB,NUMERO_BUREAU,MOBILE,MATRICULE,NUMSECUSOC,NATCONTRAT,GROUPSOC,DATERECRU,NOM,PRENOM,STATUT_EMP,DATEDEPART) values ('505','2','216','1','BOUTELDJA Abderrazak',null,'Collaborateur technique',null,'0560915771','0228','88 0404 0168 46','CDI',null,to_date('03/12/17','DD/MM/RR'),'BOUTELDJA','Abderrazak',null,null);
Insert into C_GPI.EFFECTIF (EFF_ID,DR_ID,DEP_ID,TYPE_BUR_ID,NOM_PRENOM,USER_MAIL,TYPE_JOB,NUMERO_BUREAU,MOBILE,MATRICULE,NUMSECUSOC,NATCONTRAT,GROUPSOC,DATERECRU,NOM,PRENOM,STATUT_EMP,DATEDEPART) values ('506','2','266','3','MATAAM Warda',null,'Agent d''entretien',null,null,'0236','87 0499 0153 31','CDI',null,to_date('06/03/18','DD/MM/RR'),'MATAAM','Warda',null,null);
Insert into C_GPI.EFFECTIF (EFF_ID,DR_ID,DEP_ID,TYPE_BUR_ID,NOM_PRENOM,USER_MAIL,TYPE_JOB,NUMERO_BUREAU,MOBILE,MATRICULE,NUMSECUSOC,NATCONTRAT,GROUPSOC,DATERECRU,NOM,PRENOM,STATUT_EMP,DATEDEPART) values ('507','2','215','1','ZEMIRLI El Mehdi','e.zemirli@laciar.com','Juriste',null,null,'0247','92 10 40 001 463','CDI',null,to_date('09/07/18','DD/MM/RR'),'ZEMIRLI','El Mehdi',null,null);
Insert into C_GPI.EFFECTIF (EFF_ID,DR_ID,DEP_ID,TYPE_BUR_ID,NOM_PRENOM,USER_MAIL,TYPE_JOB,NUMERO_BUREAU,MOBILE,MATRICULE,NUMSECUSOC,NATCONTRAT,GROUPSOC,DATERECRU,NOM,PRENOM,STATUT_EMP,DATEDEPART) values ('508','2','216','1','HAMEDI Ouahiba',null,'Collaboratrice technique',null,'0560786827','0249','73 3822 0007 55',null,null,to_date('03/10/18','DD/MM/RR'),'HAMEDI','Ouahiba',null,null);
Insert into C_GPI.EFFECTIF (EFF_ID,DR_ID,DEP_ID,TYPE_BUR_ID,NOM_PRENOM,USER_MAIL,TYPE_JOB,NUMERO_BUREAU,MOBILE,MATRICULE,NUMSECUSOC,NATCONTRAT,GROUPSOC,DATERECRU,NOM,PRENOM,STATUT_EMP,DATEDEPART) values ('510','2','266','1','MEDJDEN Mohamed Rachid','mr.medjden@laciar.com','Directeur adjoint',null,null,'0261','69 5672 0001 45','CDI',null,to_date('13/05/19','DD/MM/RR'),'MEDJDEN','Mohamed Rachid',null,null);
Insert into C_GPI.EFFECTIF (EFF_ID,DR_ID,DEP_ID,TYPE_BUR_ID,NOM_PRENOM,USER_MAIL,TYPE_JOB,NUMERO_BUREAU,MOBILE,MATRICULE,NUMSECUSOC,NATCONTRAT,GROUPSOC,DATERECRU,NOM,PRENOM,STATUT_EMP,DATEDEPART) values ('511','2','303','160','GOURAD Abderrahmane',null,'Agent de production','AD 1420','0561623611','0270','93 1539 0063 41','CDI',null,to_date('01/10/19','DD/MM/RR'),'GOURAD','Abderrahmane',null,null);
Insert into C_GPI.EFFECTIF (EFF_ID,DR_ID,DEP_ID,TYPE_BUR_ID,NOM_PRENOM,USER_MAIL,TYPE_JOB,NUMERO_BUREAU,MOBILE,MATRICULE,NUMSECUSOC,NATCONTRAT,GROUPSOC,DATERECRU,NOM,PRENOM,STATUT_EMP,DATEDEPART) values ('512','2','217','1','BELKACEMI Mohamed','m.belkacemi@laciar.com','Chef de département IARDTA',null,'0560882991','0282','86 0144 0403 57','CDI',null,to_date('07/04/20','DD/MM/RR'),'BELKACEMI','Mohamed',null,null);
Insert into C_GPI.EFFECTIF (EFF_ID,DR_ID,DEP_ID,TYPE_BUR_ID,NOM_PRENOM,USER_MAIL,TYPE_JOB,NUMERO_BUREAU,MOBILE,MATRICULE,NUMSECUSOC,NATCONTRAT,GROUPSOC,DATERECRU,NOM,PRENOM,STATUT_EMP,DATEDEPART) values ('513','2','303','160','AKBOUDJ Sylia','s.akboudj@laciar.com','Collaboratrice technique (AD code 1420)','AD 1420','0561646284','0293','97 0030 0514 57','CDI',null,to_date('08/12/20','DD/MM/RR'),'AKBOUDJ','Sylia',null,null);
Insert into C_GPI.EFFECTIF (EFF_ID,DR_ID,DEP_ID,TYPE_BUR_ID,NOM_PRENOM,USER_MAIL,TYPE_JOB,NUMERO_BUREAU,MOBILE,MATRICULE,NUMSECUSOC,NATCONTRAT,GROUPSOC,DATERECRU,NOM,PRENOM,STATUT_EMP,DATEDEPART) values ('515','2','221','1','YAICI Bilel',null,'Collaborateur technique',null,null,'0295','77 2806 0025 51','CDI',null,to_date('03/01/21','DD/MM/RR'),'YAICI','Bilel',null,null);
Insert into C_GPI.EFFECTIF (EFF_ID,DR_ID,DEP_ID,TYPE_BUR_ID,NOM_PRENOM,USER_MAIL,TYPE_JOB,NUMERO_BUREAU,MOBILE,MATRICULE,NUMSECUSOC,NATCONTRAT,GROUPSOC,DATERECRU,NOM,PRENOM,STATUT_EMP,DATEDEPART) values ('516','2','299','161','GREBICI Mohamed Réda',null,'Chef d''agence','AC 4430',null,'0299','90 17 00 007 058','CDI',null,to_date('01/02/21','DD/MM/RR'),'GREBICI','Mohamed Réda',null,null);
Insert into C_GPI.EFFECTIF (EFF_ID,DR_ID,DEP_ID,TYPE_BUR_ID,NOM_PRENOM,USER_MAIL,TYPE_JOB,NUMERO_BUREAU,MOBILE,MATRICULE,NUMSECUSOC,NATCONTRAT,GROUPSOC,DATERECRU,NOM,PRENOM,STATUT_EMP,DATEDEPART) values ('517','2','214','1','HENNI Houari','h.henni@laciar.com','Correspondant informatique',null,'0561883352','0302','96 0235 0075 43','CDD',null,to_date('02/02/21','DD/MM/RR'),'HENNI','Houari',null,null);
Insert into C_GPI.EFFECTIF (EFF_ID,DR_ID,DEP_ID,TYPE_BUR_ID,NOM_PRENOM,USER_MAIL,TYPE_JOB,NUMERO_BUREAU,MOBILE,MATRICULE,NUMSECUSOC,NATCONTRAT,GROUPSOC,DATERECRU,NOM,PRENOM,STATUT_EMP,DATEDEPART) values ('518','2','300','161','KARI Faycal',null,'Chef d''Agence','AC 1970',null,'0321','81 36 15 002 257','CDD',null,to_date('22/06/21','DD/MM/RR'),'KARI','Faycal',null,null);
Insert into C_GPI.EFFECTIF (EFF_ID,DR_ID,DEP_ID,TYPE_BUR_ID,NOM_PRENOM,USER_MAIL,TYPE_JOB,NUMERO_BUREAU,MOBILE,MATRICULE,NUMSECUSOC,NATCONTRAT,GROUPSOC,DATERECRU,NOM,PRENOM,STATUT_EMP,DATEDEPART) values ('520','2','298','161','BENZIANI Imane',null,'Chef d''Agence','AC 1980','0561639118','0322','88 00 17 085 642','CDD',null,to_date('01/07/21','DD/MM/RR'),'BENZIANI','Imane',null,null);
Insert into C_GPI.EFFECTIF (EFF_ID,DR_ID,DEP_ID,TYPE_BUR_ID,NOM_PRENOM,USER_MAIL,TYPE_JOB,NUMERO_BUREAU,MOBILE,MATRICULE,NUMSECUSOC,NATCONTRAT,GROUPSOC,DATERECRU,NOM,PRENOM,STATUT_EMP,DATEDEPART) values ('521','2','303','160','ALLALI Céline',null,'Chargé de Sinistre','AD 1420','0561890359','0334','00 16 92 004 855','CDI',null,to_date('02/11/21','DD/MM/RR'),'ALLALI','Céline',null,null);
Insert into C_GPI.EFFECTIF (EFF_ID,DR_ID,DEP_ID,TYPE_BUR_ID,NOM_PRENOM,USER_MAIL,TYPE_JOB,NUMERO_BUREAU,MOBILE,MATRICULE,NUMSECUSOC,NATCONTRAT,GROUPSOC,DATERECRU,NOM,PRENOM,STATUT_EMP,DATEDEPART) values ('524','2','303','160','BELFARD Asma Hind',null,'Juriste','AD 1420',null,'0348','96 10 56 002 944','CDI',null,to_date('20/03/22','DD/MM/RR'),'BELFARD','Asma Hind',null,null);
Insert into C_GPI.EFFECTIF (EFF_ID,DR_ID,DEP_ID,TYPE_BUR_ID,NOM_PRENOM,USER_MAIL,TYPE_JOB,NUMERO_BUREAU,MOBILE,MATRICULE,NUMSECUSOC,NATCONTRAT,GROUPSOC,DATERECRU,NOM,PRENOM,STATUT_EMP,DATEDEPART) values ('527','2','266','1','ALLILAT Abdelkrim','a.allilat@laciar.com','Directeur Régional',null,null,'0383','56 05 13 001 863','CDD',null,to_date('06/11/22','DD/MM/RR'),'ALLILAT','Abdelkrim',null,null);
Insert into C_GPI.EFFECTIF (EFF_ID,DR_ID,DEP_ID,TYPE_BUR_ID,NOM_PRENOM,USER_MAIL,TYPE_JOB,NUMERO_BUREAU,MOBILE,MATRICULE,NUMSECUSOC,NATCONTRAT,GROUPSOC,DATERECRU,NOM,PRENOM,STATUT_EMP,DATEDEPART) values ('529','2','304','1','BOUDJATIT Abdenaim',null,'Collaborateur Technique',null,null,'0391','89 14 19 005 740','CDD',null,to_date('26/12/22','DD/MM/RR'),'BOUDJATIT','Abdenaim',null,null);
Insert into C_GPI.EFFECTIF (EFF_ID,DR_ID,DEP_ID,TYPE_BUR_ID,NOM_PRENOM,USER_MAIL,TYPE_JOB,NUMERO_BUREAU,MOBILE,MATRICULE,NUMSECUSOC,NATCONTRAT,GROUPSOC,DATERECRU,NOM,PRENOM,STATUT_EMP,DATEDEPART) values ('530','2','304','1','MAZARI Wissam',null,'Collaboratrice Technique',null,null,'0392','94 1484 0048 35','CDD',null,to_date('02/01/23','DD/MM/RR'),'MAZARI','Wissam',null,null);
Insert into C_GPI.EFFECTIF (EFF_ID,DR_ID,DEP_ID,TYPE_BUR_ID,NOM_PRENOM,USER_MAIL,TYPE_JOB,NUMERO_BUREAU,MOBILE,MATRICULE,NUMSECUSOC,NATCONTRAT,GROUPSOC,DATERECRU,NOM,PRENOM,STATUT_EMP,DATEDEPART) values ('532','2','217','1','BRAHIMALI Hmida','h.brahimali@laciar.com','Chargé de la Gestion E-Recours',null,null,'0413','56 00 48 014 850','CDD',null,to_date('06/06/23','DD/MM/RR'),'BRAHIM ALI','Hamid',null,null);
Insert into C_GPI.EFFECTIF (EFF_ID,DR_ID,DEP_ID,TYPE_BUR_ID,NOM_PRENOM,USER_MAIL,TYPE_JOB,NUMERO_BUREAU,MOBILE,MATRICULE,NUMSECUSOC,NATCONTRAT,GROUPSOC,DATERECRU,NOM,PRENOM,STATUT_EMP,DATEDEPART) values ('706','5','184','3','BOURAS Said',null,'Agent de sécurité',null,'0561604543','0026','62 04 30 001 370','CDI',null,to_date('01/02/05','DD/MM/RR'),'BOURAS','Said',null,null);
Insert into C_GPI.EFFECTIF (EFF_ID,DR_ID,DEP_ID,TYPE_BUR_ID,NOM_PRENOM,USER_MAIL,TYPE_JOB,NUMERO_BUREAU,MOBILE,MATRICULE,NUMSECUSOC,NATCONTRAT,GROUPSOC,DATERECRU,NOM,PRENOM,STATUT_EMP,DATEDEPART) values ('716','6','191','121','BOUTCHICHA Noui',null,'Chauffeur',null,'0561765167','0096','64 00 75 035 645','CDI',null,to_date('01/08/10','DD/MM/RR'),'BOUTCHICHA','Noui',null,null);
Insert into C_GPI.EFFECTIF (EFF_ID,DR_ID,DEP_ID,TYPE_BUR_ID,NOM_PRENOM,USER_MAIL,TYPE_JOB,NUMERO_BUREAU,MOBILE,MATRICULE,NUMSECUSOC,NATCONTRAT,GROUPSOC,DATERECRU,NOM,PRENOM,STATUT_EMP,DATEDEPART) values ('724','6','191','3','GUEZATI Abderrazek',null,'Agent de sécurité',null,null,'0312','75 48 13 000 653','CDI',null,to_date('28/04/21','DD/MM/RR'),'GUEZATI','Abderrazek',null,null);
Insert into C_GPI.EFFECTIF (EFF_ID,DR_ID,DEP_ID,TYPE_BUR_ID,NOM_PRENOM,USER_MAIL,TYPE_JOB,NUMERO_BUREAU,MOBILE,MATRICULE,NUMSECUSOC,NATCONTRAT,GROUPSOC,DATERECRU,NOM,PRENOM,STATUT_EMP,DATEDEPART) values ('728','7','199','3','SAHRAOUI Yasine',null,'Agent de sécurité',null,'0561660123','0024','73 31 15 001 066','CDI',null,to_date('02/11/04','DD/MM/RR'),'SAHRAOUI','Yasine',null,null);
Insert into C_GPI.EFFECTIF (EFF_ID,DR_ID,DEP_ID,TYPE_BUR_ID,NOM_PRENOM,USER_MAIL,TYPE_JOB,NUMERO_BUREAU,MOBILE,MATRICULE,NUMSECUSOC,NATCONTRAT,GROUPSOC,DATERECRU,NOM,PRENOM,STATUT_EMP,DATEDEPART) values ('731','7','199','3','BOUSSAHLA Messaouda',null,'Agent d''entretien',null,null,'0049','61 00 95 031 751','CDI',null,to_date('14/03/07','DD/MM/RR'),'BOUSSAHLA','Messaouda',null,null);
Insert into C_GPI.EFFECTIF (EFF_ID,DR_ID,DEP_ID,TYPE_BUR_ID,NOM_PRENOM,USER_MAIL,TYPE_JOB,NUMERO_BUREAU,MOBILE,MATRICULE,NUMSECUSOC,NATCONTRAT,GROUPSOC,DATERECRU,NOM,PRENOM,STATUT_EMP,DATEDEPART) values ('732','7','199','3','OUAZANE Saida',null,'Agent d''entretien',null,null,'0050','73 1407 0038 55','CDI',null,to_date('14/03/07','DD/MM/RR'),'OUAZANE','Saida',null,null);
Insert into C_GPI.EFFECTIF (EFF_ID,DR_ID,DEP_ID,TYPE_BUR_ID,NOM_PRENOM,USER_MAIL,TYPE_JOB,NUMERO_BUREAU,MOBILE,MATRICULE,NUMSECUSOC,NATCONTRAT,GROUPSOC,DATERECRU,NOM,PRENOM,STATUT_EMP,DATEDEPART) values ('734','7','199','3','GUELIFET Med Tahar',null,'Agent de sécurité',null,'0560836721','0187','60 02 84 003 653','CDI',null,to_date('15/09/14','DD/MM/RR'),'GUELIFET','Med Tahar',null,null);
Insert into C_GPI.EFFECTIF (EFF_ID,DR_ID,DEP_ID,TYPE_BUR_ID,NOM_PRENOM,USER_MAIL,TYPE_JOB,NUMERO_BUREAU,MOBILE,MATRICULE,NUMSECUSOC,NATCONTRAT,GROUPSOC,DATERECRU,NOM,PRENOM,STATUT_EMP,DATEDEPART) values ('737','7','265','1','TEGLAOUI Ramdane','r.teghlaoui@laciar.com','Collaboratrice technique p',null,null,'0281','84 09 41 091 050','CDI',null,to_date('01/04/20','DD/MM/RR'),'TEGLAOUI','Ramdane',null,null);
Insert into C_GPI.EFFECTIF (EFF_ID,DR_ID,DEP_ID,TYPE_BUR_ID,NOM_PRENOM,USER_MAIL,TYPE_JOB,NUMERO_BUREAU,MOBILE,MATRICULE,NUMSECUSOC,NATCONTRAT,GROUPSOC,DATERECRU,NOM,PRENOM,STATUT_EMP,DATEDEPART) values ('739','7','330','161','CHAOUANE Zahia',null,'Chef d''Agence',null,null,'0350','85 16 34 007 937','CDD',null,to_date('08/05/22','DD/MM/RR'),'CHAOUANE','Zahia',null,null);
Insert into C_GPI.EFFECTIF (EFF_ID,DR_ID,DEP_ID,TYPE_BUR_ID,NOM_PRENOM,USER_MAIL,TYPE_JOB,NUMERO_BUREAU,MOBILE,MATRICULE,NUMSECUSOC,NATCONTRAT,GROUPSOC,DATERECRU,NOM,PRENOM,STATUT_EMP,DATEDEPART) values ('192','7','202','1','SEDDIK ZAHIRA (née BOUDBOUB)','Z.seddik@laciar.com','Chef Département Production','Département Production','0561657052','0048','81 0254 0109 56','CDI',null,to_date('03/03/07','DD/MM/RR'),'SEDDIK (née BOUDBOUB)','ZAHIRA',null,null);
Insert into C_GPI.EFFECTIF (EFF_ID,DR_ID,DEP_ID,TYPE_BUR_ID,NOM_PRENOM,USER_MAIL,TYPE_JOB,NUMERO_BUREAU,MOBILE,MATRICULE,NUMSECUSOC,NATCONTRAT,GROUPSOC,DATERECRU,NOM,PRENOM,STATUT_EMP,DATEDEPART) values ('190','7','199','1','MEKIDECHE MOKHTAR','M.mekideche@laciar.com','Directeur Régional','Bureau directeur','0560458994','0418','60 04 24 00 27 62','CDD',null,to_date('27/07/23','DD/MM/RR'),'MEKIDECHE','MOKHTAR',null,null);
Insert into C_GPI.EFFECTIF (EFF_ID,DR_ID,DEP_ID,TYPE_BUR_ID,NOM_PRENOM,USER_MAIL,TYPE_JOB,NUMERO_BUREAU,MOBILE,MATRICULE,NUMSECUSOC,NATCONTRAT,GROUPSOC,DATERECRU,NOM,PRENOM,STATUT_EMP,DATEDEPART) values ('193','3','148','1','ZIRAOUI Amina','a.ziraoui@laciar.com','Chef de de service technique (chef service production)','145211','0560951378','0073','75 04 90 010 453','CDI',null,to_date('02/05/09','DD/MM/RR'),'ZIRAOUI','Amina',null,null);
Insert into C_GPI.EFFECTIF (EFF_ID,DR_ID,DEP_ID,TYPE_BUR_ID,NOM_PRENOM,USER_MAIL,TYPE_JOB,NUMERO_BUREAU,MOBILE,MATRICULE,NUMSECUSOC,NATCONTRAT,GROUPSOC,DATERECRU,NOM,PRENOM,STATUT_EMP,DATEDEPART) values ('195','7','202','1','TIGLAOUI RAMADHANE','R.tiglaoui@laciar.com','Collaborateur Technique','Département Production','0561634148',null,null,null,null,null,'TIGLAOUI','RAMADHANE',null,null);
Insert into C_GPI.EFFECTIF (EFF_ID,DR_ID,DEP_ID,TYPE_BUR_ID,NOM_PRENOM,USER_MAIL,TYPE_JOB,NUMERO_BUREAU,MOBILE,MATRICULE,NUMSECUSOC,NATCONTRAT,GROUPSOC,DATERECRU,NOM,PRENOM,STATUT_EMP,DATEDEPART) values ('196','3','148','1','DELABECHE AMINA','a.delabeche@laciar.com','COLLABORATRICE PRODUCTION S','142','0561644843','0084','77 16 77 003 934','CDI',null,to_date('14/02/10','DD/MM/RR'),'DELABECHE','AMINA',null,null);
Insert into C_GPI.EFFECTIF (EFF_ID,DR_ID,DEP_ID,TYPE_BUR_ID,NOM_PRENOM,USER_MAIL,TYPE_JOB,NUMERO_BUREAU,MOBILE,MATRICULE,NUMSECUSOC,NATCONTRAT,GROUPSOC,DATERECRU,NOM,PRENOM,STATUT_EMP,DATEDEPART) values ('197','6','190','1','OUADAH Semcheddine','s.ouadah@laciar.com','Chef de Département Comptabilité Finance et Administration','004','0560941723','0123','81 34 10 002 264','CDI',null,to_date('02/10/11','DD/MM/RR'),'OUADAH','Semcheddine',null,null);
Insert into C_GPI.EFFECTIF (EFF_ID,DR_ID,DEP_ID,TYPE_BUR_ID,NOM_PRENOM,USER_MAIL,TYPE_JOB,NUMERO_BUREAU,MOBILE,MATRICULE,NUMSECUSOC,NATCONTRAT,GROUPSOC,DATERECRU,NOM,PRENOM,STATUT_EMP,DATEDEPART) values ('198','7','202','1','HAMIDI FELLA','F.hamidi@laciar.com','Collaborateur Technique P','Département Production','0561657053','0036','80 2144 0027 55','CDI',null,to_date('16/05/06','DD/MM/RR'),'HAMIDI','FELLA',null,null);
Insert into C_GPI.EFFECTIF (EFF_ID,DR_ID,DEP_ID,TYPE_BUR_ID,NOM_PRENOM,USER_MAIL,TYPE_JOB,NUMERO_BUREAU,MOBILE,MATRICULE,NUMSECUSOC,NATCONTRAT,GROUPSOC,DATERECRU,NOM,PRENOM,STATUT_EMP,DATEDEPART) values ('200','6','195','1','AKIL Amira','a.akil@laciar.com','Collaboratrice Technique S','003','0560743711','0279','82 59 69 000 437','CDI',null,to_date('01/03/20','DD/MM/RR'),'AKIL','Amira',null,null);
Insert into C_GPI.EFFECTIF (EFF_ID,DR_ID,DEP_ID,TYPE_BUR_ID,NOM_PRENOM,USER_MAIL,TYPE_JOB,NUMERO_BUREAU,MOBILE,MATRICULE,NUMSECUSOC,NATCONTRAT,GROUPSOC,DATERECRU,NOM,PRENOM,STATUT_EMP,DATEDEPART) values ('201','3','146','1','DADCI Sabrina','s.dadci@laciar.com','Assistante de Direction','2','0560619712','0369','81 24 58 002 943','CDI',null,to_date('16/08/22','DD/MM/RR'),'DADCI','Sabrina',null,null);
Insert into C_GPI.EFFECTIF (EFF_ID,DR_ID,DEP_ID,TYPE_BUR_ID,NOM_PRENOM,USER_MAIL,TYPE_JOB,NUMERO_BUREAU,MOBILE,MATRICULE,NUMSECUSOC,NATCONTRAT,GROUPSOC,DATERECRU,NOM,PRENOM,STATUT_EMP,DATEDEPART) values ('203','6','191','1','LAHMAR Hichem','h.lahmar@laciar.com','Directeur Régionale P/I
(Chéf de département Production)','006','0560941711','0128','83 01 48 025 348','CDI',null,to_date('01/12/11','DD/MM/RR'),'LAHMAR','Hichem',null,null);
Insert into C_GPI.EFFECTIF (EFF_ID,DR_ID,DEP_ID,TYPE_BUR_ID,NOM_PRENOM,USER_MAIL,TYPE_JOB,NUMERO_BUREAU,MOBILE,MATRICULE,NUMSECUSOC,NATCONTRAT,GROUPSOC,DATERECRU,NOM,PRENOM,STATUT_EMP,DATEDEPART) values ('204','3','143','1','BENTEBOULA Djenette','d.benteboula@laciar.com','Collaboratrice technique Sinistre','04','0561 603 583','0155','81 94 34 000 545','CDI',null,to_date('01/04/13','DD/MM/RR'),'BENTEBOULA','Djenette',null,null);
Insert into C_GPI.EFFECTIF (EFF_ID,DR_ID,DEP_ID,TYPE_BUR_ID,NOM_PRENOM,USER_MAIL,TYPE_JOB,NUMERO_BUREAU,MOBILE,MATRICULE,NUMSECUSOC,NATCONTRAT,GROUPSOC,DATERECRU,NOM,PRENOM,STATUT_EMP,DATEDEPART) values ('205','6','195','1','BALLA Sihem','s.bella@laciar.com','Collaboratrice Technique S','003','0561604640','0250','74 53 83 000 445','CDI',null,to_date('04/11/18','DD/MM/RR'),'BALLA','Sihem',null,null);
Insert into C_GPI.EFFECTIF (EFF_ID,DR_ID,DEP_ID,TYPE_BUR_ID,NOM_PRENOM,USER_MAIL,TYPE_JOB,NUMERO_BUREAU,MOBILE,MATRICULE,NUMSECUSOC,NATCONTRAT,GROUPSOC,DATERECRU,NOM,PRENOM,STATUT_EMP,DATEDEPART) values ('206','7','203','1','BELKHIR SAID','S.belkhir@laciar.com','Collaborateur Technique','Département sinistre','0561690239','0150','85 25 46 002 942','CDI',null,to_date('03/02/13','DD/MM/RR'),'BELKHIR','SAID',null,null);
Insert into C_GPI.EFFECTIF (EFF_ID,DR_ID,DEP_ID,TYPE_BUR_ID,NOM_PRENOM,USER_MAIL,TYPE_JOB,NUMERO_BUREAU,MOBILE,MATRICULE,NUMSECUSOC,NATCONTRAT,GROUPSOC,DATERECRU,NOM,PRENOM,STATUT_EMP,DATEDEPART) values ('208','6','194','1','BENYAHIA Houda','h.benyahia@laciar.com','Collaboratrice Technique P','005','0561876576','0306','84 26 29 004 147','CDI',null,to_date('01/03/21','DD/MM/RR'),'BENYAHIA','Houda',null,null);
Insert into C_GPI.EFFECTIF (EFF_ID,DR_ID,DEP_ID,TYPE_BUR_ID,NOM_PRENOM,USER_MAIL,TYPE_JOB,NUMERO_BUREAU,MOBILE,MATRICULE,NUMSECUSOC,NATCONTRAT,GROUPSOC,DATERECRU,NOM,PRENOM,STATUT_EMP,DATEDEPART) values ('210','3','148','1','SIOUANE Mohieddine','m.siouane@laciar.com','chef de département production','5632','0561693354','0305','84 02 12 023 175','CDI',null,to_date('15/02/21','DD/MM/RR'),'SIOUANE','Mohieddine',null,null);
Insert into C_GPI.EFFECTIF (EFF_ID,DR_ID,DEP_ID,TYPE_BUR_ID,NOM_PRENOM,USER_MAIL,TYPE_JOB,NUMERO_BUREAU,MOBILE,MATRICULE,NUMSECUSOC,NATCONTRAT,GROUPSOC,DATERECRU,NOM,PRENOM,STATUT_EMP,DATEDEPART) values ('211','6','194','1','SEBIA Sofia','s.sebia@laciar.com','Collaboratrice Technique P','005','0560941713','0098','81 66 56 000 444','CDI',null,to_date('19/10/10','DD/MM/RR'),'SEBIA','Safia',null,null);
Insert into C_GPI.EFFECTIF (EFF_ID,DR_ID,DEP_ID,TYPE_BUR_ID,NOM_PRENOM,USER_MAIL,TYPE_JOB,NUMERO_BUREAU,MOBILE,MATRICULE,NUMSECUSOC,NATCONTRAT,GROUPSOC,DATERECRU,NOM,PRENOM,STATUT_EMP,DATEDEPART) values ('213','3','141','1','DEHIMI Hamdane','h.dehimi@laciar.com','Inspecteur technique','4587','0560951377','0259','85 61 51 000 252','CDI',null,to_date('05/05/19','DD/MM/RR'),'DEHIMI','Hamdane',null,null);
Insert into C_GPI.EFFECTIF (EFF_ID,DR_ID,DEP_ID,TYPE_BUR_ID,NOM_PRENOM,USER_MAIL,TYPE_JOB,NUMERO_BUREAU,MOBILE,MATRICULE,NUMSECUSOC,NATCONTRAT,GROUPSOC,DATERECRU,NOM,PRENOM,STATUT_EMP,DATEDEPART) values ('214','6','278','1','BENSALEM Amina','a.bensalem@laciar.com','Chef de Service Commerciale et réseau','009','0561607938','0361','87 43 50 001 152','CDI',null,to_date('03/07/22','DD/MM/RR'),'BENSALEM','Amina',null,null);
Insert into C_GPI.EFFECTIF (EFF_ID,DR_ID,DEP_ID,TYPE_BUR_ID,NOM_PRENOM,USER_MAIL,TYPE_JOB,NUMERO_BUREAU,MOBILE,MATRICULE,NUMSECUSOC,NATCONTRAT,GROUPSOC,DATERECRU,NOM,PRENOM,STATUT_EMP,DATEDEPART) values ('215','7','203','1','REGUIEG MOHAMED TOUFIK','M.reguieg@laciar.com','Collaborateur Technique','Département sinistre','0561715680','0271','93 08 07 008 245','CDI',null,to_date('03/11/19','DD/MM/RR'),'REGUIEG','MOHAMED TOUFIK',null,null);
Insert into C_GPI.EFFECTIF (EFF_ID,DR_ID,DEP_ID,TYPE_BUR_ID,NOM_PRENOM,USER_MAIL,TYPE_JOB,NUMERO_BUREAU,MOBILE,MATRICULE,NUMSECUSOC,NATCONTRAT,GROUPSOC,DATERECRU,NOM,PRENOM,STATUT_EMP,DATEDEPART) values ('217','7','203','1','DHOBB LYNDA','L.dhobb@laciar.com','Contrôleur régleur (Collaborateur Technique)','Département Production','0561690804','0043','66 1213 0011 69','CDI',null,to_date('03/03/07','DD/MM/RR'),'DHOBB','LINDA (LYNDA)',null,null);
Insert into C_GPI.EFFECTIF (EFF_ID,DR_ID,DEP_ID,TYPE_BUR_ID,NOM_PRENOM,USER_MAIL,TYPE_JOB,NUMERO_BUREAU,MOBILE,MATRICULE,NUMSECUSOC,NATCONTRAT,GROUPSOC,DATERECRU,NOM,PRENOM,STATUT_EMP,DATEDEPART) values ('219','3','141','1','TOUCHAL Chaima','c.touchal@laciar.com','Inspectrice Régionale','754','0560217602','0207','91 17 07 006 052','CDI',null,to_date('02/05/16','DD/MM/RR'),'TOUCHAL','Chaima',null,null);
Insert into C_GPI.EFFECTIF (EFF_ID,DR_ID,DEP_ID,TYPE_BUR_ID,NOM_PRENOM,USER_MAIL,TYPE_JOB,NUMERO_BUREAU,MOBILE,MATRICULE,NUMSECUSOC,NATCONTRAT,GROUPSOC,DATERECRU,NOM,PRENOM,STATUT_EMP,DATEDEPART) values ('221','3','143','1','KAHOUL Abir','a.kahoul@laciar.com','collaboratrice technique','02','0561664133','0256','89 15 18 004 049','CDI',null,to_date('01/04/19','DD/MM/RR'),'KAHOUL','Abir',null,null);
Insert into C_GPI.EFFECTIF (EFF_ID,DR_ID,DEP_ID,TYPE_BUR_ID,NOM_PRENOM,USER_MAIL,TYPE_JOB,NUMERO_BUREAU,MOBILE,MATRICULE,NUMSECUSOC,NATCONTRAT,GROUPSOC,DATERECRU,NOM,PRENOM,STATUT_EMP,DATEDEPART) values ('222','7','201','1','BOUDAOUDI RAHMA','R.boudaoudi@laciar.com','juriste','Bureau juriste','0561682407','0337','88 04 50 022 451','CDI',null,to_date('21/11/21','DD/MM/RR'),'BOUDAOUDI','RAHMA',null,null);
Insert into C_GPI.EFFECTIF (EFF_ID,DR_ID,DEP_ID,TYPE_BUR_ID,NOM_PRENOM,USER_MAIL,TYPE_JOB,NUMERO_BUREAU,MOBILE,MATRICULE,NUMSECUSOC,NATCONTRAT,GROUPSOC,DATERECRU,NOM,PRENOM,STATUT_EMP,DATEDEPART) values ('223','6','280','101','MAKHLOUFI Mohamed','m.makhloufi@laciar.com','Chef de Service  Administration et Moyens Généraux','007','0561628213','0377','71 36 80 000 353','CDI',null,to_date('26/09/22','DD/MM/RR'),'MAKHLOUFI','Mohamed',null,null);
Insert into C_GPI.EFFECTIF (EFF_ID,DR_ID,DEP_ID,TYPE_BUR_ID,NOM_PRENOM,USER_MAIL,TYPE_JOB,NUMERO_BUREAU,MOBILE,MATRICULE,NUMSECUSOC,NATCONTRAT,GROUPSOC,DATERECRU,NOM,PRENOM,STATUT_EMP,DATEDEPART) values ('224','3','143','1','DJEBBARI Mehdi','m.djebbari@laciar.com','Chef De Département Sinistres','01','0561 691 965','0266','83 92 85 000 138','CDI',null,to_date('01/09/19','DD/MM/RR'),'DJEBBARI','Mehdi',null,null);
Insert into C_GPI.EFFECTIF (EFF_ID,DR_ID,DEP_ID,TYPE_BUR_ID,NOM_PRENOM,USER_MAIL,TYPE_JOB,NUMERO_BUREAU,MOBILE,MATRICULE,NUMSECUSOC,NATCONTRAT,GROUPSOC,DATERECRU,NOM,PRENOM,STATUT_EMP,DATEDEPART) values ('226','7','197','1','DOUIDENE TAHAR','T.douidene@laciar.com','Agent Economat','Bureau Moyen Généraux','0561604706','0057','67 4187 0006 42','CDI',null,to_date('01/12/07','DD/MM/RR'),'DOUIDENE','TAHAR',null,null);
Insert into C_GPI.EFFECTIF (EFF_ID,DR_ID,DEP_ID,TYPE_BUR_ID,NOM_PRENOM,USER_MAIL,TYPE_JOB,NUMERO_BUREAU,MOBILE,MATRICULE,NUMSECUSOC,NATCONTRAT,GROUPSOC,DATERECRU,NOM,PRENOM,STATUT_EMP,DATEDEPART) values ('227','7','196','1','BOUKHORS FATIMA','F.boukhors@laciar.com','Comptable','Bureau de comptabilité','0561690240','0149','84 01 01 018 555','CDI',null,to_date('02/01/13','DD/MM/RR'),'BOUKHORS','FATMA',null,null);
Insert into C_GPI.EFFECTIF (EFF_ID,DR_ID,DEP_ID,TYPE_BUR_ID,NOM_PRENOM,USER_MAIL,TYPE_JOB,NUMERO_BUREAU,MOBILE,MATRICULE,NUMSECUSOC,NATCONTRAT,GROUPSOC,DATERECRU,NOM,PRENOM,STATUT_EMP,DATEDEPART) values ('228','7','196','1','ISHAK Mohamed Amine','M.ishak@laciar.com','Comptable','Bureau De Comptabilité','0561693488','0307','92 09 85 011 640','CDI',null,to_date('07/03/21','DD/MM/RR'),'ISHAK','Mohamed Amine',null,null);
Insert into C_GPI.EFFECTIF (EFF_ID,DR_ID,DEP_ID,TYPE_BUR_ID,NOM_PRENOM,USER_MAIL,TYPE_JOB,NUMERO_BUREAU,MOBILE,MATRICULE,NUMSECUSOC,NATCONTRAT,GROUPSOC,DATERECRU,NOM,PRENOM,STATUT_EMP,DATEDEPART) values ('230','6','195','1','HAMZIOUI Mounir','m.hamzioui@laciar.com','Chef de déprtement sinistre','002','0561604630','0243','79 06 15 007 841','CDI',null,to_date('20/05/18','DD/MM/RR'),'HAMZIOUI','Mounir',null,null);
Insert into C_GPI.EFFECTIF (EFF_ID,DR_ID,DEP_ID,TYPE_BUR_ID,NOM_PRENOM,USER_MAIL,TYPE_JOB,NUMERO_BUREAU,MOBILE,MATRICULE,NUMSECUSOC,NATCONTRAT,GROUPSOC,DATERECRU,NOM,PRENOM,STATUT_EMP,DATEDEPART) values ('231','7','198','1','LACHIB ADEL','A.lachib@laciar.com','Chef Département Ressource Humaine','Bureau Administration','0560139816','0181','89 0062 0609 45','CDI',null,to_date('04/05/14','DD/MM/RR'),'LACHIB','ADEL',null,null);
Insert into C_GPI.EFFECTIF (EFF_ID,DR_ID,DEP_ID,TYPE_BUR_ID,NOM_PRENOM,USER_MAIL,TYPE_JOB,NUMERO_BUREAU,MOBILE,MATRICULE,NUMSECUSOC,NATCONTRAT,GROUPSOC,DATERECRU,NOM,PRENOM,STATUT_EMP,DATEDEPART) values ('233','6','188','101','RAHBI Bouzid','b.rahbi@laciar.com','Inspecteur Régional','007','0561604698','0106','71 46 79 000 839','CDI',null,to_date('06/02/11','DD/MM/RR'),'RAHBI','Bouzid',null,null);
Insert into C_GPI.EFFECTIF (EFF_ID,DR_ID,DEP_ID,TYPE_BUR_ID,NOM_PRENOM,USER_MAIL,TYPE_JOB,NUMERO_BUREAU,MOBILE,MATRICULE,NUMSECUSOC,NATCONTRAT,GROUPSOC,DATERECRU,NOM,PRENOM,STATUT_EMP,DATEDEPART) values ('234','6','188','101','DOUDOU Sami','s.doudou@laciar.com','Inspecteur régional','007','0560941726','0141','84 53 81 001 146','CDI',null,to_date('01/07/12','DD/MM/RR'),'DOUDOU','Sami',null,null);
Insert into C_GPI.EFFECTIF (EFF_ID,DR_ID,DEP_ID,TYPE_BUR_ID,NOM_PRENOM,USER_MAIL,TYPE_JOB,NUMERO_BUREAU,MOBILE,MATRICULE,NUMSECUSOC,NATCONTRAT,GROUPSOC,DATERECRU,NOM,PRENOM,STATUT_EMP,DATEDEPART) values ('238','7','199','3','MESSAOUDI KHALED',null,'Agent de sécurité',null,'0561690806','0052','77 1313 0026 58','CDI',null,to_date('02/05/07','DD/MM/RR'),'MESSAOUDI','KHALED',null,null);
Insert into C_GPI.EFFECTIF (EFF_ID,DR_ID,DEP_ID,TYPE_BUR_ID,NOM_PRENOM,USER_MAIL,TYPE_JOB,NUMERO_BUREAU,MOBILE,MATRICULE,NUMSECUSOC,NATCONTRAT,GROUPSOC,DATERECRU,NOM,PRENOM,STATUT_EMP,DATEDEPART) values ('241','7','199','3','ZATOUT BRAHIM',null,'Chauffeur',null,'0561690241','0136','83 15 37 006 741','CDI',null,to_date('03/06/12','DD/MM/RR'),'ZATOUT','BRAHIM',null,null);
Insert into C_GPI.EFFECTIF (EFF_ID,DR_ID,DEP_ID,TYPE_BUR_ID,NOM_PRENOM,USER_MAIL,TYPE_JOB,NUMERO_BUREAU,MOBILE,MATRICULE,NUMSECUSOC,NATCONTRAT,GROUPSOC,DATERECRU,NOM,PRENOM,STATUT_EMP,DATEDEPART) values ('244','7','340','1','BRAHIMALI YAHIA','Y.brahimali@laciar.com','Contrôleur régleur','Département Sinistre','0561603024','0099','88 40 57 000 347','CDI',null,to_date('15/11/10','DD/MM/RR'),'BRAHIM','ALI YAHIA',null,null);
Insert into C_GPI.EFFECTIF (EFF_ID,DR_ID,DEP_ID,TYPE_BUR_ID,NOM_PRENOM,USER_MAIL,TYPE_JOB,NUMERO_BUREAU,MOBILE,MATRICULE,NUMSECUSOC,NATCONTRAT,GROUPSOC,DATERECRU,NOM,PRENOM,STATUT_EMP,DATEDEPART) values ('245','7','203','1','BRAHIMALI ZAKARIA','Z.brahimali@laciar.com','Contrôleur régleur','Département Sinistre','0561604549','0201','90 22 50 000 164','CDI',null,to_date('06/09/15','DD/MM/RR'),'BRAHIMALI','ALI ZAKARIA',null,null);
Insert into C_GPI.EFFECTIF (EFF_ID,DR_ID,DEP_ID,TYPE_BUR_ID,NOM_PRENOM,USER_MAIL,TYPE_JOB,NUMERO_BUREAU,MOBILE,MATRICULE,NUMSECUSOC,NATCONTRAT,GROUPSOC,DATERECRU,NOM,PRENOM,STATUT_EMP,DATEDEPART) values ('249','7','199','3','LAMECHE SIDAHMED',null,'Agent De Sécurité','Résidence Cité Ahmed Chaou Blida.','0561604577','0053','64 05 95 010 153','CDI',null,to_date('01/08/07','DD/MM/RR'),'LAMECHE','SIDAHMED',null,null);
Insert into C_GPI.EFFECTIF (EFF_ID,DR_ID,DEP_ID,TYPE_BUR_ID,NOM_PRENOM,USER_MAIL,TYPE_JOB,NUMERO_BUREAU,MOBILE,MATRICULE,NUMSECUSOC,NATCONTRAT,GROUPSOC,DATERECRU,NOM,PRENOM,STATUT_EMP,DATEDEPART) values ('639','3','308','161','BOUBCHIRA Leila',null,'Chef d''Agence','AC 7660',null,'0343','86 07 48 010 845','CDD',null,to_date('20/02/22','DD/MM/RR'),'BOUBCHIRA','Leila',null,null);
Insert into C_GPI.EFFECTIF (EFF_ID,DR_ID,DEP_ID,TYPE_BUR_ID,NOM_PRENOM,USER_MAIL,TYPE_JOB,NUMERO_BUREAU,MOBILE,MATRICULE,NUMSECUSOC,NATCONTRAT,GROUPSOC,DATERECRU,NOM,PRENOM,STATUT_EMP,DATEDEPART) values ('636','3','305','160','AISSAOUI Zohra','z.aissaoui@laciar.com','Collaboratrice technique p','AD 7840','0560951381','0034','76 01 52 019 344','CDI','exe',to_date('02/11/05','DD/MM/RR'),'AISSAOUI','Zohra',null,null);
Insert into C_GPI.EFFECTIF (EFF_ID,DR_ID,DEP_ID,TYPE_BUR_ID,NOM_PRENOM,USER_MAIL,TYPE_JOB,NUMERO_BUREAU,MOBILE,MATRICULE,NUMSECUSOC,NATCONTRAT,GROUPSOC,DATERECRU,NOM,PRENOM,STATUT_EMP,DATEDEPART) values ('640','3','307','161','MEDJEDOUB Aymen',null,'Collaboratrice Technique','AC 7590',null,'0354','88 07 22 001 060','CDD',null,to_date('17/05/22','DD/MM/RR'),'MEDJEDOUB','Aymen',null,null);
Insert into C_GPI.EFFECTIF (EFF_ID,DR_ID,DEP_ID,TYPE_BUR_ID,NOM_PRENOM,USER_MAIL,TYPE_JOB,NUMERO_BUREAU,MOBILE,MATRICULE,NUMSECUSOC,NATCONTRAT,GROUPSOC,DATERECRU,NOM,PRENOM,STATUT_EMP,DATEDEPART) values ('641','3','309','161','TOUIDJINE Leila',null,'Chef d''Agence','AC 7770',null,'0358','85 33 37 001 351','CDI',null,to_date('06/06/22','DD/MM/RR'),'TOUIDJINE','Leila',null,null);
Insert into C_GPI.EFFECTIF (EFF_ID,DR_ID,DEP_ID,TYPE_BUR_ID,NOM_PRENOM,USER_MAIL,TYPE_JOB,NUMERO_BUREAU,MOBILE,MATRICULE,NUMSECUSOC,NATCONTRAT,GROUPSOC,DATERECRU,NOM,PRENOM,STATUT_EMP,DATEDEPART) values ('642','3','305','160','BRAHIMI Mabrouka',null,'Chef d''Agence','AD 7840','0561619737','0368','77 00 80 015 546','CDI',null,to_date('14/08/22','DD/MM/RR'),'BRAHIMI','Mabrouka',null,null);
Insert into C_GPI.EFFECTIF (EFF_ID,DR_ID,DEP_ID,TYPE_BUR_ID,NOM_PRENOM,USER_MAIL,TYPE_JOB,NUMERO_BUREAU,MOBILE,MATRICULE,NUMSECUSOC,NATCONTRAT,GROUPSOC,DATERECRU,NOM,PRENOM,STATUT_EMP,DATEDEPART) values ('643','3','310','161','RIGHI Mohamed Mehdi',null,'Chef d''Agence','AC 7790',null,'0372','80 61 99 000 241','CDI',null,to_date('04/09/22','DD/MM/RR'),'RIGHI','Mohamed Mehdi',null,null);
Insert into C_GPI.EFFECTIF (EFF_ID,DR_ID,DEP_ID,TYPE_BUR_ID,NOM_PRENOM,USER_MAIL,TYPE_JOB,NUMERO_BUREAU,MOBILE,MATRICULE,NUMSECUSOC,NATCONTRAT,GROUPSOC,DATERECRU,NOM,PRENOM,STATUT_EMP,DATEDEPART) values ('708','5','184','3','CHAMKHA Fatiha',null,'Agent d''entretien',null,null,'0070','70 02 88 020 156','CDI',null,to_date('24/11/08','DD/MM/RR'),'CHAMKHA','Fatiha',null,null);
Insert into C_GPI.EFFECTIF (EFF_ID,DR_ID,DEP_ID,TYPE_BUR_ID,NOM_PRENOM,USER_MAIL,TYPE_JOB,NUMERO_BUREAU,MOBILE,MATRICULE,NUMSECUSOC,NATCONTRAT,GROUPSOC,DATERECRU,NOM,PRENOM,STATUT_EMP,DATEDEPART) values ('709','5','184','3','BECHEGAG Saida',null,'Agent d''entretien',null,null,'0162','81 06 10 000 668','CDI',null,to_date('10/06/13','DD/MM/RR'),'BECHEGAG','Saida',null,null);
Insert into C_GPI.EFFECTIF (EFF_ID,DR_ID,DEP_ID,TYPE_BUR_ID,NOM_PRENOM,USER_MAIL,TYPE_JOB,NUMERO_BUREAU,MOBILE,MATRICULE,NUMSECUSOC,NATCONTRAT,GROUPSOC,DATERECRU,NOM,PRENOM,STATUT_EMP,DATEDEPART) values ('710','5','184','121','SIDIKI Abdelaziz',null,'Chauffeur',null,null,'0204','78 2210 0009 60','CDI',null,to_date('07/02/16','DD/MM/RR'),'SIDIKI','Abdelaziz',null,null);
Insert into C_GPI.EFFECTIF (EFF_ID,DR_ID,DEP_ID,TYPE_BUR_ID,NOM_PRENOM,USER_MAIL,TYPE_JOB,NUMERO_BUREAU,MOBILE,MATRICULE,NUMSECUSOC,NATCONTRAT,GROUPSOC,DATERECRU,NOM,PRENOM,STATUT_EMP,DATEDEPART) values ('715','6','191','3','MEHENNI Abbes',null,'Agent de sécurité',null,null,'0093','59 28 32 000 258','CDI',null,to_date('15/06/10','DD/MM/RR'),'MEHENNI','Abbes',null,null);
Insert into C_GPI.EFFECTIF (EFF_ID,DR_ID,DEP_ID,TYPE_BUR_ID,NOM_PRENOM,USER_MAIL,TYPE_JOB,NUMERO_BUREAU,MOBILE,MATRICULE,NUMSECUSOC,NATCONTRAT,GROUPSOC,DATERECRU,NOM,PRENOM,STATUT_EMP,DATEDEPART) values ('720','6','191','3','KETFI Noureddine',null,'Agent de sécurité',null,null,'0158','65 11 94 002 944','CDI',null,to_date('07/05/13','DD/MM/RR'),'KETFI','Noureddine',null,null);
Insert into C_GPI.EFFECTIF (EFF_ID,DR_ID,DEP_ID,TYPE_BUR_ID,NOM_PRENOM,USER_MAIL,TYPE_JOB,NUMERO_BUREAU,MOBILE,MATRICULE,NUMSECUSOC,NATCONTRAT,GROUPSOC,DATERECRU,NOM,PRENOM,STATUT_EMP,DATEDEPART) values ('722','6','191','3','MAAYOUF Hada',null,'Agent d''entretien',null,null,'0289','64 16 07 001 165','CDD',null,to_date('01/10/20','DD/MM/RR'),'MAAYOUF','Hada',null,null);
Insert into C_GPI.EFFECTIF (EFF_ID,DR_ID,DEP_ID,TYPE_BUR_ID,NOM_PRENOM,USER_MAIL,TYPE_JOB,NUMERO_BUREAU,MOBILE,MATRICULE,NUMSECUSOC,NATCONTRAT,GROUPSOC,DATERECRU,NOM,PRENOM,STATUT_EMP,DATEDEPART) values ('723','6','264','1','FAR  (Epse BENYAHIA) Houda',null,'Collaboratrice technique',null,'0561876576','0306','84 26 29 004 147','CDI',null,to_date('01/03/21','DD/MM/RR'),'FAR  (Epse BENYAHIA)','Houda',null,null);
Insert into C_GPI.EFFECTIF (EFF_ID,DR_ID,DEP_ID,TYPE_BUR_ID,NOM_PRENOM,USER_MAIL,TYPE_JOB,NUMERO_BUREAU,MOBILE,MATRICULE,NUMSECUSOC,NATCONTRAT,GROUPSOC,DATERECRU,NOM,PRENOM,STATUT_EMP,DATEDEPART) values ('388','1','7','2','SIABDERAHMANE Amina','a.siabderahmane@laciar.com','Chef département liquidation','35',null,'0230','71 7386 0001 44','CDI',null,to_date('21/01/18','DD/MM/RR'),'SI ABDERAHMANE','Amina',null,null);
Insert into C_GPI.EFFECTIF (EFF_ID,DR_ID,DEP_ID,TYPE_BUR_ID,NOM_PRENOM,USER_MAIL,TYPE_JOB,NUMERO_BUREAU,MOBILE,MATRICULE,NUMSECUSOC,NATCONTRAT,GROUPSOC,DATERECRU,NOM,PRENOM,STATUT_EMP,DATEDEPART) values ('393','1','1','1','BEKHTI Khaled','k.bekhti@laciar.com','Directeur des études actuarielles Risk Management',null,'0561604472','0235','82 0872 0092 37','CDD',null,to_date('01/03/18','DD/MM/RR'),'BEKHTI','Khaled',null,null);
Insert into C_GPI.EFFECTIF (EFF_ID,DR_ID,DEP_ID,TYPE_BUR_ID,NOM_PRENOM,USER_MAIL,TYPE_JOB,NUMERO_BUREAU,MOBILE,MATRICULE,NUMSECUSOC,NATCONTRAT,GROUPSOC,DATERECRU,NOM,PRENOM,STATUT_EMP,DATEDEPART) values ('473','2','266','3','TIGUEMOUNINE Nawel','n.tiguemounine@laciar.com','Chef de Service',null,null,'0069','88 0043 0264 46','CDI',null,to_date('15/11/08','DD/MM/RR'),'TIGUEMOUNINE','Nawel',null,null);
Insert into C_GPI.EFFECTIF (EFF_ID,DR_ID,DEP_ID,TYPE_BUR_ID,NOM_PRENOM,USER_MAIL,TYPE_JOB,NUMERO_BUREAU,MOBILE,MATRICULE,NUMSECUSOC,NATCONTRAT,GROUPSOC,DATERECRU,NOM,PRENOM,STATUT_EMP,DATEDEPART) values ('335','1','2','3','MECHENTEL Rachid',null,'Agent d''Entretien ( Bou Ismail )',null,null,'0072','78 0500 0111 68','CDD',null,to_date('01/04/09','DD/MM/RR'),'MECHENTEL','Rachid',null,null);
Insert into C_GPI.EFFECTIF (EFF_ID,DR_ID,DEP_ID,TYPE_BUR_ID,NOM_PRENOM,USER_MAIL,TYPE_JOB,NUMERO_BUREAU,MOBILE,MATRICULE,NUMSECUSOC,NATCONTRAT,GROUPSOC,DATERECRU,NOM,PRENOM,STATUT_EMP,DATEDEPART) values ('209','3','267','3','TARFAYA Abderrezak','a.tarfaya@laciar.com','Agent administratif/économat','03','0561 603 571','0074','86 05 62 009 535','CDI',null,to_date('02/05/09','DD/MM/RR'),'TARFAYA','Abderrezak',null,null);
Insert into C_GPI.EFFECTIF (EFF_ID,DR_ID,DEP_ID,TYPE_BUR_ID,NOM_PRENOM,USER_MAIL,TYPE_JOB,NUMERO_BUREAU,MOBILE,MATRICULE,NUMSECUSOC,NATCONTRAT,GROUPSOC,DATERECRU,NOM,PRENOM,STATUT_EMP,DATEDEPART) values ('22','4','177','1','DAHI MUSTAPHA','m.dahi@laciar.com','Chef de département  contrôle (Inspecteur)','S','05 61 60 45 65','0075','69 05 42 006 447','CDI',null,to_date('16/06/09','DD/MM/RR'),'DAHI','MUSTAPHA',null,null);
Insert into C_GPI.EFFECTIF (EFF_ID,DR_ID,DEP_ID,TYPE_BUR_ID,NOM_PRENOM,USER_MAIL,TYPE_JOB,NUMERO_BUREAU,MOBILE,MATRICULE,NUMSECUSOC,NATCONTRAT,GROUPSOC,DATERECRU,NOM,PRENOM,STATUT_EMP,DATEDEPART) values ('743','2','266',null,null,null,'Agent de sécurité',null,null,'0078','58 0578 0026 44','CDI',null,to_date('18/10/09','DD/MM/RR'),'ZEGHDOUDI','Mohamed',null,null);
Insert into C_GPI.EFFECTIF (EFF_ID,DR_ID,DEP_ID,TYPE_BUR_ID,NOM_PRENOM,USER_MAIL,TYPE_JOB,NUMERO_BUREAU,MOBILE,MATRICULE,NUMSECUSOC,NATCONTRAT,GROUPSOC,DATERECRU,NOM,PRENOM,STATUT_EMP,DATEDEPART) values ('664','7','325','161','BOUHANNACHE Rabia',null,'Chef d''Agence','AC 2170','561604745','0079','66 0697 0019 39','CDI',null,to_date('01/12/09','DD/MM/RR'),'BOUHANNACHE','Rabia',null,null);
Insert into C_GPI.EFFECTIF (EFF_ID,DR_ID,DEP_ID,TYPE_BUR_ID,NOM_PRENOM,USER_MAIL,TYPE_JOB,NUMERO_BUREAU,MOBILE,MATRICULE,NUMSECUSOC,NATCONTRAT,GROUPSOC,DATERECRU,NOM,PRENOM,STATUT_EMP,DATEDEPART) values ('676','3','267','3','BOUBIR Nadir',null,'Agent de sécurité',null,'0561656447','0086','86 00 07 054 849','CDI',null,to_date('14/02/10','DD/MM/RR'),'BOUBIR','Nadir',null,null);
Insert into C_GPI.EFFECTIF (EFF_ID,DR_ID,DEP_ID,TYPE_BUR_ID,NOM_PRENOM,USER_MAIL,TYPE_JOB,NUMERO_BUREAU,MOBILE,MATRICULE,NUMSECUSOC,NATCONTRAT,GROUPSOC,DATERECRU,NOM,PRENOM,STATUT_EMP,DATEDEPART) values ('480','2','216','1','BENSARI Djaâfar','d.bensari@laciar.com','Collaborateur technique p',null,'0561604589','0102','74 0300 0086 56','CDI',null,to_date('02/01/11','DD/MM/RR'),'BENSARI','Djaafar',null,null);
Insert into C_GPI.EFFECTIF (EFF_ID,DR_ID,DEP_ID,TYPE_BUR_ID,NOM_PRENOM,USER_MAIL,TYPE_JOB,NUMERO_BUREAU,MOBILE,MATRICULE,NUMSECUSOC,NATCONTRAT,GROUPSOC,DATERECRU,NOM,PRENOM,STATUT_EMP,DATEDEPART) values ('172','5','258','1','BABOUHOUN Samir','S.BABOUHOUN@laciar.com','Chef de service juridique','06','0561604753','0103','78 03 26 019 045','CDI',null,to_date('02/01/11','DD/MM/RR'),'BABOUHOUN','Samir',null,null);
Insert into C_GPI.EFFECTIF (EFF_ID,DR_ID,DEP_ID,TYPE_BUR_ID,NOM_PRENOM,USER_MAIL,TYPE_JOB,NUMERO_BUREAU,MOBILE,MATRICULE,NUMSECUSOC,NATCONTRAT,GROUPSOC,DATERECRU,NOM,PRENOM,STATUT_EMP,DATEDEPART) values ('717','6','191','3','TABET Samira',null,'Agent d''entretien',null,null,'0105','76 01 14 029 646','CDI',null,to_date('17/01/11','DD/MM/RR'),'TABET','Samira',null,null);
Insert into C_GPI.EFFECTIF (EFF_ID,DR_ID,DEP_ID,TYPE_BUR_ID,NOM_PRENOM,USER_MAIL,TYPE_JOB,NUMERO_BUREAU,MOBILE,MATRICULE,NUMSECUSOC,NATCONTRAT,GROUPSOC,DATERECRU,NOM,PRENOM,STATUT_EMP,DATEDEPART) values ('485','2','303','160','KEBAB Abdenacer',null,'Chargé de Sinistre','AD 1420','0555294370','0116','58 0132 0270 56','CDI',null,to_date('01/07/11','DD/MM/RR'),'KEBAB','Abdenacer',null,null);
Insert into C_GPI.EFFECTIF (EFF_ID,DR_ID,DEP_ID,TYPE_BUR_ID,NOM_PRENOM,USER_MAIL,TYPE_JOB,NUMERO_BUREAU,MOBILE,MATRICULE,NUMSECUSOC,NATCONTRAT,GROUPSOC,DATERECRU,NOM,PRENOM,STATUT_EMP,DATEDEPART) values ('346','1','2','121','SELMANE Mustapha',null,'Chauffeur',null,null,'0118','77 0706 0087 42','CDI',null,to_date('01/07/11','DD/MM/RR'),'SELMANE','Mustapha',null,null);
Insert into C_GPI.EFFECTIF (EFF_ID,DR_ID,DEP_ID,TYPE_BUR_ID,NOM_PRENOM,USER_MAIL,TYPE_JOB,NUMERO_BUREAU,MOBILE,MATRICULE,NUMSECUSOC,NATCONTRAT,GROUPSOC,DATERECRU,NOM,PRENOM,STATUT_EMP,DATEDEPART) values ('236','1','2','1','TAIBI ABDELGHANI','a.taibi@laciar.com','Agent de sécurité (magasinier)','34','0561604674','0119','78 2426 0006 53','CDI',null,to_date('01/07/11','DD/MM/RR'),'TAIBI','ABDELGHANI',null,null);
Insert into C_GPI.EFFECTIF (EFF_ID,DR_ID,DEP_ID,TYPE_BUR_ID,NOM_PRENOM,USER_MAIL,TYPE_JOB,NUMERO_BUREAU,MOBILE,MATRICULE,NUMSECUSOC,NATCONTRAT,GROUPSOC,DATERECRU,NOM,PRENOM,STATUT_EMP,DATEDEPART) values ('488','2','216','1','ALAM Mohamed','m.alam@laciar.com','Collaborateur Technique',null,'0561690988','0121','83 1037 0023 58','CDI',null,to_date('01/07/11','DD/MM/RR'),'ALAM','Mohamed',null,null);
Insert into C_GPI.EFFECTIF (EFF_ID,DR_ID,DEP_ID,TYPE_BUR_ID,NOM_PRENOM,USER_MAIL,TYPE_JOB,NUMERO_BUREAU,MOBILE,MATRICULE,NUMSECUSOC,NATCONTRAT,GROUPSOC,DATERECRU,NOM,PRENOM,STATUT_EMP,DATEDEPART) values ('350','1','172','1','HOUARI Mohamed','m.houari@laciar.com','Inspecteur régional',null,'0561604696','0127','57 2265 0003 56','CDI',null,to_date('01/12/11','DD/MM/RR'),'HOUARI','Mohamed',null,null);
Insert into C_GPI.EFFECTIF (EFF_ID,DR_ID,DEP_ID,TYPE_BUR_ID,NOM_PRENOM,USER_MAIL,TYPE_JOB,NUMERO_BUREAU,MOBILE,MATRICULE,NUMSECUSOC,NATCONTRAT,GROUPSOC,DATERECRU,NOM,PRENOM,STATUT_EMP,DATEDEPART) values ('744','1','2',null,null,null,'Agent d''Entretien ( Bou Ismail )',null,'0561613467','0132','66 0329 0066 47','CDI',null,to_date('01/02/12','DD/MM/RR'),'BENDOUADI','Mohamed',null,null);
Insert into C_GPI.EFFECTIF (EFF_ID,DR_ID,DEP_ID,TYPE_BUR_ID,NOM_PRENOM,USER_MAIL,TYPE_JOB,NUMERO_BUREAU,MOBILE,MATRICULE,NUMSECUSOC,NATCONTRAT,GROUPSOC,DATERECRU,NOM,PRENOM,STATUT_EMP,DATEDEPART) values ('194','6','280','1','MESSAI Mohamed','m.messai@laciar.com','Responsables les moyens généraux','004','0560941724','0140','81 20 14 003 264','CDI',null,to_date('01/07/12','DD/MM/RR'),'MESSAI','Mohamed',null,null);
Insert into C_GPI.EFFECTIF (EFF_ID,DR_ID,DEP_ID,TYPE_BUR_ID,NOM_PRENOM,USER_MAIL,TYPE_JOB,NUMERO_BUREAU,MOBILE,MATRICULE,NUMSECUSOC,NATCONTRAT,GROUPSOC,DATERECRU,NOM,PRENOM,STATUT_EMP,DATEDEPART) values ('733','7','199','3','ZERROUKI Nour',null,'Agent de sécurité',null,'0561690242','0143','82 19 71 002 843','CDI',null,to_date('01/08/12','DD/MM/RR'),'ZERROUKI','Nour',null,null);
Insert into C_GPI.EFFECTIF (EFF_ID,DR_ID,DEP_ID,TYPE_BUR_ID,NOM_PRENOM,USER_MAIL,TYPE_JOB,NUMERO_BUREAU,MOBILE,MATRICULE,NUMSECUSOC,NATCONTRAT,GROUPSOC,DATERECRU,NOM,PRENOM,STATUT_EMP,DATEDEPART) values ('357','1','172','1','OURAHEM Abdelkader','a.ourahem@laciar.com','Inspecteur technique',null,null,'0146','88 1474 0019 40','CDI',null,to_date('02/12/12','DD/MM/RR'),'OURAHEM','Abdelkader',null,null);
Insert into C_GPI.EFFECTIF (EFF_ID,DR_ID,DEP_ID,TYPE_BUR_ID,NOM_PRENOM,USER_MAIL,TYPE_JOB,NUMERO_BUREAU,MOBILE,MATRICULE,NUMSECUSOC,NATCONTRAT,GROUPSOC,DATERECRU,NOM,PRENOM,STATUT_EMP,DATEDEPART) values ('212','7','203','1','HATTAB DJALLAL','D.hattab@laciar.com','Collaborateur Technique','Département Sinistre','0561690239','0151','85 05 27 091 645','CDI',null,to_date('03/02/13','DD/MM/RR'),'HATTAB','DJALLAL',null,null);
Insert into C_GPI.EFFECTIF (EFF_ID,DR_ID,DEP_ID,TYPE_BUR_ID,NOM_PRENOM,USER_MAIL,TYPE_JOB,NUMERO_BUREAU,MOBILE,MATRICULE,NUMSECUSOC,NATCONTRAT,GROUPSOC,DATERECRU,NOM,PRENOM,STATUT_EMP,DATEDEPART) values ('745','1','168',null,null,'d.haderbache@laciar.com','Chef de département',null,'0561657068','0154','82 1708 0052 52','CDI',null,to_date('17/03/13','DD/MM/RR'),'HADERBACHE','Djamila',null,null);
Insert into C_GPI.EFFECTIF (EFF_ID,DR_ID,DEP_ID,TYPE_BUR_ID,NOM_PRENOM,USER_MAIL,TYPE_JOB,NUMERO_BUREAU,MOBILE,MATRICULE,NUMSECUSOC,NATCONTRAT,GROUPSOC,DATERECRU,NOM,PRENOM,STATUT_EMP,DATEDEPART) values ('746','1','168',null,null,'i.larabi@laciar.com','Cadre comptable',null,null,'0156','82 2404 0036 57','CDI',null,to_date('07/04/13','DD/MM/RR'),'LARABI','Ilhem',null,null);
Insert into C_GPI.EFFECTIF (EFF_ID,DR_ID,DEP_ID,TYPE_BUR_ID,NOM_PRENOM,USER_MAIL,TYPE_JOB,NUMERO_BUREAU,MOBILE,MATRICULE,NUMSECUSOC,NATCONTRAT,GROUPSOC,DATERECRU,NOM,PRENOM,STATUT_EMP,DATEDEPART) values ('747','1','168',null,null,'r.ouchene@laciar.com','Cadre comptable',null,'0560916122','0157','88 0122 0035 57','CDI',null,to_date('05/05/13','DD/MM/RR'),'OUCHENE','Rafik',null,null);
Insert into C_GPI.EFFECTIF (EFF_ID,DR_ID,DEP_ID,TYPE_BUR_ID,NOM_PRENOM,USER_MAIL,TYPE_JOB,NUMERO_BUREAU,MOBILE,MATRICULE,NUMSECUSOC,NATCONTRAT,GROUPSOC,DATERECRU,NOM,PRENOM,STATUT_EMP,DATEDEPART) values ('493','2','296','161','LOUANES Hanaa',null,'Agent de production','AC 1520',null,'0165','88 0719 0103 53','CDI',null,to_date('01/08/13','DD/MM/RR'),'LOUANES','Hanaa',null,null);
Insert into C_GPI.EFFECTIF (EFF_ID,DR_ID,DEP_ID,TYPE_BUR_ID,NOM_PRENOM,USER_MAIL,TYPE_JOB,NUMERO_BUREAU,MOBILE,MATRICULE,NUMSECUSOC,NATCONTRAT,GROUPSOC,DATERECRU,NOM,PRENOM,STATUT_EMP,DATEDEPART) values ('748','1','172',null,null,null,'Inspecteur technique',null,null,'0166','86 3600 0012 61','CDI',null,to_date('15/09/13','DD/MM/RR'),'KHELFOUNE','Anis',null,null);
Insert into C_GPI.EFFECTIF (EFF_ID,DR_ID,DEP_ID,TYPE_BUR_ID,NOM_PRENOM,USER_MAIL,TYPE_JOB,NUMERO_BUREAU,MOBILE,MATRICULE,NUMSECUSOC,NATCONTRAT,GROUPSOC,DATERECRU,NOM,PRENOM,STATUT_EMP,DATEDEPART) values ('156','4','10','2','MELOUA BENZABA CHAHINEZ','c.meloua@laciar.com','Collaboratrice technique','A et B','0561604647','0168','90 03 94 009 830','CDI',null,to_date('04/11/13','DD/MM/RR'),'MELOUA BENZABA','CHAHINEZ',null,null);
Insert into C_GPI.EFFECTIF (EFF_ID,DR_ID,DEP_ID,TYPE_BUR_ID,NOM_PRENOM,USER_MAIL,TYPE_JOB,NUMERO_BUREAU,MOBILE,MATRICULE,NUMSECUSOC,NATCONTRAT,GROUPSOC,DATERECRU,NOM,PRENOM,STATUT_EMP,DATEDEPART) values ('365','1','2','3','SAOULI ZAHIR',null,'Agent de sécurité',null,null,'0174','91 0313 0073 55','CDI',null,to_date('01/04/14','DD/MM/RR'),'SAOULI','ZAHIR',null,null);
Insert into C_GPI.EFFECTIF (EFF_ID,DR_ID,DEP_ID,TYPE_BUR_ID,NOM_PRENOM,USER_MAIL,TYPE_JOB,NUMERO_BUREAU,MOBILE,MATRICULE,NUMSECUSOC,NATCONTRAT,GROUPSOC,DATERECRU,NOM,PRENOM,STATUT_EMP,DATEDEPART) values ('368','1','2','1','MEZRIT Boualem','B.MEZRIT@laciar.com','Chef de Service moyens Généreaux','27','0560941714','0178','94 2162 0013 53','CDI',null,to_date('06/04/14','DD/MM/RR'),'MEZRIT','Boualem',null,null);
Insert into C_GPI.EFFECTIF (EFF_ID,DR_ID,DEP_ID,TYPE_BUR_ID,NOM_PRENOM,USER_MAIL,TYPE_JOB,NUMERO_BUREAU,MOBILE,MATRICULE,NUMSECUSOC,NATCONTRAT,GROUPSOC,DATERECRU,NOM,PRENOM,STATUT_EMP,DATEDEPART) values ('496','2','217','1','ZEGHIMI  Hassiba','h.dahlouk@laciar.com','Collaboratrice technique s',null,null,'0179','74 2688 0012 43','CDI',null,to_date('04/05/14','DD/MM/RR'),'ZEGHIMI (née DAHLOUK)','Hassiba',null,null);
Insert into C_GPI.EFFECTIF (EFF_ID,DR_ID,DEP_ID,TYPE_BUR_ID,NOM_PRENOM,USER_MAIL,TYPE_JOB,NUMERO_BUREAU,MOBILE,MATRICULE,NUMSECUSOC,NATCONTRAT,GROUPSOC,DATERECRU,NOM,PRENOM,STATUT_EMP,DATEDEPART) values ('749','1','2',null,null,null,'Agent économat',null,'0561604599','0183','79 1184 0051 42','CDI',null,to_date('01/06/14','DD/MM/RR'),'DENIDINA','Chafik',null,null);
Insert into C_GPI.EFFECTIF (EFF_ID,DR_ID,DEP_ID,TYPE_BUR_ID,NOM_PRENOM,USER_MAIL,TYPE_JOB,NUMERO_BUREAU,MOBILE,MATRICULE,NUMSECUSOC,NATCONTRAT,GROUPSOC,DATERECRU,NOM,PRENOM,STATUT_EMP,DATEDEPART) values ('232','6','188','101','CHIKHI Hamza','h.chikhi@laciar.com','Inspecteur Régional','007','0561604638','0189','87 23 95 003 436','CDI',null,to_date('01/10/14','DD/MM/RR'),'CHIKHI','Hamza',null,null);
Insert into C_GPI.EFFECTIF (EFF_ID,DR_ID,DEP_ID,TYPE_BUR_ID,NOM_PRENOM,USER_MAIL,TYPE_JOB,NUMERO_BUREAU,MOBILE,MATRICULE,NUMSECUSOC,NATCONTRAT,GROUPSOC,DATERECRU,NOM,PRENOM,STATUT_EMP,DATEDEPART) values ('499','2','217','1','CHABNI Amel','a.chabni@laciar.com','Collaboratrice technique Sinistre',null,null,'0192','77 3740 0013 52','CDI',null,to_date('02/11/14','DD/MM/RR'),'CHABNI','Amel',null,null);
Insert into C_GPI.EFFECTIF (EFF_ID,DR_ID,DEP_ID,TYPE_BUR_ID,NOM_PRENOM,USER_MAIL,TYPE_JOB,NUMERO_BUREAU,MOBILE,MATRICULE,NUMSECUSOC,NATCONTRAT,GROUPSOC,DATERECRU,NOM,PRENOM,STATUT_EMP,DATEDEPART) values ('373','1','174','121','BOUZEKRI Hacene',null,'Agent de sécurité',null,'0561604734','0194','72 1172 0029 51','CDI',null,to_date('08/02/15','DD/MM/RR'),'BOUZEKRI','Hacene',null,null);
Insert into C_GPI.EFFECTIF (EFF_ID,DR_ID,DEP_ID,TYPE_BUR_ID,NOM_PRENOM,USER_MAIL,TYPE_JOB,NUMERO_BUREAU,MOBILE,MATRICULE,NUMSECUSOC,NATCONTRAT,GROUPSOC,DATERECRU,NOM,PRENOM,STATUT_EMP,DATEDEPART) values ('377','1','163','1','OURARI Merouane','m.ourari@laciar.com','Chef de Département Recouvrement',null,null,'0203','92 0842 0067 42','CDI',null,to_date('02/11/15','DD/MM/RR'),'OURARI','Merouane',null,null);
Insert into C_GPI.EFFECTIF (EFF_ID,DR_ID,DEP_ID,TYPE_BUR_ID,NOM_PRENOM,USER_MAIL,TYPE_JOB,NUMERO_BUREAU,MOBILE,MATRICULE,NUMSECUSOC,NATCONTRAT,GROUPSOC,DATERECRU,NOM,PRENOM,STATUT_EMP,DATEDEPART) values ('382','1','172','1','ZANE Fayssal','f.zane@laciar.com','Inspecteur technique',null,null,'0211','93 1045 0035 52','CDI',null,to_date('03/07/16','DD/MM/RR'),'ZANE','Fayssal',null,null);
Insert into C_GPI.EFFECTIF (EFF_ID,DR_ID,DEP_ID,TYPE_BUR_ID,NOM_PRENOM,USER_MAIL,TYPE_JOB,NUMERO_BUREAU,MOBILE,MATRICULE,NUMSECUSOC,NATCONTRAT,GROUPSOC,DATERECRU,NOM,PRENOM,STATUT_EMP,DATEDEPART) values ('157','4','271','2','LAYEB ABDELOUAHED','a.layeb@laciar.com','Chef De Service ADM et Finances','A et B','0560738096','0213','80 37 85 001 641','CDI',null,to_date('01/10/16','DD/MM/RR'),'LAYEB','ABDELOUAHED',null,null);
Insert into C_GPI.EFFECTIF (EFF_ID,DR_ID,DEP_ID,TYPE_BUR_ID,NOM_PRENOM,USER_MAIL,TYPE_JOB,NUMERO_BUREAU,MOBILE,MATRICULE,NUMSECUSOC,NATCONTRAT,GROUPSOC,DATERECRU,NOM,PRENOM,STATUT_EMP,DATEDEPART) values ('384','1','174','3','ARAB Ourida',null,'Agent d''entretien',null,null,'0217','59 0113 0380 55','CDI',null,to_date('21/02/17','DD/MM/RR'),'ARAB','Ourida',null,null);
Insert into C_GPI.EFFECTIF (EFF_ID,DR_ID,DEP_ID,TYPE_BUR_ID,NOM_PRENOM,USER_MAIL,TYPE_JOB,NUMERO_BUREAU,MOBILE,MATRICULE,NUMSECUSOC,NATCONTRAT,GROUPSOC,DATERECRU,NOM,PRENOM,STATUT_EMP,DATEDEPART) values ('500','2','297','161','BENLEFKI Dalal',null,'Agent de Production','AC 4150',null,'0219','92 0522 0081 51','CDI',null,to_date('05/03/17','DD/MM/RR'),'BENLEFKI','Dalal',null,null);
Insert into C_GPI.EFFECTIF (EFF_ID,DR_ID,DEP_ID,TYPE_BUR_ID,NOM_PRENOM,USER_MAIL,TYPE_JOB,NUMERO_BUREAU,MOBILE,MATRICULE,NUMSECUSOC,NATCONTRAT,GROUPSOC,DATERECRU,NOM,PRENOM,STATUT_EMP,DATEDEPART) values ('243','7','199','1','HANICHED RAZIKA',null,'Standardiste','Département Informatique','0561604470','0223','63 07 01 004 662',null,null,to_date('02/07/17','DD/MM/RR'),'HANICHED','RAZIKA',null,null);
Insert into C_GPI.EFFECTIF (EFF_ID,DR_ID,DEP_ID,TYPE_BUR_ID,NOM_PRENOM,USER_MAIL,TYPE_JOB,NUMERO_BUREAU,MOBILE,MATRICULE,NUMSECUSOC,NATCONTRAT,GROUPSOC,DATERECRU,NOM,PRENOM,STATUT_EMP,DATEDEPART) values ('750','1','2',null,null,null,'Agent de sécurité',null,'05 60377522','0224','65 2256 0006 54','CDI',null,to_date('10/07/17','DD/MM/RR'),'BEN MOHAMED','Khaled',null,null);
Insert into C_GPI.EFFECTIF (EFF_ID,DR_ID,DEP_ID,TYPE_BUR_ID,NOM_PRENOM,USER_MAIL,TYPE_JOB,NUMERO_BUREAU,MOBILE,MATRICULE,NUMSECUSOC,NATCONTRAT,GROUPSOC,DATERECRU,NOM,PRENOM,STATUT_EMP,DATEDEPART) values ('504','2','216','1','BOUKHARI Omar',null,'Collaborateur technique',null,'0561604533','0227','87 0678 0117 38','CDI',null,to_date('03/12/17','DD/MM/RR'),'BOUKHARI','Omar',null,null);
Insert into C_GPI.EFFECTIF (EFF_ID,DR_ID,DEP_ID,TYPE_BUR_ID,NOM_PRENOM,USER_MAIL,TYPE_JOB,NUMERO_BUREAU,MOBILE,MATRICULE,NUMSECUSOC,NATCONTRAT,GROUPSOC,DATERECRU,NOM,PRENOM,STATUT_EMP,DATEDEPART) values ('387','1','2','1','ALLALI Mourad','m.allali@laciar.com','Chef de département moyens généraux','31','0561604769','0229','66 0398 0111 48','CDI',null,to_date('02/01/18','DD/MM/RR'),'ALLALI','Mourad',null,null);
Insert into C_GPI.EFFECTIF (EFF_ID,DR_ID,DEP_ID,TYPE_BUR_ID,NOM_PRENOM,USER_MAIL,TYPE_JOB,NUMERO_BUREAU,MOBILE,MATRICULE,NUMSECUSOC,NATCONTRAT,GROUPSOC,DATERECRU,NOM,PRENOM,STATUT_EMP,DATEDEPART) values ('13','4','179','1','LACHACHI ABDELHAK','a.lachachi@laciar.com','Correspondant informatique','i','0561604717','0237','85 97 60 000 338','CDI',null,to_date('01/04/18','DD/MM/RR'),'LACHACHI','ABDELHAK',null,null);
Insert into C_GPI.EFFECTIF (EFF_ID,DR_ID,DEP_ID,TYPE_BUR_ID,NOM_PRENOM,USER_MAIL,TYPE_JOB,NUMERO_BUREAU,MOBILE,MATRICULE,NUMSECUSOC,NATCONTRAT,GROUPSOC,DATERECRU,NOM,PRENOM,STATUT_EMP,DATEDEPART) values ('395','1','175','2','HOUACINE Yasmine','y.houacine@laciar.com','Chef de Département enginering','4',null,'0241','91 0946 0068 37','CDI',null,to_date('02/05/18','DD/MM/RR'),'HOUACINE','Yasmine',null,null);
Insert into C_GPI.EFFECTIF (EFF_ID,DR_ID,DEP_ID,TYPE_BUR_ID,NOM_PRENOM,USER_MAIL,TYPE_JOB,NUMERO_BUREAU,MOBILE,MATRICULE,NUMSECUSOC,NATCONTRAT,GROUPSOC,DATERECRU,NOM,PRENOM,STATUT_EMP,DATEDEPART) values ('159','4','10','2','ASSAL KARIM','k.assal@laciar.com','Collaborateur technique Sinistre','A et B','0561604561','0245','79 05 29 002 747','CDI',null,to_date('03/06/18','DD/MM/RR'),'ASSAL','KARIM',null,null);
Insert into C_GPI.EFFECTIF (EFF_ID,DR_ID,DEP_ID,TYPE_BUR_ID,NOM_PRENOM,USER_MAIL,TYPE_JOB,NUMERO_BUREAU,MOBILE,MATRICULE,NUMSECUSOC,NATCONTRAT,GROUPSOC,DATERECRU,NOM,PRENOM,STATUT_EMP,DATEDEPART) values ('398','1','165','1','ZEBBAR Rabah','r.zebbar@laciar.com','Chef de Service Comptabilité',null,null,'0268','81 2070 0015 57','CDI',null,to_date('23/09/19','DD/MM/RR'),'ZEBBAR','Rabah',null,null);
Insert into C_GPI.EFFECTIF (EFF_ID,DR_ID,DEP_ID,TYPE_BUR_ID,NOM_PRENOM,USER_MAIL,TYPE_JOB,NUMERO_BUREAU,MOBILE,MATRICULE,NUMSECUSOC,NATCONTRAT,GROUPSOC,DATERECRU,NOM,PRENOM,STATUT_EMP,DATEDEPART) values ('402','1','145','1','REBAINE Sid Ahmed','s.rebaine@laciar.com','Actuaire',null,null,'0278','72 0410 0081 60','CDI',null,to_date('05/01/20','DD/MM/RR'),'REBAINE','Sid Ahmed',null,null);
Insert into C_GPI.EFFECTIF (EFF_ID,DR_ID,DEP_ID,TYPE_BUR_ID,NOM_PRENOM,USER_MAIL,TYPE_JOB,NUMERO_BUREAU,MOBILE,MATRICULE,NUMSECUSOC,NATCONTRAT,GROUPSOC,DATERECRU,NOM,PRENOM,STATUT_EMP,DATEDEPART) values ('405','1','2','3','ATMANE LAKEUB Nawel',null,'Agent d''entretien',null,'0561791998','0287','81 1820 0044 56','CDI',null,to_date('17/08/20','DD/MM/RR'),'ATMANE LAKEUB','Nawel',null,null);
Insert into C_GPI.EFFECTIF (EFF_ID,DR_ID,DEP_ID,TYPE_BUR_ID,NOM_PRENOM,USER_MAIL,TYPE_JOB,NUMERO_BUREAU,MOBILE,MATRICULE,NUMSECUSOC,NATCONTRAT,GROUPSOC,DATERECRU,NOM,PRENOM,STATUT_EMP,DATEDEPART) values ('419','1','174','3','AKBOUDJ Abderrahmane',null,'Agent de Sécurité',null,'0561604643','0333','79 09 44 007 734','CDI',null,to_date('02/11/21','DD/MM/RR'),'AKBOUDJ','Abderrahmane',null,null);
Insert into C_GPI.EFFECTIF (EFF_ID,DR_ID,DEP_ID,TYPE_BUR_ID,NOM_PRENOM,USER_MAIL,TYPE_JOB,NUMERO_BUREAU,MOBILE,MATRICULE,NUMSECUSOC,NATCONTRAT,GROUPSOC,DATERECRU,NOM,PRENOM,STATUT_EMP,DATEDEPART) values ('423','1','171','2','BOURELAF Sofiane','s.bourelaf@laciar.com','Chef de Département Sinistre Automobile',null,'0560252951','0344','84 70 45 000 844','CDI',null,to_date('01/03/22','DD/MM/RR'),'BOURELAF','Sofiane',null,null);
Insert into C_GPI.EFFECTIF (EFF_ID,DR_ID,DEP_ID,TYPE_BUR_ID,NOM_PRENOM,USER_MAIL,TYPE_JOB,NUMERO_BUREAU,MOBILE,MATRICULE,NUMSECUSOC,NATCONTRAT,GROUPSOC,DATERECRU,NOM,PRENOM,STATUT_EMP,DATEDEPART) values ('325','1','172','2','NADIR Sofiane','s.nadir@laciar.com','Inspecteur comptable',null,null,'0047','81 1731 0030 60','CDI',null,to_date('03/03/07','DD/MM/RR'),'NADIR','Sofiane',null,null);
Insert into C_GPI.EFFECTIF (EFF_ID,DR_ID,DEP_ID,TYPE_BUR_ID,NOM_PRENOM,USER_MAIL,TYPE_JOB,NUMERO_BUREAU,MOBILE,MATRICULE,NUMSECUSOC,NATCONTRAT,GROUPSOC,DATERECRU,NOM,PRENOM,STATUT_EMP,DATEDEPART) values ('329','1','2','3','BOUDJEMA Hakim',null,'Agent de sécurité',null,'0561608861','0056','85 2226 0006 56','CDI',null,to_date('01/10/07','DD/MM/RR'),'BOUDJEMA','Hakim',null,null);
Insert into C_GPI.EFFECTIF (EFF_ID,DR_ID,DEP_ID,TYPE_BUR_ID,NOM_PRENOM,USER_MAIL,TYPE_JOB,NUMERO_BUREAU,MOBILE,MATRICULE,NUMSECUSOC,NATCONTRAT,GROUPSOC,DATERECRU,NOM,PRENOM,STATUT_EMP,DATEDEPART) values ('333','1','165','1','HASSANI Abdelouahab','a.hassani@laciar.com','Chef de département Centralisation et Formation',null,'0561604726','0066','86 0410 0059 52','CDI',null,to_date('01/10/08','DD/MM/RR'),'HASSANI','Abdelouahab',null,null);
Insert into C_GPI.EFFECTIF (EFF_ID,DR_ID,DEP_ID,TYPE_BUR_ID,NOM_PRENOM,USER_MAIL,TYPE_JOB,NUMERO_BUREAU,MOBILE,MATRICULE,NUMSECUSOC,NATCONTRAT,GROUPSOC,DATERECRU,NOM,PRENOM,STATUT_EMP,DATEDEPART) values ('339','1','174','2','SEDOUD Med El Amine','m.sedoud@laciar.com','Chef de département liquidation',null,null,'0097','86 0246 0139 45','CDI',null,to_date('01/08/10','DD/MM/RR'),'SEDOUD','Med El Amine',null,null);
Insert into C_GPI.EFFECTIF (EFF_ID,DR_ID,DEP_ID,TYPE_BUR_ID,NOM_PRENOM,USER_MAIL,TYPE_JOB,NUMERO_BUREAU,MOBILE,MATRICULE,NUMSECUSOC,NATCONTRAT,GROUPSOC,DATERECRU,NOM,PRENOM,STATUT_EMP,DATEDEPART) values ('343','1','2','3','LAAOUAD Rabah',null,'Agent de sécurité',null,null,'0110','78 0501 0012 67','CDI',null,to_date('06/04/11','DD/MM/RR'),'LAAOUAD','Rabah',null,null);
Insert into C_GPI.EFFECTIF (EFF_ID,DR_ID,DEP_ID,TYPE_BUR_ID,NOM_PRENOM,USER_MAIL,TYPE_JOB,NUMERO_BUREAU,MOBILE,MATRICULE,NUMSECUSOC,NATCONTRAT,GROUPSOC,DATERECRU,NOM,PRENOM,STATUT_EMP,DATEDEPART) values ('344','1','166','1','MEDJOUBI Siham','s.medjoubi@laciar.com','Directrice adjointe',null,null,'0112','78 1011 0034 62','CDI',null,to_date('02/05/11','DD/MM/RR'),'MEDJOUBI','Siham',null,null);
Insert into C_GPI.EFFECTIF (EFF_ID,DR_ID,DEP_ID,TYPE_BUR_ID,NOM_PRENOM,USER_MAIL,TYPE_JOB,NUMERO_BUREAU,MOBILE,MATRICULE,NUMSECUSOC,NATCONTRAT,GROUPSOC,DATERECRU,NOM,PRENOM,STATUT_EMP,DATEDEPART) values ('348','1','168','1','BENSADALLAH Abdelmalek','a.bensadallah@laciar.com','Chef de Département finance',null,'0561604733','0125','86 0198 0286 26','CDI',null,to_date('10/10/11','DD/MM/RR'),'BENSADALLAH','Abdelmalek',null,null);
Insert into C_GPI.EFFECTIF (EFF_ID,DR_ID,DEP_ID,TYPE_BUR_ID,NOM_PRENOM,USER_MAIL,TYPE_JOB,NUMERO_BUREAU,MOBILE,MATRICULE,NUMSECUSOC,NATCONTRAT,GROUPSOC,DATERECRU,NOM,PRENOM,STATUT_EMP,DATEDEPART) values ('354','1','172','1','LARBI Abdelkader Mahmoud','a.larbi@laciar.com','Chef de Département Contrôle Financier',null,null,'0133','86 0854 0078 33','CDI',null,to_date('01/03/12','DD/MM/RR'),'LARBI','Abdelkader Mahmoud',null,null);
Insert into C_GPI.EFFECTIF (EFF_ID,DR_ID,DEP_ID,TYPE_BUR_ID,NOM_PRENOM,USER_MAIL,TYPE_JOB,NUMERO_BUREAU,MOBILE,MATRICULE,NUMSECUSOC,NATCONTRAT,GROUPSOC,DATERECRU,NOM,PRENOM,STATUT_EMP,DATEDEPART) values ('359','1','168','2','HAMITOUCHE Reda','r.hamitouche@laciar.com','Comptable','25','0561657066','0160','89 1052 0068 40','CDI',null,to_date('16/05/13','DD/MM/RR'),'HAMITOUCHE','Reda',null,null);
Insert into C_GPI.EFFECTIF (EFF_ID,DR_ID,DEP_ID,TYPE_BUR_ID,NOM_PRENOM,USER_MAIL,TYPE_JOB,NUMERO_BUREAU,MOBILE,MATRICULE,NUMSECUSOC,NATCONTRAT,GROUPSOC,DATERECRU,NOM,PRENOM,STATUT_EMP,DATEDEPART) values ('468','2','303','160','BOUREDJI Karima','K.BOUREDJI@laciar.com','Directrice adjointe Chargée du Marketing','AD 1420','0561604705','0038','65 1093 0028 47','CDI',null,to_date('01/10/06','DD/MM/RR'),'BOUREDJI','Karima',null,null);
Insert into C_GPI.EFFECTIF (EFF_ID,DR_ID,DEP_ID,TYPE_BUR_ID,NOM_PRENOM,USER_MAIL,TYPE_JOB,NUMERO_BUREAU,MOBILE,MATRICULE,NUMSECUSOC,NATCONTRAT,GROUPSOC,DATERECRU,NOM,PRENOM,STATUT_EMP,DATEDEPART) values ('474','2','266','3','HAMZA Abdeslam',null,'Agent de sécurité',null,'0561640306','0077','05 61 64 03 06','CDI',null,to_date('27/09/09','DD/MM/RR'),'HAMZA','Abdeslam',null,null);
Insert into C_GPI.EFFECTIF (EFF_ID,DR_ID,DEP_ID,TYPE_BUR_ID,NOM_PRENOM,USER_MAIL,TYPE_JOB,NUMERO_BUREAU,MOBILE,MATRICULE,NUMSECUSOC,NATCONTRAT,GROUPSOC,DATERECRU,NOM,PRENOM,STATUT_EMP,DATEDEPART) values ('522','2','295','161','BEN DAHMANE Abderrahmane',null,'Chef d''Agence','AC 8340',null,'0336','90 20 26 005 057','CDD',null,to_date('16/11/21','DD/MM/RR'),'BEN DAHMANE','Abderrahmane',null,null);
Insert into C_GPI.EFFECTIF (EFF_ID,DR_ID,DEP_ID,TYPE_BUR_ID,NOM_PRENOM,USER_MAIL,TYPE_JOB,NUMERO_BUREAU,MOBILE,MATRICULE,NUMSECUSOC,NATCONTRAT,GROUPSOC,DATERECRU,NOM,PRENOM,STATUT_EMP,DATEDEPART) values ('526','2','211','1','KHELIFA Nissa','n.khelifa@laciar.com','Chef de Département Finances et Comptabilité',null,null,'0376','84 14 86 005 239','CDI',null,to_date('15/09/22','DD/MM/RR'),'KHELIFA','Nissa',null,null);
Insert into C_GPI.EFFECTIF (EFF_ID,DR_ID,DEP_ID,TYPE_BUR_ID,NOM_PRENOM,USER_MAIL,TYPE_JOB,NUMERO_BUREAU,MOBILE,MATRICULE,NUMSECUSOC,NATCONTRAT,GROUPSOC,DATERECRU,NOM,PRENOM,STATUT_EMP,DATEDEPART) values ('531','2','301','161','MOKRANI Achour Ayoub',null,'Chef d''Agence','AC 4530',null,'0405','96 12 57 002 941','CDI',null,to_date('11/03/23','DD/MM/RR'),'MOKRANI','Achour Ayoub',null,null);
Insert into C_GPI.EFFECTIF (EFF_ID,DR_ID,DEP_ID,TYPE_BUR_ID,NOM_PRENOM,USER_MAIL,TYPE_JOB,NUMERO_BUREAU,MOBILE,MATRICULE,NUMSECUSOC,NATCONTRAT,GROUPSOC,DATERECRU,NOM,PRENOM,STATUT_EMP,DATEDEPART) values ('184','3','142','1','GUERGAH HALIMA','h.guergah@laciar.com','Comptable','02','0560417291','0411','84 60 10 000 956','CDI',null,to_date('07/05/23','DD/MM/RR'),'GUERGAH','HALIMA',null,null);
Insert into C_GPI.EFFECTIF (EFF_ID,DR_ID,DEP_ID,TYPE_BUR_ID,NOM_PRENOM,USER_MAIL,TYPE_JOB,NUMERO_BUREAU,MOBILE,MATRICULE,NUMSECUSOC,NATCONTRAT,GROUPSOC,DATERECRU,NOM,PRENOM,STATUT_EMP,DATEDEPART) values ('705','4','333','3','KHEROUS Ahmed',null,'Chef d''Agence',null,null,'0430','92 68 18 000 940','CDI',null,to_date('26/11/23','DD/MM/RR'),'TEBIB','Abdelali Habib',null,null);
Insert into C_GPI.EFFECTIF (EFF_ID,DR_ID,DEP_ID,TYPE_BUR_ID,NOM_PRENOM,USER_MAIL,TYPE_JOB,NUMERO_BUREAU,MOBILE,MATRICULE,NUMSECUSOC,NATCONTRAT,GROUPSOC,DATERECRU,NOM,PRENOM,STATUT_EMP,DATEDEPART) values ('654','4','316','163','HENINE Mohamed',null,'Collaborateur Technique','Annexe 3821',null,'0363','64 04 50 004 853','CDD',null,to_date('25/07/22','DD/MM/RR'),'HENINE','Mohamed',null,null);
Insert into C_GPI.EFFECTIF (EFF_ID,DR_ID,DEP_ID,TYPE_BUR_ID,NOM_PRENOM,USER_MAIL,TYPE_JOB,NUMERO_BUREAU,MOBILE,MATRICULE,NUMSECUSOC,NATCONTRAT,GROUPSOC,DATERECRU,NOM,PRENOM,STATUT_EMP,DATEDEPART) values ('689','4','268','1','OSMANE Hadjera',null,'Secrétaire',null,null,'0027','80 60 74 000 845','CDI',null,to_date('01/03/05','DD/MM/RR'),'OSMANE','Hadjera',null,null);
Insert into C_GPI.EFFECTIF (EFF_ID,DR_ID,DEP_ID,TYPE_BUR_ID,NOM_PRENOM,USER_MAIL,TYPE_JOB,NUMERO_BUREAU,MOBILE,MATRICULE,NUMSECUSOC,NATCONTRAT,GROUPSOC,DATERECRU,NOM,PRENOM,STATUT_EMP,DATEDEPART) values ('691','4','268','3','KHEDIM Houari',null,'Agent de sécurité',null,'0561604583','0063','75 73 70 000 346','CDI',null,to_date('02/08/08','DD/MM/RR'),'KHEDIM','Houari',null,null);
Insert into C_GPI.EFFECTIF (EFF_ID,DR_ID,DEP_ID,TYPE_BUR_ID,NOM_PRENOM,USER_MAIL,TYPE_JOB,NUMERO_BUREAU,MOBILE,MATRICULE,NUMSECUSOC,NATCONTRAT,GROUPSOC,DATERECRU,NOM,PRENOM,STATUT_EMP,DATEDEPART) values ('695','4','268','3','DELLIH Fouzia',null,'Agent d''entretien',null,null,'0199','69 00 01 070 367','CDI',null,to_date('01/07/15','DD/MM/RR'),'DELLIH','Fouzia',null,null);
Insert into C_GPI.EFFECTIF (EFF_ID,DR_ID,DEP_ID,TYPE_BUR_ID,NOM_PRENOM,USER_MAIL,TYPE_JOB,NUMERO_BUREAU,MOBILE,MATRICULE,NUMSECUSOC,NATCONTRAT,GROUPSOC,DATERECRU,NOM,PRENOM,STATUT_EMP,DATEDEPART) values ('696','4','268','121','CHEKROUN Abdelkader',null,'Chauffeur',null,'0561604719','0202','73 88 02 000 155','CDI',null,to_date('01/10/15','DD/MM/RR'),'CHEKROUN','Abdelkader',null,null);
Insert into C_GPI.EFFECTIF (EFF_ID,DR_ID,DEP_ID,TYPE_BUR_ID,NOM_PRENOM,USER_MAIL,TYPE_JOB,NUMERO_BUREAU,MOBILE,MATRICULE,NUMSECUSOC,NATCONTRAT,GROUPSOC,DATERECRU,NOM,PRENOM,STATUT_EMP,DATEDEPART) values ('15','4','179','1','DERNI BILAL','b.derni@laciar.com','Corresopondant Informatique','i','05 61604633','0251','86 02 48 003 350','CDI',null,to_date('02/12/18','DD/MM/RR'),'DERNI','BILAL',null,null);
Insert into C_GPI.EFFECTIF (EFF_ID,DR_ID,DEP_ID,TYPE_BUR_ID,NOM_PRENOM,USER_MAIL,TYPE_JOB,NUMERO_BUREAU,MOBILE,MATRICULE,NUMSECUSOC,NATCONTRAT,GROUPSOC,DATERECRU,NOM,PRENOM,STATUT_EMP,DATEDEPART) values ('171','5','149','1','Mohamed BEKKAYE','M.BEKKAYE@laciar.com','Agent Administratif','05','0561657061','0239','76 02 50 014 058','CDI',null,to_date('02/05/18','DD/MM/RR'),'BEKKAY','Mohamed',null,null);
Insert into C_GPI.EFFECTIF (EFF_ID,DR_ID,DEP_ID,TYPE_BUR_ID,NOM_PRENOM,USER_MAIL,TYPE_JOB,NUMERO_BUREAU,MOBILE,MATRICULE,NUMSECUSOC,NATCONTRAT,GROUPSOC,DATERECRU,NOM,PRENOM,STATUT_EMP,DATEDEPART) values ('20','4','276','1','KARA TERKI née TABTI SIHAM','s.tabti@laciar.com','Chargé d''études (Chef de Service Réseau et Commerciale)','M','0561614476','0264','90 25 66 001 448','CDI',null,to_date('04/08/19','DD/MM/RR'),'KARA TERKI née TABTI','SIHAM',null,null);
Insert into C_GPI.EFFECTIF (EFF_ID,DR_ID,DEP_ID,TYPE_BUR_ID,NOM_PRENOM,USER_MAIL,TYPE_JOB,NUMERO_BUREAU,MOBILE,MATRICULE,NUMSECUSOC,NATCONTRAT,GROUPSOC,DATERECRU,NOM,PRENOM,STATUT_EMP,DATEDEPART) values ('175','5','186','1','DERROUGH Noura','N.DERROUGH@laciar.com','Chef de service Production','11','0561694341','0064','77 06 76 004 539','CDI',null,to_date('02/08/08','DD/MM/RR'),'DERROUGH','Noura',null,null);
Insert into C_GPI.EFFECTIF (EFF_ID,DR_ID,DEP_ID,TYPE_BUR_ID,NOM_PRENOM,USER_MAIL,TYPE_JOB,NUMERO_BUREAU,MOBILE,MATRICULE,NUMSECUSOC,NATCONTRAT,GROUPSOC,DATERECRU,NOM,PRENOM,STATUT_EMP,DATEDEPART) values ('178','5','186','1','OULED BRAHIM Faiza','F.OULEDBRAHIM@laciar.com','collaboratrice de Production','12','0560626194','0389','92 00 40 016 058','CDI',null,to_date('11/12/22','DD/MM/RR'),'OULED BRAHIM','Faiza',null,null);
Insert into C_GPI.EFFECTIF (EFF_ID,DR_ID,DEP_ID,TYPE_BUR_ID,NOM_PRENOM,USER_MAIL,TYPE_JOB,NUMERO_BUREAU,MOBILE,MATRICULE,NUMSECUSOC,NATCONTRAT,GROUPSOC,DATERECRU,NOM,PRENOM,STATUT_EMP,DATEDEPART) values ('656','5','319','160','GUENDA Fatima Zohra',null,'Agent de production','AD 5100',null,'0221','85 12 29 008 243','CDI',null,to_date('01/06/17','DD/MM/RR'),'GUENDA','Fatima Zohra',null,null);
Insert into C_GPI.EFFECTIF (EFF_ID,DR_ID,DEP_ID,TYPE_BUR_ID,NOM_PRENOM,USER_MAIL,TYPE_JOB,NUMERO_BUREAU,MOBILE,MATRICULE,NUMSECUSOC,NATCONTRAT,GROUPSOC,DATERECRU,NOM,PRENOM,STATUT_EMP,DATEDEPART) values ('251','5','187','1','BENSAADA Mustapha','M.BENSAADA@laciar.com','Collaborateur sinistre','07','0561604644',null,null,null,null,null,'BENSAADA','Mustapha',null,null);
Insert into C_GPI.EFFECTIF (EFF_ID,DR_ID,DEP_ID,TYPE_BUR_ID,NOM_PRENOM,USER_MAIL,TYPE_JOB,NUMERO_BUREAU,MOBILE,MATRICULE,NUMSECUSOC,NATCONTRAT,GROUPSOC,DATERECRU,NOM,PRENOM,STATUT_EMP,DATEDEPART) values ('660','6','321','160','AZIZI Meriem Amel','am.azizi@laciar.com','Collaborateur technique S','AD 6660',null,'0248','98 30 16 402 155','CDI',null,to_date('01/10/18','DD/MM/RR'),'AZIZI','Meriem Amel',null,null);
Insert into C_GPI.EFFECTIF (EFF_ID,DR_ID,DEP_ID,TYPE_BUR_ID,NOM_PRENOM,USER_MAIL,TYPE_JOB,NUMERO_BUREAU,MOBILE,MATRICULE,NUMSECUSOC,NATCONTRAT,GROUPSOC,DATERECRU,NOM,PRENOM,STATUT_EMP,DATEDEPART) values ('727','6','264','1','ABED Yasmina',null,'Collaboratrice technique',null,null,'0419','72 40 35 000 559','CDI',null,to_date('06/08/23','DD/MM/RR'),'ABED','Yasmina',null,null);
Insert into C_GPI.EFFECTIF (EFF_ID,DR_ID,DEP_ID,TYPE_BUR_ID,NOM_PRENOM,USER_MAIL,TYPE_JOB,NUMERO_BUREAU,MOBILE,MATRICULE,NUMSECUSOC,NATCONTRAT,GROUPSOC,DATERECRU,NOM,PRENOM,STATUT_EMP,DATEDEPART) values ('164','6','192','1','ABDESSLAM AMMAR','a.abdesslam@laciar.com','Correspondent Informatique','004','0561604569','0101','83 05 11 005 953','CDI',null,to_date('01/12/10','DD/MM/RR'),'ABDESSLAM','AMMAR',null,null);
Insert into C_GPI.EFFECTIF (EFF_ID,DR_ID,DEP_ID,TYPE_BUR_ID,NOM_PRENOM,USER_MAIL,TYPE_JOB,NUMERO_BUREAU,MOBILE,MATRICULE,NUMSECUSOC,NATCONTRAT,GROUPSOC,DATERECRU,NOM,PRENOM,STATUT_EMP,DATEDEPART) values ('668','7','326','160','SAKKI Amine','a.sakki@laciar.com','Chef d''Agence','AD 2570',null,'0286','74 30 25 001 658','CDI',null,to_date('12/07/20','DD/MM/RR'),'SAKKI','Amine',null,null);
Insert into C_GPI.EFFECTIF (EFF_ID,DR_ID,DEP_ID,TYPE_BUR_ID,NOM_PRENOM,USER_MAIL,TYPE_JOB,NUMERO_BUREAU,MOBILE,MATRICULE,NUMSECUSOC,NATCONTRAT,GROUPSOC,DATERECRU,NOM,PRENOM,STATUT_EMP,DATEDEPART) values ('242','7','199','103','IGOUFRITINE KARIM',null,'Agent de sécurité',null,'0560898595','0169','72 06 15 008 252','CDI',null,to_date('17/11/13','DD/MM/RR'),'IGOUFRITINE','KARIM',null,null);
Insert into C_GPI.EFFECTIF (EFF_ID,DR_ID,DEP_ID,TYPE_BUR_ID,NOM_PRENOM,USER_MAIL,TYPE_JOB,NUMERO_BUREAU,MOBILE,MATRICULE,NUMSECUSOC,NATCONTRAT,GROUPSOC,DATERECRU,NOM,PRENOM,STATUT_EMP,DATEDEPART) values ('730','7','265','1','MAYOUF Souad','s.mayouf@laciar.com','Collaboratrice technique p',null,null,'0046','81 2183 0026 48','CDI',null,to_date('03/03/07','DD/MM/RR'),'MAYOUF','Souad',null,null);
Insert into C_GPI.EFFECTIF (EFF_ID,DR_ID,DEP_ID,TYPE_BUR_ID,NOM_PRENOM,USER_MAIL,TYPE_JOB,NUMERO_BUREAU,MOBILE,MATRICULE,NUMSECUSOC,NATCONTRAT,GROUPSOC,DATERECRU,NOM,PRENOM,STATUT_EMP,DATEDEPART) values ('735','7','199','3','LOUNES Saddik',null,'Agent de sécurité',null,null,'0188','71 47 77 090 138','CDI',null,to_date('15/09/14','DD/MM/RR'),'LOUNES','Saddik',null,null);
Insert into C_GPI.EFFECTIF (EFF_ID,DR_ID,DEP_ID,TYPE_BUR_ID,NOM_PRENOM,USER_MAIL,TYPE_JOB,NUMERO_BUREAU,MOBILE,MATRICULE,NUMSECUSOC,NATCONTRAT,GROUPSOC,DATERECRU,NOM,PRENOM,STATUT_EMP,DATEDEPART) values ('736','7','265','1','NECHADI Amina','A.driouche@laciar.com','Collaboratrice technique p',null,'0561603584','0193','84 36 84 003 140','CDI',null,to_date('04/01/15','DD/MM/RR'),'NECHADI (DRIOUCHE)','Amina',null,null);
Insert into C_GPI.EFFECTIF (EFF_ID,DR_ID,DEP_ID,TYPE_BUR_ID,NOM_PRENOM,USER_MAIL,TYPE_JOB,NUMERO_BUREAU,MOBILE,MATRICULE,NUMSECUSOC,NATCONTRAT,GROUPSOC,DATERECRU,NOM,PRENOM,STATUT_EMP,DATEDEPART) values ('738','7','201','1','BOUDAOUI Rahma','r.boudaoui@laciar.com','juriste',null,'0561682407','0337','88 04 50 022 451','CDI',null,to_date('21/11/21','DD/MM/RR'),'BOUDAOUI','Rahma',null,null);
Insert into C_GPI.EFFECTIF (EFF_ID,DR_ID,DEP_ID,TYPE_BUR_ID,NOM_PRENOM,USER_MAIL,TYPE_JOB,NUMERO_BUREAU,MOBILE,MATRICULE,NUMSECUSOC,NATCONTRAT,GROUPSOC,DATERECRU,NOM,PRENOM,STATUT_EMP,DATEDEPART) values ('188','7','200','1','OUADIA AMINE','A.ouadia@laciar.com','Chef Département Informatique','Département Informatique','0561604558','0083','85 0169 0031 49','CDI',null,to_date('01/02/10','DD/MM/RR'),'OUADIA','AMINE',null,null);
Insert into C_GPI.EFFECTIF (EFF_ID,DR_ID,DEP_ID,TYPE_BUR_ID,NOM_PRENOM,USER_MAIL,TYPE_JOB,NUMERO_BUREAU,MOBILE,MATRICULE,NUMSECUSOC,NATCONTRAT,GROUPSOC,DATERECRU,NOM,PRENOM,STATUT_EMP,DATEDEPART) values ('229','7','196','1','GUEDDOUH OUSSAMA','O.gueddouh@laciar.com','Aide Comptable','Bureau de comptabilité','0561644441','0124','98 51 29 000 149','CDI',null,to_date('09/10/11','DD/MM/RR'),'GUEDDOUH','OUSSAMA Islam',null,null);
Insert into C_GPI.EFFECTIF (EFF_ID,DR_ID,DEP_ID,TYPE_BUR_ID,NOM_PRENOM,USER_MAIL,TYPE_JOB,NUMERO_BUREAU,MOBILE,MATRICULE,NUMSECUSOC,NATCONTRAT,GROUPSOC,DATERECRU,NOM,PRENOM,STATUT_EMP,DATEDEPART) values ('246','7','199','3','LOUENES SEDDIK',null,'Agent De Sécurité',null,'0560213453',null,null,null,null,null,'LOUENES','SEDDIK',null,null);
Insert into C_GPI.EFFECTIF (EFF_ID,DR_ID,DEP_ID,TYPE_BUR_ID,NOM_PRENOM,USER_MAIL,TYPE_JOB,NUMERO_BUREAU,MOBILE,MATRICULE,NUMSECUSOC,NATCONTRAT,GROUPSOC,DATERECRU,NOM,PRENOM,STATUT_EMP,DATEDEPART) values ('306','1','2','3','SATA Fatima',null,'Agent d''entretien',null,null,'0003','65 0887 0030 45','CDI',null,to_date('09/06/99','DD/MM/RR'),'SATA','Fatima',null,null);
Insert into C_GPI.EFFECTIF (EFF_ID,DR_ID,DEP_ID,TYPE_BUR_ID,NOM_PRENOM,USER_MAIL,TYPE_JOB,NUMERO_BUREAU,MOBILE,MATRICULE,NUMSECUSOC,NATCONTRAT,GROUPSOC,DATERECRU,NOM,PRENOM,STATUT_EMP,DATEDEPART) values ('687','4','177','1','BEKKIRI Khadidja','k.kherous@laciar.com','Contrôleur régleur',null,'0561604524','0005','74 61 53 000 253','CDI',null,to_date('01/02/00','DD/MM/RR'),'BEKKIRI (KHEROUS)','Khadidja',null,null);
Insert into C_GPI.EFFECTIF (EFF_ID,DR_ID,DEP_ID,TYPE_BUR_ID,NOM_PRENOM,USER_MAIL,TYPE_JOB,NUMERO_BUREAU,MOBILE,MATRICULE,NUMSECUSOC,NATCONTRAT,GROUPSOC,DATERECRU,NOM,PRENOM,STATUT_EMP,DATEDEPART) values ('463','2','214','1','DOUMI  Amal','a.doumi @laciar.com','Coordinatrice systèmes d''informations',null,'0561604517','0007','73 4516 0004 57','CDI',null,to_date('05/08/00','DD/MM/RR'),'DOUMI','Amal',null,null);
Insert into C_GPI.EFFECTIF (EFF_ID,DR_ID,DEP_ID,TYPE_BUR_ID,NOM_PRENOM,USER_MAIL,TYPE_JOB,NUMERO_BUREAU,MOBILE,MATRICULE,NUMSECUSOC,NATCONTRAT,GROUPSOC,DATERECRU,NOM,PRENOM,STATUT_EMP,DATEDEPART) values ('310','1','2','121','ZEMIRLI Khaled',null,'Chauffeur/Démarcheur',null,null,'0010','69 3084 0008 44','CDI',null,to_date('21/07/01','DD/MM/RR'),'ZEMIRLI','Khaled',null,null);
Insert into C_GPI.EFFECTIF (EFF_ID,DR_ID,DEP_ID,TYPE_BUR_ID,NOM_PRENOM,USER_MAIL,TYPE_JOB,NUMERO_BUREAU,MOBILE,MATRICULE,NUMSECUSOC,NATCONTRAT,GROUPSOC,DATERECRU,NOM,PRENOM,STATUT_EMP,DATEDEPART) values ('313','1','164','1','BENNOUNAS Fettouma',null,'Chargé d''études',null,null,'0015','69 4792 0007 36','CDI',null,to_date('07/12/02','DD/MM/RR'),'BENNOUNAS','Fettouma',null,null);
Insert into C_GPI.EFFECTIF (EFF_ID,DR_ID,DEP_ID,TYPE_BUR_ID,NOM_PRENOM,USER_MAIL,TYPE_JOB,NUMERO_BUREAU,MOBILE,MATRICULE,NUMSECUSOC,NATCONTRAT,GROUPSOC,DATERECRU,NOM,PRENOM,STATUT_EMP,DATEDEPART) values ('317','1','2','3','BENAMGHAR Ali',null,'Agent de sécurité (Zighout)',null,null,'0020','54 0871 0024 54','CDD',null,to_date('20/09/03','DD/MM/RR'),'BENAMGHAR','Ali',null,null);
Insert into C_GPI.EFFECTIF (EFF_ID,DR_ID,DEP_ID,TYPE_BUR_ID,NOM_PRENOM,USER_MAIL,TYPE_JOB,NUMERO_BUREAU,MOBILE,MATRICULE,NUMSECUSOC,NATCONTRAT,GROUPSOC,DATERECRU,NOM,PRENOM,STATUT_EMP,DATEDEPART) values ('237','7','199','3','MESSAOUDI MOHAMED',null,'Agent de sécurité',null,'0561657054','0023','69 2716 0011 56','CDI',null,to_date('01/09/04','DD/MM/RR'),'MESSAOUDI','MOHAMED',null,null);
Insert into C_GPI.EFFECTIF (EFF_ID,DR_ID,DEP_ID,TYPE_BUR_ID,NOM_PRENOM,USER_MAIL,TYPE_JOB,NUMERO_BUREAU,MOBILE,MATRICULE,NUMSECUSOC,NATCONTRAT,GROUPSOC,DATERECRU,NOM,PRENOM,STATUT_EMP,DATEDEPART) values ('320','1','2','3','TAIBI Rabah',null,'Agent d''Entretien',null,null,'0028','60 0065 0429 53','CDI',null,to_date('01/04/05','DD/MM/RR'),'TAIBI','Rabah',null,null);
Insert into C_GPI.EFFECTIF (EFF_ID,DR_ID,DEP_ID,TYPE_BUR_ID,NOM_PRENOM,USER_MAIL,TYPE_JOB,NUMERO_BUREAU,MOBILE,MATRICULE,NUMSECUSOC,NATCONTRAT,GROUPSOC,DATERECRU,NOM,PRENOM,STATUT_EMP,DATEDEPART) values ('7','1','167','2','BENHABILES NADJIB','n.benhabiles@laciar.com','Coordinateur systèmes d''informations','17','0561604531','0032','71 4801 0002 65','CDI',null,to_date('15/10/05','DD/MM/RR'),'BENHABILES','NADJIB',null,null);
Insert into C_GPI.EFFECTIF (EFF_ID,DR_ID,DEP_ID,TYPE_BUR_ID,NOM_PRENOM,USER_MAIL,TYPE_JOB,NUMERO_BUREAU,MOBILE,MATRICULE,NUMSECUSOC,NATCONTRAT,GROUPSOC,DATERECRU,NOM,PRENOM,STATUT_EMP,DATEDEPART) values ('707','5','184','3','MAAROUF Tayyib',null,'Agent de sécurité',null,null,'0037','82 02 29 019 740','CDI',null,to_date('02/09/06','DD/MM/RR'),'MAAROUF','Tayyib',null,null);
Insert into C_GPI.EFFECTIF (EFF_ID,DR_ID,DEP_ID,TYPE_BUR_ID,NOM_PRENOM,USER_MAIL,TYPE_JOB,NUMERO_BUREAU,MOBILE,MATRICULE,NUMSECUSOC,NATCONTRAT,GROUPSOC,DATERECRU,NOM,PRENOM,STATUT_EMP,DATEDEPART) values ('168','3','4','1','OUNISSI Nabil','n.ounissi@laciar.com','Chef de département informatique','01','0561604539','0040','75 36 41 001 057','CDI','Cadre',to_date('02/12/06','DD/MM/RR'),'OUNISSI','Nabil',null,null);
Insert into C_GPI.EFFECTIF (EFF_ID,DR_ID,DEP_ID,TYPE_BUR_ID,NOM_PRENOM,USER_MAIL,TYPE_JOB,NUMERO_BUREAU,MOBILE,MATRICULE,NUMSECUSOC,NATCONTRAT,GROUPSOC,DATERECRU,NOM,PRENOM,STATUT_EMP,DATEDEPART) values ('191','7','199','1','YAHIAOUI MESSOUADA','M.yahyaoui@laciar.com','Directrice Adjointe','Bureau Directrice Adjointe','0561604570','0045','75 10 77 001 649','CDI',null,to_date('03/03/07','DD/MM/RR'),'YAHIAOUI','MESSAOUADA',null,null);
Insert into C_GPI.EFFECTIF (EFF_ID,DR_ID,DEP_ID,TYPE_BUR_ID,NOM_PRENOM,USER_MAIL,TYPE_JOB,NUMERO_BUREAU,MOBILE,MATRICULE,NUMSECUSOC,NATCONTRAT,GROUPSOC,DATERECRU,NOM,PRENOM,STATUT_EMP,DATEDEPART) values ('326','1','174','1','LOUAFI Amel','a.louafi@laciar.com','Contrôleur régleur',null,null,'0051','82 4380 0012 50','CDI',null,to_date('10/04/07','DD/MM/RR'),'LOUAFI','Amel',null,null);
Insert into C_GPI.EFFECTIF (EFF_ID,DR_ID,DEP_ID,TYPE_BUR_ID,NOM_PRENOM,USER_MAIL,TYPE_JOB,NUMERO_BUREAU,MOBILE,MATRICULE,NUMSECUSOC,NATCONTRAT,GROUPSOC,DATERECRU,NOM,PRENOM,STATUT_EMP,DATEDEPART) values ('331','1','174','3','AGGAD Nadir',null,'Agent de sécurité',null,'0561604694','0060','79 2390 0029 38','CDI',null,to_date('21/06/08','DD/MM/RR'),'AGGAD','Nadir',null,null);
Insert into C_GPI.EFFECTIF (EFF_ID,DR_ID,DEP_ID,TYPE_BUR_ID,NOM_PRENOM,USER_MAIL,TYPE_JOB,NUMERO_BUREAU,MOBILE,MATRICULE,NUMSECUSOC,NATCONTRAT,GROUPSOC,DATERECRU,NOM,PRENOM,STATUT_EMP,DATEDEPART) values ('509','2','215','1','BOURAHLI Kahina','k.bourahli@laciar.com','Juriste',null,'0561693362','0260','91 0207 0295 46','CDI',null,to_date('05/05/19','DD/MM/RR'),'BOURAHLI','Kahina',null,null);
Insert into C_GPI.EFFECTIF (EFF_ID,DR_ID,DEP_ID,TYPE_BUR_ID,NOM_PRENOM,USER_MAIL,TYPE_JOB,NUMERO_BUREAU,MOBILE,MATRICULE,NUMSECUSOC,NATCONTRAT,GROUPSOC,DATERECRU,NOM,PRENOM,STATUT_EMP,DATEDEPART) values ('216','6','191','1','BOURZAMI Amira','a.bourzami@laciar.com','Standartiste','010','0561824589','0262','95 41 56 001 940','CDI',null,to_date('16/05/19','DD/MM/RR'),'BOURZAMI','Amira',null,null);
Insert into C_GPI.EFFECTIF (EFF_ID,DR_ID,DEP_ID,TYPE_BUR_ID,NOM_PRENOM,USER_MAIL,TYPE_JOB,NUMERO_BUREAU,MOBILE,MATRICULE,NUMSECUSOC,NATCONTRAT,GROUPSOC,DATERECRU,NOM,PRENOM,STATUT_EMP,DATEDEPART) values ('180','5','183','1','BENNOUI Mohamed Lamine','M.BENNOUI@laciar.com','Comptable','13','0561711115','0272','89 01 59 018 433','CDI',null,to_date('12/11/19','DD/MM/RR'),'BENNOUI','Mohamed Lamine',null,null);
Insert into C_GPI.EFFECTIF (EFF_ID,DR_ID,DEP_ID,TYPE_BUR_ID,NOM_PRENOM,USER_MAIL,TYPE_JOB,NUMERO_BUREAU,MOBILE,MATRICULE,NUMSECUSOC,NATCONTRAT,GROUPSOC,DATERECRU,NOM,PRENOM,STATUT_EMP,DATEDEPART) values ('185','3','3','1','BOUGRINE HIBA','h.bougrine@laciar.com','Juriste
(chargée des affaires juridiques)','01','0560511765 -
0560867344','0274','82 32 82 001 350','CDI',null,to_date('24/11/19','DD/MM/RR'),'BOUGRINE','HIBA',null,null);
Insert into C_GPI.EFFECTIF (EFF_ID,DR_ID,DEP_ID,TYPE_BUR_ID,NOM_PRENOM,USER_MAIL,TYPE_JOB,NUMERO_BUREAU,MOBILE,MATRICULE,NUMSECUSOC,NATCONTRAT,GROUPSOC,DATERECRU,NOM,PRENOM,STATUT_EMP,DATEDEPART) values ('721','6','191','3','DJABOU Abderrezak',null,'Agent de sécurité',null,'0561737498','0276','80 08 21 006 949','CDI',null,to_date('01/12/19','DD/MM/RR'),'DJABOU','Abderrezak',null,null);
Insert into C_GPI.EFFECTIF (EFF_ID,DR_ID,DEP_ID,TYPE_BUR_ID,NOM_PRENOM,USER_MAIL,TYPE_JOB,NUMERO_BUREAU,MOBILE,MATRICULE,NUMSECUSOC,NATCONTRAT,GROUPSOC,DATERECRU,NOM,PRENOM,STATUT_EMP,DATEDEPART) values ('225','7','8','1','SAKKI HENIA','H.sakki@laciar.com','Chef de service IARDTA (Chargée Du commercial et Du Réseau)','Bureau Commercial','0560882773','0284','72 37 11 000 958','CDI',null,to_date('16/06/20','DD/MM/RR'),'SAKKI','HENIA',null,null);
Insert into C_GPI.EFFECTIF (EFF_ID,DR_ID,DEP_ID,TYPE_BUR_ID,NOM_PRENOM,USER_MAIL,TYPE_JOB,NUMERO_BUREAU,MOBILE,MATRICULE,NUMSECUSOC,NATCONTRAT,GROUPSOC,DATERECRU,NOM,PRENOM,STATUT_EMP,DATEDEPART) values ('681','3','267','3','HAMDI Nasser',null,'Agent de sécurité',null,'0561788267','0291','70 01 55 019 446','CDI',null,to_date('04/11/20','DD/MM/RR'),'HAMDI','Nasser',null,null);
Insert into C_GPI.EFFECTIF (EFF_ID,DR_ID,DEP_ID,TYPE_BUR_ID,NOM_PRENOM,USER_MAIL,TYPE_JOB,NUMERO_BUREAU,MOBILE,MATRICULE,NUMSECUSOC,NATCONTRAT,GROUPSOC,DATERECRU,NOM,PRENOM,STATUT_EMP,DATEDEPART) values ('514','2','221','1','MOSTEFA CHAOUCHE Fazia',null,'Collaboratrice technique',null,null,'0294','68 3517 0013 54','CDI',null,to_date('03/01/21','DD/MM/RR'),'MOSTEFA CHAOUCHE','Fazia',null,null);
Insert into C_GPI.EFFECTIF (EFF_ID,DR_ID,DEP_ID,TYPE_BUR_ID,NOM_PRENOM,USER_MAIL,TYPE_JOB,NUMERO_BUREAU,MOBILE,MATRICULE,NUMSECUSOC,NATCONTRAT,GROUPSOC,DATERECRU,NOM,PRENOM,STATUT_EMP,DATEDEPART) values ('220','7','203','1','BEKHTI MOHAMED GHALI','m.bekhti@laciar.com','Agen Sinistre Matériel','Département Sinistre','0561876595','0300','77 03 80 012 252','CDI',null,to_date('02/02/21','DD/MM/RR'),'BEKHTI','MOHAMED GHALI',null,null);
Insert into C_GPI.EFFECTIF (EFF_ID,DR_ID,DEP_ID,TYPE_BUR_ID,NOM_PRENOM,USER_MAIL,TYPE_JOB,NUMERO_BUREAU,MOBILE,MATRICULE,NUMSECUSOC,NATCONTRAT,GROUPSOC,DATERECRU,NOM,PRENOM,STATUT_EMP,DATEDEPART) values ('407','1','2','1','SOUICI Islam','i.souici@laciar.com','Agent administratif','34',null,'0301','89 1113 0103 62','CDI',null,to_date('02/02/21','DD/MM/RR'),'SOUICI','Islam',null,null);
Insert into C_GPI.EFFECTIF (EFF_ID,DR_ID,DEP_ID,TYPE_BUR_ID,NOM_PRENOM,USER_MAIL,TYPE_JOB,NUMERO_BUREAU,MOBILE,MATRICULE,NUMSECUSOC,NATCONTRAT,GROUPSOC,DATERECRU,NOM,PRENOM,STATUT_EMP,DATEDEPART) values ('177','5','186','1','DEDDOUCHE Aboubaker El Sedik','A.DEDDOUCHE@laciar.com','Collaborateur de Production','12','0561991895','0303','92 00 92 049 928','CDI',null,to_date('08/02/21','DD/MM/RR'),'DEDDOUCHE','Aboubaker El Sedik',null,null);
Insert into C_GPI.EFFECTIF (EFF_ID,DR_ID,DEP_ID,TYPE_BUR_ID,NOM_PRENOM,USER_MAIL,TYPE_JOB,NUMERO_BUREAU,MOBILE,MATRICULE,NUMSECUSOC,NATCONTRAT,GROUPSOC,DATERECRU,NOM,PRENOM,STATUT_EMP,DATEDEPART) values ('12','7','200','1','LARIBI SALIH','s.laribi@laciar.com','Correspondant Informatique','Département informatique','0561676224','0308','92 00 92 051 052','CDI',null,to_date('07/03/21','DD/MM/RR'),'LARIBI','SALIH',null,null);
Insert into C_GPI.EFFECTIF (EFF_ID,DR_ID,DEP_ID,TYPE_BUR_ID,NOM_PRENOM,USER_MAIL,TYPE_JOB,NUMERO_BUREAU,MOBILE,MATRICULE,NUMSECUSOC,NATCONTRAT,GROUPSOC,DATERECRU,NOM,PRENOM,STATUT_EMP,DATEDEPART) values ('725','6','191','3','MEHENNAOUI Hichem',null,'Agent de sécurité',null,null,'0313','78 08 77 006 135','CDI',null,to_date('28/04/21','DD/MM/RR'),'MEHENNAOUI','Hichem',null,null);
Insert into C_GPI.EFFECTIF (EFF_ID,DR_ID,DEP_ID,TYPE_BUR_ID,NOM_PRENOM,USER_MAIL,TYPE_JOB,NUMERO_BUREAU,MOBILE,MATRICULE,NUMSECUSOC,NATCONTRAT,GROUPSOC,DATERECRU,NOM,PRENOM,STATUT_EMP,DATEDEPART) values ('726','6','191','3','SAHA Nadjib',null,'Agent de sécurité',null,null,'0314','80 64 68 000 443','CDI',null,to_date('28/04/21','DD/MM/RR'),'SAHA','Nadjib',null,null);
Insert into C_GPI.EFFECTIF (EFF_ID,DR_ID,DEP_ID,TYPE_BUR_ID,NOM_PRENOM,USER_MAIL,TYPE_JOB,NUMERO_BUREAU,MOBILE,MATRICULE,NUMSECUSOC,NATCONTRAT,GROUPSOC,DATERECRU,NOM,PRENOM,STATUT_EMP,DATEDEPART) values ('410','1','2','1','HENNI Mohamed','m.henni@laciar.com','Chef de Département RH','32','0561967604','0315','80 2247 0022 56','CDI',null,to_date('05/05/21','DD/MM/RR'),'HENNI','Mohamed',null,null);
Insert into C_GPI.EFFECTIF (EFF_ID,DR_ID,DEP_ID,TYPE_BUR_ID,NOM_PRENOM,USER_MAIL,TYPE_JOB,NUMERO_BUREAU,MOBILE,MATRICULE,NUMSECUSOC,NATCONTRAT,GROUPSOC,DATERECRU,NOM,PRENOM,STATUT_EMP,DATEDEPART) values ('411','1','1','1','MADANI Mekki','m.madani@laciar.com','Directeur des Indemnisations',null,null,'0316','51 0054 0024 66','CDD',null,to_date('20/05/21','DD/MM/RR'),'MADANI','Mekki',null,null);
Insert into C_GPI.EFFECTIF (EFF_ID,DR_ID,DEP_ID,TYPE_BUR_ID,NOM_PRENOM,USER_MAIL,TYPE_JOB,NUMERO_BUREAU,MOBILE,MATRICULE,NUMSECUSOC,NATCONTRAT,GROUPSOC,DATERECRU,NOM,PRENOM,STATUT_EMP,DATEDEPART) values ('414','1','171','2','HADJALI Souhila','s.hadjali@laciar.com','Directrice Adjointe Indemnisation',null,null,'0319','81 1921 0013 61','CDI',null,to_date('13/06/21','DD/MM/RR'),'HADJ ALI','Souhila',null,null);
Insert into C_GPI.EFFECTIF (EFF_ID,DR_ID,DEP_ID,TYPE_BUR_ID,NOM_PRENOM,USER_MAIL,TYPE_JOB,NUMERO_BUREAU,MOBILE,MATRICULE,NUMSECUSOC,NATCONTRAT,GROUPSOC,DATERECRU,NOM,PRENOM,STATUT_EMP,DATEDEPART) values ('752','2','303',null,null,null,'Comptable',null,'0561639118','0323','98 0056 0175 37','CDI',null,to_date('11/07/21','DD/MM/RR'),'DJENOUHAT','Mohame Zakaria',null,null);
Insert into C_GPI.EFFECTIF (EFF_ID,DR_ID,DEP_ID,TYPE_BUR_ID,NOM_PRENOM,USER_MAIL,TYPE_JOB,NUMERO_BUREAU,MOBILE,MATRICULE,NUMSECUSOC,NATCONTRAT,GROUPSOC,DATERECRU,NOM,PRENOM,STATUT_EMP,DATEDEPART) values ('713','5','263','1','BENSADA Moustafa',null,'Collaborateur Technique',null,'0561604644','0324','93 00 23 022 164','CDI',null,to_date('18/07/21','DD/MM/RR'),'BENSADA','Moustafa',null,null);
Insert into C_GPI.EFFECTIF (EFF_ID,DR_ID,DEP_ID,TYPE_BUR_ID,NOM_PRENOM,USER_MAIL,TYPE_JOB,NUMERO_BUREAU,MOBILE,MATRICULE,NUMSECUSOC,NATCONTRAT,GROUPSOC,DATERECRU,NOM,PRENOM,STATUT_EMP,DATEDEPART) values ('416','1','2','1','BENSBAA Sihem','s.bensbaa@laciar.com','Chef de Service Ressources Humaines','33','0560769051','0325','90 4932 0009 47','CDI',null,to_date('02/08/21','DD/MM/RR'),'BENSBAA (Epse RACHEDI)','Sihem',null,null);
Insert into C_GPI.EFFECTIF (EFF_ID,DR_ID,DEP_ID,TYPE_BUR_ID,NOM_PRENOM,USER_MAIL,TYPE_JOB,NUMERO_BUREAU,MOBILE,MATRICULE,NUMSECUSOC,NATCONTRAT,GROUPSOC,DATERECRU,NOM,PRENOM,STATUT_EMP,DATEDEPART) values ('701','4','10','1','BEKKIRI Melouka','m.zeddam@laciar.com','Chef dépatement Souscription (IARDT)',null,'0561982302','0329','65 71 46 000 152','CDD',null,to_date('20/09/21','DD/MM/RR'),'BEKKIRI','Melouka',null,null);
Insert into C_GPI.EFFECTIF (EFF_ID,DR_ID,DEP_ID,TYPE_BUR_ID,NOM_PRENOM,USER_MAIL,TYPE_JOB,NUMERO_BUREAU,MOBILE,MATRICULE,NUMSECUSOC,NATCONTRAT,GROUPSOC,DATERECRU,NOM,PRENOM,STATUT_EMP,DATEDEPART) values ('661','6','322','161','MELAKHESSOU Houssem Eddine',null,'Chef d''Agence','AC 8650',null,'0332','87 07 69 007 331','CDD',null,to_date('28/10/21','DD/MM/RR'),'MELAKHESSOU','Houssem Eddine',null,null);
Insert into C_GPI.EFFECTIF (EFF_ID,DR_ID,DEP_ID,TYPE_BUR_ID,NOM_PRENOM,USER_MAIL,TYPE_JOB,NUMERO_BUREAU,MOBILE,MATRICULE,NUMSECUSOC,NATCONTRAT,GROUPSOC,DATERECRU,NOM,PRENOM,STATUT_EMP,DATEDEPART) values ('523','2','266','1','BENSALEM Imad Eddine',null,'Cadre Technique',null,'0561663653','0338','98 02 15 021 555','CDI',null,to_date('01/12/21','DD/MM/RR'),'BENSALEM','Imad Eddine',null,null);
Insert into C_GPI.EFFECTIF (EFF_ID,DR_ID,DEP_ID,TYPE_BUR_ID,NOM_PRENOM,USER_MAIL,TYPE_JOB,NUMERO_BUREAU,MOBILE,MATRICULE,NUMSECUSOC,NATCONTRAT,GROUPSOC,DATERECRU,NOM,PRENOM,STATUT_EMP,DATEDEPART) values ('422','1','2','121','BRAHMI Mourad','m.brahmi@laciar.com','Chauffeur',null,'0561662512','0342','76 03 29 025 744','CDI',null,to_date('25/01/22','DD/MM/RR'),'BRAHMI','Mourad',null,null);
Insert into C_GPI.EFFECTIF (EFF_ID,DR_ID,DEP_ID,TYPE_BUR_ID,NOM_PRENOM,USER_MAIL,TYPE_JOB,NUMERO_BUREAU,MOBILE,MATRICULE,NUMSECUSOC,NATCONTRAT,GROUPSOC,DATERECRU,NOM,PRENOM,STATUT_EMP,DATEDEPART) values ('649','4','315','161','AMARA Mohammed',null,'Chef d''Agence','AC 3820',null,'0349','76 02 11 001 369','CDD',null,to_date('20/04/22','DD/MM/RR'),'AMARA','Mohammed',null,null);
Insert into C_GPI.EFFECTIF (EFF_ID,DR_ID,DEP_ID,TYPE_BUR_ID,NOM_PRENOM,USER_MAIL,TYPE_JOB,NUMERO_BUREAU,MOBILE,MATRICULE,NUMSECUSOC,NATCONTRAT,GROUPSOC,DATERECRU,NOM,PRENOM,STATUT_EMP,DATEDEPART) values ('426','1','1','1','BENDJEBBAS Bessma',null,'Assistante du PDG',null,null,'0351','87 35 49 001 739','CDI',null,to_date('08/05/22','DD/MM/RR'),'BENDJEBBAS (née TAIB)','Bessma',null,null);
Insert into C_GPI.EFFECTIF (EFF_ID,DR_ID,DEP_ID,TYPE_BUR_ID,NOM_PRENOM,USER_MAIL,TYPE_JOB,NUMERO_BUREAU,MOBILE,MATRICULE,NUMSECUSOC,NATCONTRAT,GROUPSOC,DATERECRU,NOM,PRENOM,STATUT_EMP,DATEDEPART) values ('9','1','167','2','ADEL Fethi BOUANNANI','a.bouannani@laciar.com','Développeur d''Application','17','0560810796','0352','87 09 74 007 926','CDI',null,to_date('08/05/22','DD/MM/RR'),'BOUANNANI','Adel Fethi',null,null);
Insert into C_GPI.EFFECTIF (EFF_ID,DR_ID,DEP_ID,TYPE_BUR_ID,NOM_PRENOM,USER_MAIL,TYPE_JOB,NUMERO_BUREAU,MOBILE,MATRICULE,NUMSECUSOC,NATCONTRAT,GROUPSOC,DATERECRU,NOM,PRENOM,STATUT_EMP,DATEDEPART) values ('714','5','334','161','CHETTOUH Leila',null,'Chef d''Agence','AC 5410',null,'0353','86 05 40 012 554','CDD',null,to_date('10/05/22','DD/MM/RR'),'CHETTOUH','Leila',null,null);
Insert into C_GPI.EFFECTIF (EFF_ID,DR_ID,DEP_ID,TYPE_BUR_ID,NOM_PRENOM,USER_MAIL,TYPE_JOB,NUMERO_BUREAU,MOBILE,MATRICULE,NUMSECUSOC,NATCONTRAT,GROUPSOC,DATERECRU,NOM,PRENOM,STATUT_EMP,DATEDEPART) values ('525','2','217','1','RAHALI Abdelkrim',null,'Chargé de Sinistre',null,null,'0360','86 10 41 008 941','CDD',null,to_date('03/07/22','DD/MM/RR'),'RAHALI','Abdelkrim',null,null);
Insert into C_GPI.EFFECTIF (EFF_ID,DR_ID,DEP_ID,TYPE_BUR_ID,NOM_PRENOM,USER_MAIL,TYPE_JOB,NUMERO_BUREAU,MOBILE,MATRICULE,NUMSECUSOC,NATCONTRAT,GROUPSOC,DATERECRU,NOM,PRENOM,STATUT_EMP,DATEDEPART) values ('202','3','267','1','BENNACER Abdelkader','abd.bennacer@laciar.com','Directeur Régional Est Annaba','1','0560511765','0362','62 41 34 000 165','CDD',null,to_date('24/07/22','DD/MM/RR'),'BENNACER','Abdelkader',null,null);
Insert into C_GPI.EFFECTIF (EFF_ID,DR_ID,DEP_ID,TYPE_BUR_ID,NOM_PRENOM,USER_MAIL,TYPE_JOB,NUMERO_BUREAU,MOBILE,MATRICULE,NUMSECUSOC,NATCONTRAT,GROUPSOC,DATERECRU,NOM,PRENOM,STATUT_EMP,DATEDEPART) values ('753','3','267',null,null,null,'Chauffeur',null,'0560583873','0367','61 07 65 000 854','CDI',null,to_date('14/08/22','DD/MM/RR'),'BELKACEMI','Boubakeur',null,null);
Insert into C_GPI.EFFECTIF (EFF_ID,DR_ID,DEP_ID,TYPE_BUR_ID,NOM_PRENOM,USER_MAIL,TYPE_JOB,NUMERO_BUREAU,MOBILE,MATRICULE,NUMSECUSOC,NATCONTRAT,GROUPSOC,DATERECRU,NOM,PRENOM,STATUT_EMP,DATEDEPART) values ('429','1','168','2','MASKRI Yacine','y.maskri@laciar.com','Comptable',null,null,'0374','96 02 60 019 438','CDI',null,to_date('06/09/22','DD/MM/RR'),'MASKRI','Yacine',null,null);
Insert into C_GPI.EFFECTIF (EFF_ID,DR_ID,DEP_ID,TYPE_BUR_ID,NOM_PRENOM,USER_MAIL,TYPE_JOB,NUMERO_BUREAU,MOBILE,MATRICULE,NUMSECUSOC,NATCONTRAT,GROUPSOC,DATERECRU,NOM,PRENOM,STATUT_EMP,DATEDEPART) values ('644','3','311','161','MEHDAOUI Mohamed Lakhdar',null,'Chef d''Agence','AC 7800',null,'0378','83 65 77 000 636','CDI',null,to_date('02/10/22','DD/MM/RR'),'MEHDAOUI','Mohamed Lakhdar',null,null);
Insert into C_GPI.EFFECTIF (EFF_ID,DR_ID,DEP_ID,TYPE_BUR_ID,NOM_PRENOM,USER_MAIL,TYPE_JOB,NUMERO_BUREAU,MOBILE,MATRICULE,NUMSECUSOC,NATCONTRAT,GROUPSOC,DATERECRU,NOM,PRENOM,STATUT_EMP,DATEDEPART) values ('218','3','143','1','BEGGAT Imane','i.beggat@laciar.com','chef de service corporel','03','0561793925','0384','87 13 55 005 442','CDI',null,to_date('13/11/22','DD/MM/RR'),'BEGGAT','Imane',null,null);
Insert into C_GPI.EFFECTIF (EFF_ID,DR_ID,DEP_ID,TYPE_BUR_ID,NOM_PRENOM,USER_MAIL,TYPE_JOB,NUMERO_BUREAU,MOBILE,MATRICULE,NUMSECUSOC,NATCONTRAT,GROUPSOC,DATERECRU,NOM,PRENOM,STATUT_EMP,DATEDEPART) values ('433','1','170','1','MOUMENE Yacine','y.moumene@laciar.com','Responsable Commercial et Marketing',null,null,'0386','85 02 56 027 242','CDI',null,to_date('16/11/22','DD/MM/RR'),'MOUMENE','Yacine',null,null);
Insert into C_GPI.EFFECTIF (EFF_ID,DR_ID,DEP_ID,TYPE_BUR_ID,NOM_PRENOM,USER_MAIL,TYPE_JOB,NUMERO_BUREAU,MOBILE,MATRICULE,NUMSECUSOC,NATCONTRAT,GROUPSOC,DATERECRU,NOM,PRENOM,STATUT_EMP,DATEDEPART) values ('528','2','211','1','ARAB Mohamed Billal','mb.arab@laciar.com','Aide Agent economat',null,null,'0387','79 43 39 001 246','CDI',null,to_date('23/11/22','DD/MM/RR'),'ARAB','Mohamed Billal',null,null);
Insert into C_GPI.EFFECTIF (EFF_ID,DR_ID,DEP_ID,TYPE_BUR_ID,NOM_PRENOM,USER_MAIL,TYPE_JOB,NUMERO_BUREAU,MOBILE,MATRICULE,NUMSECUSOC,NATCONTRAT,GROUPSOC,DATERECRU,NOM,PRENOM,STATUT_EMP,DATEDEPART) values ('174','5','185','1','GHRIGA Mohamed Faouzi','M.GHRIGA@laciar.com','Correspondant informatique','09','0560103621','0395','95 04 89 005 235','CDI',null,to_date('16/01/23','DD/MM/RR'),'GHRIGA','Mohamed Faouzi',null,null);
Insert into C_GPI.EFFECTIF (EFF_ID,DR_ID,DEP_ID,TYPE_BUR_ID,NOM_PRENOM,USER_MAIL,TYPE_JOB,NUMERO_BUREAU,MOBILE,MATRICULE,NUMSECUSOC,NATCONTRAT,GROUPSOC,DATERECRU,NOM,PRENOM,STATUT_EMP,DATEDEPART) values ('437','1','171','2','SITOUAH Ahmed','a.sitouah@laciar.com','Chef de Département Sinistre Auto Corporel',null,null,'0398','75 47 11 001 159','CDI',null,to_date('15/02/23','DD/MM/RR'),'SITOUAH','Ahmed',null,null);
Insert into C_GPI.EFFECTIF (EFF_ID,DR_ID,DEP_ID,TYPE_BUR_ID,NOM_PRENOM,USER_MAIL,TYPE_JOB,NUMERO_BUREAU,MOBILE,MATRICULE,NUMSECUSOC,NATCONTRAT,GROUPSOC,DATERECRU,NOM,PRENOM,STATUT_EMP,DATEDEPART) values ('443','1','2','3','BENAIDJA Slimane',null,'Agent d''Entretien',null,null,'0407','84 32 95 003 240','CDD',null,to_date('12/03/23','DD/MM/RR'),'BENAIDJA','Slimane',null,null);
Insert into C_GPI.EFFECTIF (EFF_ID,DR_ID,DEP_ID,TYPE_BUR_ID,NOM_PRENOM,USER_MAIL,TYPE_JOB,NUMERO_BUREAU,MOBILE,MATRICULE,NUMSECUSOC,NATCONTRAT,GROUPSOC,DATERECRU,NOM,PRENOM,STATUT_EMP,DATEDEPART) values ('447','1','1','1','HAFFAR Adlene','a.haffar@laciar.com','Consultant auprés du PDG',null,null,'0414','84 16 57 002 545','CDD',null,to_date('15/06/23','DD/MM/RR'),'HAFFAR','Adlene',null,null);
Insert into C_GPI.EFFECTIF (EFF_ID,DR_ID,DEP_ID,TYPE_BUR_ID,NOM_PRENOM,USER_MAIL,TYPE_JOB,NUMERO_BUREAU,MOBILE,MATRICULE,NUMSECUSOC,NATCONTRAT,GROUPSOC,DATERECRU,NOM,PRENOM,STATUT_EMP,DATEDEPART) values ('450','1','1','1','BRIGHET  Smail Yacine','sy.brighet @laciar.com','Directeur Audit','36',null,'0417','58 34 33 00 03 59','CDD',null,to_date('18/07/23','DD/MM/RR'),'BRIGHET','Smail Yacine',null,null);
Insert into C_GPI.EFFECTIF (EFF_ID,DR_ID,DEP_ID,TYPE_BUR_ID,NOM_PRENOM,USER_MAIL,TYPE_JOB,NUMERO_BUREAU,MOBILE,MATRICULE,NUMSECUSOC,NATCONTRAT,GROUPSOC,DATERECRU,NOM,PRENOM,STATUT_EMP,DATEDEPART) values ('4','1','167','1','korchi Aissa','a.korchi@laciar.com','DSI','15','0561877632','0424','75 63 24 000 255','CDI',null,to_date('17/09/23','DD/MM/RR'),'korchi','Aissa',null,null);
Insert into C_GPI.EFFECTIF (EFF_ID,DR_ID,DEP_ID,TYPE_BUR_ID,NOM_PRENOM,USER_MAIL,TYPE_JOB,NUMERO_BUREAU,MOBILE,MATRICULE,NUMSECUSOC,NATCONTRAT,GROUPSOC,DATERECRU,NOM,PRENOM,STATUT_EMP,DATEDEPART) values ('454','1','1','1','ABDI Cherif','c.abdi@laciar.com','Directeur Risque Industriel et Agricole','3',null,'0425','82 48 15 001 155','CDI',null,to_date('17/09/23','DD/MM/RR'),'ABDI','Cherif',null,null);
Insert into C_GPI.EFFECTIF (EFF_ID,DR_ID,DEP_ID,TYPE_BUR_ID,NOM_PRENOM,USER_MAIL,TYPE_JOB,NUMERO_BUREAU,MOBILE,MATRICULE,NUMSECUSOC,NATCONTRAT,GROUPSOC,DATERECRU,NOM,PRENOM,STATUT_EMP,DATEDEPART) values ('712','5','182','1','BENCHETIOUI Smail','s.benchetioui@laciar.com','Inspecteur technique',null,'0561604775','0254','88 04 78 004 635','CDI',null,to_date('16/01/19','DD/MM/RR'),'BENCHETIOUI','Smail',null,null);
Insert into C_GPI.EFFECTIF (EFF_ID,DR_ID,DEP_ID,TYPE_BUR_ID,NOM_PRENOM,USER_MAIL,TYPE_JOB,NUMERO_BUREAU,MOBILE,MATRICULE,NUMSECUSOC,NATCONTRAT,GROUPSOC,DATERECRU,NOM,PRENOM,STATUT_EMP,DATEDEPART) values ('754','6','193',null,null,null,'Chef de département juridique',null,null,'0139','79 24 37 003 742','CDI',null,to_date('01/07/12','DD/MM/RR'),'CHEBILA','Ouahiba',null,null);
REM INSERTING into C_GPI.ETAT_MATERIEL
SET DEFINE OFF;
Insert into C_GPI.ETAT_MATERIEL (ETAT_MAT_ID,ETAT_MATERIEL) values ('1','BON ETAT');
Insert into C_GPI.ETAT_MATERIEL (ETAT_MAT_ID,ETAT_MATERIEL) values ('3','MISE EN REFORME');
Insert into C_GPI.ETAT_MATERIEL (ETAT_MAT_ID,ETAT_MATERIEL) values ('4','MOYEN');
Insert into C_GPI.ETAT_MATERIEL (ETAT_MAT_ID,ETAT_MATERIEL) values ('2','EN MAINTENANCE');
REM INSERTING into C_GPI.FOURNISSEURS
SET DEFINE OFF;
Insert into C_GPI.FOURNISSEURS (FOURN_ID,NOM_ENTREPRISE,MAIL,TELEPHONE,ADRESSE) values ('1','INFORMACOM','it-adel@informacom.net','0540632641','ALGER');
Insert into C_GPI.FOURNISSEURS (FOURN_ID,NOM_ENTREPRISE,MAIL,TELEPHONE,ADRESSE) values ('2','CONTROL_IT','controlit.dz@gmail.com','ZOHIR: 0661508605 / AMIR: 0552064213','02A_Cité_des_PTT_Hydra_ALGER');
Insert into C_GPI.FOURNISSEURS (FOURN_ID,NOM_ENTREPRISE,MAIL,TELEPHONE,ADRESSE) values ('3','NEW_IDEA_COMPANY','newmedia@gmail.com','0560156929','ALGER');
Insert into C_GPI.FOURNISSEURS (FOURN_ID,NOM_ENTREPRISE,MAIL,TELEPHONE,ADRESSE) values ('4','B_LINK','bouguida@gmail.com',null,'ALGER');
Insert into C_GPI.FOURNISSEURS (FOURN_ID,NOM_ENTREPRISE,MAIL,TELEPHONE,ADRESSE) values ('5','WHITE_LINE',null,null,'51 BOULVARD OMAR IDRISS FAYSEL-AIN BENIEN');
Insert into C_GPI.FOURNISSEURS (FOURN_ID,NOM_ENTREPRISE,MAIL,TELEPHONE,ADRESSE) values ('6','ALGERIE_TELECOM',null,null,'RN N° 05 CINQ MAISON- MOHAMADIA-ALGER');
Insert into C_GPI.FOURNISSEURS (FOURN_ID,NOM_ENTREPRISE,MAIL,TELEPHONE,ADRESSE) values ('7','RTI_ALGERIE',null,null,'RUE SEMMAR LOT 03 BIR KHADEM');
Insert into C_GPI.FOURNISSEURS (FOURN_ID,NOM_ENTREPRISE,MAIL,TELEPHONE,ADRESSE) values ('8','ICOSNET',null,null,'Lot N° 01 AMARA II ROUTE DE OULED FAYET');
Insert into C_GPI.FOURNISSEURS (FOURN_ID,NOM_ENTREPRISE,MAIL,TELEPHONE,ADRESSE) values ('9','SOLTIC',null,null,'ALGER');
Insert into C_GPI.FOURNISSEURS (FOURN_ID,NOM_ENTREPRISE,MAIL,TELEPHONE,ADRESSE) values ('10','DZ-ADOBE-PARTNER',null,null,'ALGER');
Insert into C_GPI.FOURNISSEURS (FOURN_ID,NOM_ENTREPRISE,MAIL,TELEPHONE,ADRESSE) values ('140','Autre',null,null,null);
REM INSERTING into C_GPI.GPI_USERS
SET DEFINE OFF;
Insert into C_GPI.GPI_USERS (USER_ID,DR_ID,USERS_GPI,ROLE_USERS_GPI) values ('10','1','A.BEDRI','Administrator');
Insert into C_GPI.GPI_USERS (USER_ID,DR_ID,USERS_GPI,ROLE_USERS_GPI) values ('11','1','ADMIN','Administrator');
Insert into C_GPI.GPI_USERS (USER_ID,DR_ID,USERS_GPI,ROLE_USERS_GPI) values ('12','1','ADMIN_SIEGE','Administrator');
Insert into C_GPI.GPI_USERS (USER_ID,DR_ID,USERS_GPI,ROLE_USERS_GPI) values ('13','2','ADMIN_ALGER','ADMIN_DR');
Insert into C_GPI.GPI_USERS (USER_ID,DR_ID,USERS_GPI,ROLE_USERS_GPI) values ('14','3','ADMIN_ANNABA','ADMIN_DR');
Insert into C_GPI.GPI_USERS (USER_ID,DR_ID,USERS_GPI,ROLE_USERS_GPI) values ('15','4','ADMIN_ORAN','ADMIN_DR');
Insert into C_GPI.GPI_USERS (USER_ID,DR_ID,USERS_GPI,ROLE_USERS_GPI) values ('16','5','ADMIN_GHARDAIA','ADMIN_DR');
Insert into C_GPI.GPI_USERS (USER_ID,DR_ID,USERS_GPI,ROLE_USERS_GPI) values ('17','6','ADMIN_SETIF','ADMIN_DR');
Insert into C_GPI.GPI_USERS (USER_ID,DR_ID,USERS_GPI,ROLE_USERS_GPI) values ('18','7','ADMIN_BLIDA','ADMIN_DR');
Insert into C_GPI.GPI_USERS (USER_ID,DR_ID,USERS_GPI,ROLE_USERS_GPI) values ('19','8','ADMIN_DELIBRAHIM','ADMIN_DR');
Insert into C_GPI.GPI_USERS (USER_ID,DR_ID,USERS_GPI,ROLE_USERS_GPI) values ('20','1','REFCIAR','Reader');
Insert into C_GPI.GPI_USERS (USER_ID,DR_ID,USERS_GPI,ROLE_USERS_GPI) values ('32','2','TEST10','ADMIN_DR');
Insert into C_GPI.GPI_USERS (USER_ID,DR_ID,USERS_GPI,ROLE_USERS_GPI) values ('34','4','TEST30','ADMIN_DR');
Insert into C_GPI.GPI_USERS (USER_ID,DR_ID,USERS_GPI,ROLE_USERS_GPI) values ('33','3','TEST20','ADMIN_DR');
Insert into C_GPI.GPI_USERS (USER_ID,DR_ID,USERS_GPI,ROLE_USERS_GPI) values ('35','5','TEST40','ADMIN_DR');
Insert into C_GPI.GPI_USERS (USER_ID,DR_ID,USERS_GPI,ROLE_USERS_GPI) values ('36','6','TEST50','ADMIN_DR');
Insert into C_GPI.GPI_USERS (USER_ID,DR_ID,USERS_GPI,ROLE_USERS_GPI) values ('37','7','TEST60','ADMIN_DR');
Insert into C_GPI.GPI_USERS (USER_ID,DR_ID,USERS_GPI,ROLE_USERS_GPI) values ('38','8','TEST80','ADMIN_DR');
Insert into C_GPI.GPI_USERS (USER_ID,DR_ID,USERS_GPI,ROLE_USERS_GPI) values ('50','1','ADMIN_RH','Administrator');
REM INSERTING into C_GPI.LOGICIELS
SET DEFINE OFF;
Insert into C_GPI.LOGICIELS (LOG_ID,FOURN_ID,NOM_LOGICIEL,DATE_ACTIVATION,DATE_EXPIRATION,COUT_LOGICIEL_DA) values ('1','2','WINDOWS10_PRO',null,null,null);
Insert into C_GPI.LOGICIELS (LOG_ID,FOURN_ID,NOM_LOGICIEL,DATE_ACTIVATION,DATE_EXPIRATION,COUT_LOGICIEL_DA) values ('2','2','Office365',null,null,null);
Insert into C_GPI.LOGICIELS (LOG_ID,FOURN_ID,NOM_LOGICIEL,DATE_ACTIVATION,DATE_EXPIRATION,COUT_LOGICIEL_DA) values ('3','9','Antivirus Symantec',null,null,null);
Insert into C_GPI.LOGICIELS (LOG_ID,FOURN_ID,NOM_LOGICIEL,DATE_ACTIVATION,DATE_EXPIRATION,COUT_LOGICIEL_DA) values ('4','10','ADOBE PRO (01 Licence pour 01 poste seulement )',to_date('01/12/23','DD/MM/RR'),to_date('01/12/24','DD/MM/RR'),null);
REM INSERTING into C_GPI.MATERIEL
SET DEFINE OFF;
Insert into C_GPI.MATERIEL (MAT_ID,FOURN_ID,ETAT_MAT_ID,EFF_ID,DR_ID,DEP_ID,TYPE_BUR_ID,TYPE_MATERIEL,MARQUE,MODEL_REFERENCE,NUM_INVENTAIRE,REF_TAG,MAT_NUM_BUR,DATE_ACHAT_MAT,COUT_MATERIEL_DA,OBSERVATIONS) values ('1','2','1','1','1','167','1','LAPTOP','DELL','DELL LATITUDE 5420 (i5)','013475','FXW46J3','08',to_date('02/01/22','DD/MM/RR'),null,null);
Insert into C_GPI.MATERIEL (MAT_ID,FOURN_ID,ETAT_MAT_ID,EFF_ID,DR_ID,DEP_ID,TYPE_BUR_ID,TYPE_MATERIEL,MARQUE,MODEL_REFERENCE,NUM_INVENTAIRE,REF_TAG,MAT_NUM_BUR,DATE_ACHAT_MAT,COUT_MATERIEL_DA,OBSERVATIONS) values ('2','2','1','2','1','167','1','LAPTOP','DELL','DELL LATITUDE 5420 (i5)','013587','JFB46J3','08',to_date('01/01/22','DD/MM/RR'),null,null);
Insert into C_GPI.MATERIEL (MAT_ID,FOURN_ID,ETAT_MAT_ID,EFF_ID,DR_ID,DEP_ID,TYPE_BUR_ID,TYPE_MATERIEL,MARQUE,MODEL_REFERENCE,NUM_INVENTAIRE,REF_TAG,MAT_NUM_BUR,DATE_ACHAT_MAT,COUT_MATERIEL_DA,OBSERVATIONS) values ('3','2','1','3','1','167','1','LAPTOP','DELL','DELL LATITUDE 5420 (i5)','013474','57C66J3','08',to_date('01/01/22','DD/MM/RR'),null,null);
Insert into C_GPI.MATERIEL (MAT_ID,FOURN_ID,ETAT_MAT_ID,EFF_ID,DR_ID,DEP_ID,TYPE_BUR_ID,TYPE_MATERIEL,MARQUE,MODEL_REFERENCE,NUM_INVENTAIRE,REF_TAG,MAT_NUM_BUR,DATE_ACHAT_MAT,COUT_MATERIEL_DA,OBSERVATIONS) values ('205','140','1','184','3','142','1','Desktop',null,'hp','manque','manque','02',to_date('01/08/23','DD/MM/RR'),null,null);
Insert into C_GPI.MATERIEL (MAT_ID,FOURN_ID,ETAT_MAT_ID,EFF_ID,DR_ID,DEP_ID,TYPE_BUR_ID,TYPE_MATERIEL,MARQUE,MODEL_REFERENCE,NUM_INVENTAIRE,REF_TAG,MAT_NUM_BUR,DATE_ACHAT_MAT,COUT_MATERIEL_DA,OBSERVATIONS) values ('103','2','1','105','7','200','1','LAPTOP','DELL','DELL Latitude E5570 (i5)','009453','FB7XBG2','Département Informatique',to_date('01/01/17','DD/MM/RR'),null,null);
Insert into C_GPI.MATERIEL (MAT_ID,FOURN_ID,ETAT_MAT_ID,EFF_ID,DR_ID,DEP_ID,TYPE_BUR_ID,TYPE_MATERIEL,MARQUE,MODEL_REFERENCE,NUM_INVENTAIRE,REF_TAG,MAT_NUM_BUR,DATE_ACHAT_MAT,COUT_MATERIEL_DA,OBSERVATIONS) values ('203','140','4','183','3','142','1','Desktop',null,'dell/optiplex3070/intel core i3 /9generation','013368','BRKCS23','01',to_date('01/08/22','DD/MM/RR'),null,'Manque un DISQUE SSD pour une bonne performance.');
Insert into C_GPI.MATERIEL (MAT_ID,FOURN_ID,ETAT_MAT_ID,EFF_ID,DR_ID,DEP_ID,TYPE_BUR_ID,TYPE_MATERIEL,MARQUE,MODEL_REFERENCE,NUM_INVENTAIRE,REF_TAG,MAT_NUM_BUR,DATE_ACHAT_MAT,COUT_MATERIEL_DA,OBSERVATIONS) values ('204','140','4','183','3','142','1','imprimante laser',null,'simens mf4010 canon','005067',null,'01',to_date('01/01/10','DD/MM/RR'),null,'scanner ça fonctionne pas');
Insert into C_GPI.MATERIEL (MAT_ID,FOURN_ID,ETAT_MAT_ID,EFF_ID,DR_ID,DEP_ID,TYPE_BUR_ID,TYPE_MATERIEL,MARQUE,MODEL_REFERENCE,NUM_INVENTAIRE,REF_TAG,MAT_NUM_BUR,DATE_ACHAT_MAT,COUT_MATERIEL_DA,OBSERVATIONS) values ('206','140','1','185','3','3','1','imprimante',null,'canon 3010','009380',null,'01',to_date('01/01/20','DD/MM/RR'),null,null);
Insert into C_GPI.MATERIEL (MAT_ID,FOURN_ID,ETAT_MAT_ID,EFF_ID,DR_ID,DEP_ID,TYPE_BUR_ID,TYPE_MATERIEL,MARQUE,MODEL_REFERENCE,NUM_INVENTAIRE,REF_TAG,MAT_NUM_BUR,DATE_ACHAT_MAT,COUT_MATERIEL_DA,OBSERVATIONS) values ('151','2','1','1','1','167','1','Imprimante','CANON','CANON LBP6030 (noir)',null,null,'10',null,null,'Imprimante Partagée');
Insert into C_GPI.MATERIEL (MAT_ID,FOURN_ID,ETAT_MAT_ID,EFF_ID,DR_ID,DEP_ID,TYPE_BUR_ID,TYPE_MATERIEL,MARQUE,MODEL_REFERENCE,NUM_INVENTAIRE,REF_TAG,MAT_NUM_BUR,DATE_ACHAT_MAT,COUT_MATERIEL_DA,OBSERVATIONS) values ('154','2','1','166','7','200','1','Laptop',null,'DELL Latitude 5590 (i5)','006695','4ZSJST2','Département Informatique',null,null,null);
Insert into C_GPI.MATERIEL (MAT_ID,FOURN_ID,ETAT_MAT_ID,EFF_ID,DR_ID,DEP_ID,TYPE_BUR_ID,TYPE_MATERIEL,MARQUE,MODEL_REFERENCE,NUM_INVENTAIRE,REF_TAG,MAT_NUM_BUR,DATE_ACHAT_MAT,COUT_MATERIEL_DA,OBSERVATIONS) values ('156','140','1','168','3','4','1','laptop',null,'dell','010799','207Y3L2','01',to_date('01/01/20','DD/MM/RR'),null,null);
Insert into C_GPI.MATERIEL (MAT_ID,FOURN_ID,ETAT_MAT_ID,EFF_ID,DR_ID,DEP_ID,TYPE_BUR_ID,TYPE_MATERIEL,MARQUE,MODEL_REFERENCE,NUM_INVENTAIRE,REF_TAG,MAT_NUM_BUR,DATE_ACHAT_MAT,COUT_MATERIEL_DA,OBSERVATIONS) values ('155','2','4','13','4','179','1','Pc Portable',null,'Lenovo G580','007011','WB09546639','i',null,null,null);
Insert into C_GPI.MATERIEL (MAT_ID,FOURN_ID,ETAT_MAT_ID,EFF_ID,DR_ID,DEP_ID,TYPE_BUR_ID,TYPE_MATERIEL,MARQUE,MODEL_REFERENCE,NUM_INVENTAIRE,REF_TAG,MAT_NUM_BUR,DATE_ACHAT_MAT,COUT_MATERIEL_DA,OBSERVATIONS) values ('157','140','4','169','3','4','1','laptop',null,'DELL','010803','OBS','02',to_date('01/01/20','DD/MM/RR'),null,null);
Insert into C_GPI.MATERIEL (MAT_ID,FOURN_ID,ETAT_MAT_ID,EFF_ID,DR_ID,DEP_ID,TYPE_BUR_ID,TYPE_MATERIEL,MARQUE,MODEL_REFERENCE,NUM_INVENTAIRE,REF_TAG,MAT_NUM_BUR,DATE_ACHAT_MAT,COUT_MATERIEL_DA,OBSERVATIONS) values ('158','140','1','168','3','4','1','imprimante',null,'canon mf3010','pas de numéro','rien','01',to_date('01/08/23','DD/MM/RR'),null,null);
Insert into C_GPI.MATERIEL (MAT_ID,FOURN_ID,ETAT_MAT_ID,EFF_ID,DR_ID,DEP_ID,TYPE_BUR_ID,TYPE_MATERIEL,MARQUE,MODEL_REFERENCE,NUM_INVENTAIRE,REF_TAG,MAT_NUM_BUR,DATE_ACHAT_MAT,COUT_MATERIEL_DA,OBSERVATIONS) values ('159','140','1','168','3','4','1','onduleur',null,'nitram','pas de numéro','pas de num tag','01',to_date('01/01/21','DD/MM/RR'),null,null);
Insert into C_GPI.MATERIEL (MAT_ID,FOURN_ID,ETAT_MAT_ID,EFF_ID,DR_ID,DEP_ID,TYPE_BUR_ID,TYPE_MATERIEL,MARQUE,MODEL_REFERENCE,NUM_INVENTAIRE,REF_TAG,MAT_NUM_BUR,DATE_ACHAT_MAT,COUT_MATERIEL_DA,OBSERVATIONS) values ('201','140','4','170','3','4','1','laptop',null,'dell E5510','005386',null,'03',to_date('01/01/11','DD/MM/RR'),null,null);
Insert into C_GPI.MATERIEL (MAT_ID,FOURN_ID,ETAT_MAT_ID,EFF_ID,DR_ID,DEP_ID,TYPE_BUR_ID,TYPE_MATERIEL,MARQUE,MODEL_REFERENCE,NUM_INVENTAIRE,REF_TAG,MAT_NUM_BUR,DATE_ACHAT_MAT,COUT_MATERIEL_DA,OBSERVATIONS) values ('202','140','4','170','3','4','1','pc bureau',null,'HP n CZC6297ZMP','009437',null,'03',to_date('01/01/19','DD/MM/RR'),null,null);
Insert into C_GPI.MATERIEL (MAT_ID,FOURN_ID,ETAT_MAT_ID,EFF_ID,DR_ID,DEP_ID,TYPE_BUR_ID,TYPE_MATERIEL,MARQUE,MODEL_REFERENCE,NUM_INVENTAIRE,REF_TAG,MAT_NUM_BUR,DATE_ACHAT_MAT,COUT_MATERIEL_DA,OBSERVATIONS) values ('220','2','1','198','7','202','2','Desktop',null,'OptiPlex 3050 CPU (i3)','012138','1yxkdn2','Département Production',null,null,null);
Insert into C_GPI.MATERIEL (MAT_ID,FOURN_ID,ETAT_MAT_ID,EFF_ID,DR_ID,DEP_ID,TYPE_BUR_ID,TYPE_MATERIEL,MARQUE,MODEL_REFERENCE,NUM_INVENTAIRE,REF_TAG,MAT_NUM_BUR,DATE_ACHAT_MAT,COUT_MATERIEL_DA,OBSERVATIONS) values ('221','2','1','198','7','250','2','Écran',null,'DELL 21 Pouces','012150','jwqsjv2','Département production',null,null,null);
Insert into C_GPI.MATERIEL (MAT_ID,FOURN_ID,ETAT_MAT_ID,EFF_ID,DR_ID,DEP_ID,TYPE_BUR_ID,TYPE_MATERIEL,MARQUE,MODEL_REFERENCE,NUM_INVENTAIRE,REF_TAG,MAT_NUM_BUR,DATE_ACHAT_MAT,COUT_MATERIEL_DA,OBSERVATIONS) values ('222','2','4','198','7','202','2','Imprimante',null,'HP laser jet P1005','003989',null,'Département Production',null,null,'Imprimante Fonctionnement dégradé');
Insert into C_GPI.MATERIEL (MAT_ID,FOURN_ID,ETAT_MAT_ID,EFF_ID,DR_ID,DEP_ID,TYPE_BUR_ID,TYPE_MATERIEL,MARQUE,MODEL_REFERENCE,NUM_INVENTAIRE,REF_TAG,MAT_NUM_BUR,DATE_ACHAT_MAT,COUT_MATERIEL_DA,OBSERVATIONS) values ('223','2','1','206','7','203','2','Desktop',null,'DELL Optiplex 3050','012132','7c1kgm2','Département Sinistre',null,null,null);
Insert into C_GPI.MATERIEL (MAT_ID,FOURN_ID,ETAT_MAT_ID,EFF_ID,DR_ID,DEP_ID,TYPE_BUR_ID,TYPE_MATERIEL,MARQUE,MODEL_REFERENCE,NUM_INVENTAIRE,REF_TAG,MAT_NUM_BUR,DATE_ACHAT_MAT,COUT_MATERIEL_DA,OBSERVATIONS) values ('224','2','1','206','7','203','2','Écran',null,'DELL 21 Pouces','012149','1xqsjv2','Département Sinistre',null,null,null);
Insert into C_GPI.MATERIEL (MAT_ID,FOURN_ID,ETAT_MAT_ID,EFF_ID,DR_ID,DEP_ID,TYPE_BUR_ID,TYPE_MATERIEL,MARQUE,MODEL_REFERENCE,NUM_INVENTAIRE,REF_TAG,MAT_NUM_BUR,DATE_ACHAT_MAT,COUT_MATERIEL_DA,OBSERVATIONS) values ('225','2','1','220','7','203','2','Desktop',null,'DELL OptiPlex 3070 CPU (i3)','012514','736GN33','Département Sinistre',null,null,null);
Insert into C_GPI.MATERIEL (MAT_ID,FOURN_ID,ETAT_MAT_ID,EFF_ID,DR_ID,DEP_ID,TYPE_BUR_ID,TYPE_MATERIEL,MARQUE,MODEL_REFERENCE,NUM_INVENTAIRE,REF_TAG,MAT_NUM_BUR,DATE_ACHAT_MAT,COUT_MATERIEL_DA,OBSERVATIONS) values ('226','2','1','220','7','203','2','Écran',null,'DELL 21 Pouces','012961','JGHKLM2','Département Sinistre',null,null,null);
Insert into C_GPI.MATERIEL (MAT_ID,FOURN_ID,ETAT_MAT_ID,EFF_ID,DR_ID,DEP_ID,TYPE_BUR_ID,TYPE_MATERIEL,MARQUE,MODEL_REFERENCE,NUM_INVENTAIRE,REF_TAG,MAT_NUM_BUR,DATE_ACHAT_MAT,COUT_MATERIEL_DA,OBSERVATIONS) values ('227','2','4','212','7','203','2','Desktop',null,'Relisys CPU G2030','007941',null,'Département Sinistre',null,null,'Unité central Fonctionnement dégradé');
Insert into C_GPI.MATERIEL (MAT_ID,FOURN_ID,ETAT_MAT_ID,EFF_ID,DR_ID,DEP_ID,TYPE_BUR_ID,TYPE_MATERIEL,MARQUE,MODEL_REFERENCE,NUM_INVENTAIRE,REF_TAG,MAT_NUM_BUR,DATE_ACHAT_MAT,COUT_MATERIEL_DA,OBSERVATIONS) values ('228','2','4','212','7','203','2','Écran',null,'Packard bell Viseo 193 dx','007940',null,'Département Sinistre',null,null,'Écran fonctionnement Dégradé');
Insert into C_GPI.MATERIEL (MAT_ID,FOURN_ID,ETAT_MAT_ID,EFF_ID,DR_ID,DEP_ID,TYPE_BUR_ID,TYPE_MATERIEL,MARQUE,MODEL_REFERENCE,NUM_INVENTAIRE,REF_TAG,MAT_NUM_BUR,DATE_ACHAT_MAT,COUT_MATERIEL_DA,OBSERVATIONS) values ('229','2','4','215','7','203','2','Desktop',null,'ASUS CPU (i3)','012964',null,'Département Sinistre',null,null,null);
Insert into C_GPI.MATERIEL (MAT_ID,FOURN_ID,ETAT_MAT_ID,EFF_ID,DR_ID,DEP_ID,TYPE_BUR_ID,TYPE_MATERIEL,MARQUE,MODEL_REFERENCE,NUM_INVENTAIRE,REF_TAG,MAT_NUM_BUR,DATE_ACHAT_MAT,COUT_MATERIEL_DA,OBSERVATIONS) values ('230','2','4','215','7','203','2','Écran',null,'AOC 19 Pouces','007923',null,'Département Sinistre',null,null,null);
Insert into C_GPI.MATERIEL (MAT_ID,FOURN_ID,ETAT_MAT_ID,EFF_ID,DR_ID,DEP_ID,TYPE_BUR_ID,TYPE_MATERIEL,MARQUE,MODEL_REFERENCE,NUM_INVENTAIRE,REF_TAG,MAT_NUM_BUR,DATE_ACHAT_MAT,COUT_MATERIEL_DA,OBSERVATIONS) values ('231','2','4','245','7','203','2','Laptop',null,'Dell Inspiron 3542','008740','HPKOF32','Département Sinistre',null,null,null);
Insert into C_GPI.MATERIEL (MAT_ID,FOURN_ID,ETAT_MAT_ID,EFF_ID,DR_ID,DEP_ID,TYPE_BUR_ID,TYPE_MATERIEL,MARQUE,MODEL_REFERENCE,NUM_INVENTAIRE,REF_TAG,MAT_NUM_BUR,DATE_ACHAT_MAT,COUT_MATERIEL_DA,OBSERVATIONS) values ('232','2','1','225','7','8','2','Desktop',null,'Platinum CPU (i3)','012957',null,'Bureau commercial et réseau',null,null,null);
Insert into C_GPI.MATERIEL (MAT_ID,FOURN_ID,ETAT_MAT_ID,EFF_ID,DR_ID,DEP_ID,TYPE_BUR_ID,TYPE_MATERIEL,MARQUE,MODEL_REFERENCE,NUM_INVENTAIRE,REF_TAG,MAT_NUM_BUR,DATE_ACHAT_MAT,COUT_MATERIEL_DA,OBSERVATIONS) values ('233','2','1','225','7','8','2','Écran',null,'HP  lv2011','012963',null,'Bureau commercial et réseau',null,null,null);
Insert into C_GPI.MATERIEL (MAT_ID,FOURN_ID,ETAT_MAT_ID,EFF_ID,DR_ID,DEP_ID,TYPE_BUR_ID,TYPE_MATERIEL,MARQUE,MODEL_REFERENCE,NUM_INVENTAIRE,REF_TAG,MAT_NUM_BUR,DATE_ACHAT_MAT,COUT_MATERIEL_DA,OBSERVATIONS) values ('234','2','4','225','7','8','2','Imprimante',null,'Canon LBP 6020','006700',null,'Bureau commercial et réseau',null,null,null);
Insert into C_GPI.MATERIEL (MAT_ID,FOURN_ID,ETAT_MAT_ID,EFF_ID,DR_ID,DEP_ID,TYPE_BUR_ID,TYPE_MATERIEL,MARQUE,MODEL_REFERENCE,NUM_INVENTAIRE,REF_TAG,MAT_NUM_BUR,DATE_ACHAT_MAT,COUT_MATERIEL_DA,OBSERVATIONS) values ('235','2','4','217','7','203','2','Desktop',null,'ASUS CPU (i3)','013443',null,'Département sinistre',null,null,'Unité centrale Fonctionnement Dégradé');
Insert into C_GPI.MATERIEL (MAT_ID,FOURN_ID,ETAT_MAT_ID,EFF_ID,DR_ID,DEP_ID,TYPE_BUR_ID,TYPE_MATERIEL,MARQUE,MODEL_REFERENCE,NUM_INVENTAIRE,REF_TAG,MAT_NUM_BUR,DATE_ACHAT_MAT,COUT_MATERIEL_DA,OBSERVATIONS) values ('236','2','4','217','7','203','2','Écran',null,'Pilot P190','013442',null,'Département Sinistre',null,null,null);
Insert into C_GPI.MATERIEL (MAT_ID,FOURN_ID,ETAT_MAT_ID,EFF_ID,DR_ID,DEP_ID,TYPE_BUR_ID,TYPE_MATERIEL,MARQUE,MODEL_REFERENCE,NUM_INVENTAIRE,REF_TAG,MAT_NUM_BUR,DATE_ACHAT_MAT,COUT_MATERIEL_DA,OBSERVATIONS) values ('251','140','4','251','5','187','1','Desktop',null,'DELL-Optiplex 3050','011104','SBSX5L2','07',to_date('02/02/20','DD/MM/RR'),null,null);
Insert into C_GPI.MATERIEL (MAT_ID,FOURN_ID,ETAT_MAT_ID,EFF_ID,DR_ID,DEP_ID,TYPE_BUR_ID,TYPE_MATERIEL,MARQUE,MODEL_REFERENCE,NUM_INVENTAIRE,REF_TAG,MAT_NUM_BUR,DATE_ACHAT_MAT,COUT_MATERIEL_DA,OBSERVATIONS) values ('252','140','3','251','5','187','1','Ecran',null,'Acer 15''''','002289','AL1716F','07',null,null,null);
Insert into C_GPI.MATERIEL (MAT_ID,FOURN_ID,ETAT_MAT_ID,EFF_ID,DR_ID,DEP_ID,TYPE_BUR_ID,TYPE_MATERIEL,MARQUE,MODEL_REFERENCE,NUM_INVENTAIRE,REF_TAG,MAT_NUM_BUR,DATE_ACHAT_MAT,COUT_MATERIEL_DA,OBSERVATIONS) values ('253','140','4','251','5','187','1','Imprimante.',null,'Canon i-SENSYS LBP 6000','006644','F158200','07',null,null,null);
Insert into C_GPI.MATERIEL (MAT_ID,FOURN_ID,ETAT_MAT_ID,EFF_ID,DR_ID,DEP_ID,TYPE_BUR_ID,TYPE_MATERIEL,MARQUE,MODEL_REFERENCE,NUM_INVENTAIRE,REF_TAG,MAT_NUM_BUR,DATE_ACHAT_MAT,COUT_MATERIEL_DA,OBSERVATIONS) values ('254','140','4','254','5','187','1','Desktop.',null,'HP 280-G1MT','009447','J7V61AV','07',null,null,null);
Insert into C_GPI.MATERIEL (MAT_ID,FOURN_ID,ETAT_MAT_ID,EFF_ID,DR_ID,DEP_ID,TYPE_BUR_ID,TYPE_MATERIEL,MARQUE,MODEL_REFERENCE,NUM_INVENTAIRE,REF_TAG,MAT_NUM_BUR,DATE_ACHAT_MAT,COUT_MATERIEL_DA,OBSERVATIONS) values ('255','140','4','254','5','187','1','ECRAN',null,'AOC','008455','HPYEA008168','07',null,null,null);
Insert into C_GPI.MATERIEL (MAT_ID,FOURN_ID,ETAT_MAT_ID,EFF_ID,DR_ID,DEP_ID,TYPE_BUR_ID,TYPE_MATERIEL,MARQUE,MODEL_REFERENCE,NUM_INVENTAIRE,REF_TAG,MAT_NUM_BUR,DATE_ACHAT_MAT,COUT_MATERIEL_DA,OBSERVATIONS) values ('256','140','4','254','5','187','1','Imprimante',null,'Canon i-SENSYS LBP 2900','002186','0.4AC163','07',null,null,null);
Insert into C_GPI.MATERIEL (MAT_ID,FOURN_ID,ETAT_MAT_ID,EFF_ID,DR_ID,DEP_ID,TYPE_BUR_ID,TYPE_MATERIEL,MARQUE,MODEL_REFERENCE,NUM_INVENTAIRE,REF_TAG,MAT_NUM_BUR,DATE_ACHAT_MAT,COUT_MATERIEL_DA,OBSERVATIONS) values ('257','140','4','172','5','187','1','Desktop',null,'Dell - Optiplex 3050','011116','3KSX5L2','06',to_date('02/02/20','DD/MM/RR'),null,null);
Insert into C_GPI.MATERIEL (MAT_ID,FOURN_ID,ETAT_MAT_ID,EFF_ID,DR_ID,DEP_ID,TYPE_BUR_ID,TYPE_MATERIEL,MARQUE,MODEL_REFERENCE,NUM_INVENTAIRE,REF_TAG,MAT_NUM_BUR,DATE_ACHAT_MAT,COUT_MATERIEL_DA,OBSERVATIONS) values ('258','140','4','172','5','258','1','ECRAN',null,'DELL','010966','9D9JD52','06',null,null,null);
Insert into C_GPI.MATERIEL (MAT_ID,FOURN_ID,ETAT_MAT_ID,EFF_ID,DR_ID,DEP_ID,TYPE_BUR_ID,TYPE_MATERIEL,MARQUE,MODEL_REFERENCE,NUM_INVENTAIRE,REF_TAG,MAT_NUM_BUR,DATE_ACHAT_MAT,COUT_MATERIEL_DA,OBSERVATIONS) values ('259','140','4','172','5','258','1','Imprimante.',null,'HP - LaserJet P1005','004383','CB410A','06',null,null,null);
Insert into C_GPI.MATERIEL (MAT_ID,FOURN_ID,ETAT_MAT_ID,EFF_ID,DR_ID,DEP_ID,TYPE_BUR_ID,TYPE_MATERIEL,MARQUE,MODEL_REFERENCE,NUM_INVENTAIRE,REF_TAG,MAT_NUM_BUR,DATE_ACHAT_MAT,COUT_MATERIEL_DA,OBSERVATIONS) values ('4','2','4','12','7','200','1','Laptop','DELL','DELL Inspiron 3542','008105','28SD512','08',null,null,null);
Insert into C_GPI.MATERIEL (MAT_ID,FOURN_ID,ETAT_MAT_ID,EFF_ID,DR_ID,DEP_ID,TYPE_BUR_ID,TYPE_MATERIEL,MARQUE,MODEL_REFERENCE,NUM_INVENTAIRE,REF_TAG,MAT_NUM_BUR,DATE_ACHAT_MAT,COUT_MATERIEL_DA,OBSERVATIONS) values ('207','2','4','188','7','200','1','Laptop',null,'DELL latitude E5510 (i3)','005383','7LSPRP1','Département Informatique',null,null,null);
Insert into C_GPI.MATERIEL (MAT_ID,FOURN_ID,ETAT_MAT_ID,EFF_ID,DR_ID,DEP_ID,TYPE_BUR_ID,TYPE_MATERIEL,MARQUE,MODEL_REFERENCE,NUM_INVENTAIRE,REF_TAG,MAT_NUM_BUR,DATE_ACHAT_MAT,COUT_MATERIEL_DA,OBSERVATIONS) values ('6','2','1','1','1','167','1','ECRAN','DELL','DELL','013589',null,'08',to_date('01/01/22','DD/MM/RR'),null,null);
Insert into C_GPI.MATERIEL (MAT_ID,FOURN_ID,ETAT_MAT_ID,EFF_ID,DR_ID,DEP_ID,TYPE_BUR_ID,TYPE_MATERIEL,MARQUE,MODEL_REFERENCE,NUM_INVENTAIRE,REF_TAG,MAT_NUM_BUR,DATE_ACHAT_MAT,COUT_MATERIEL_DA,OBSERVATIONS) values ('7','2','1','2','1','167','1','ECRAN','DELL','DELL','013588',null,'08',to_date('01/01/22','DD/MM/RR'),null,null);
Insert into C_GPI.MATERIEL (MAT_ID,FOURN_ID,ETAT_MAT_ID,EFF_ID,DR_ID,DEP_ID,TYPE_BUR_ID,TYPE_MATERIEL,MARQUE,MODEL_REFERENCE,NUM_INVENTAIRE,REF_TAG,MAT_NUM_BUR,DATE_ACHAT_MAT,COUT_MATERIEL_DA,OBSERVATIONS) values ('8','2','1','3','1','167','1','ECRAN','DELL','DELL','013590',null,'08',to_date('01/01/22','DD/MM/RR'),null,null);
Insert into C_GPI.MATERIEL (MAT_ID,FOURN_ID,ETAT_MAT_ID,EFF_ID,DR_ID,DEP_ID,TYPE_BUR_ID,TYPE_MATERIEL,MARQUE,MODEL_REFERENCE,NUM_INVENTAIRE,REF_TAG,MAT_NUM_BUR,DATE_ACHAT_MAT,COUT_MATERIEL_DA,OBSERVATIONS) values ('208','2','1','226','7','197','1','Desktop',null,'Asus Cpu : intel cor de Duo E7200 (2Gb RAM)','010164',null,'Bureau Moyen Généraux',null,null,null);
Insert into C_GPI.MATERIEL (MAT_ID,FOURN_ID,ETAT_MAT_ID,EFF_ID,DR_ID,DEP_ID,TYPE_BUR_ID,TYPE_MATERIEL,MARQUE,MODEL_REFERENCE,NUM_INVENTAIRE,REF_TAG,MAT_NUM_BUR,DATE_ACHAT_MAT,COUT_MATERIEL_DA,OBSERVATIONS) values ('209','2','1','226','7','197','1','Écran',null,'INC 19 Pouces','12965',null,'Bureau Moyen Généraux',null,null,null);
Insert into C_GPI.MATERIEL (MAT_ID,FOURN_ID,ETAT_MAT_ID,EFF_ID,DR_ID,DEP_ID,TYPE_BUR_ID,TYPE_MATERIEL,MARQUE,MODEL_REFERENCE,NUM_INVENTAIRE,REF_TAG,MAT_NUM_BUR,DATE_ACHAT_MAT,COUT_MATERIEL_DA,OBSERVATIONS) values ('210','2','4','226','7','197','1','Imprimante',null,'Canon LBP 2900','003710',null,'Bureau Moyen Généraux',null,null,null);
Insert into C_GPI.MATERIEL (MAT_ID,FOURN_ID,ETAT_MAT_ID,EFF_ID,DR_ID,DEP_ID,TYPE_BUR_ID,TYPE_MATERIEL,MARQUE,MODEL_REFERENCE,NUM_INVENTAIRE,REF_TAG,MAT_NUM_BUR,DATE_ACHAT_MAT,COUT_MATERIEL_DA,OBSERVATIONS) values ('211','2','4','736','7','202','2','Desktop',null,'Relisys CPU i3 3220 RAM (4gb)','008426',null,'Département Production',null,null,null);
Insert into C_GPI.MATERIEL (MAT_ID,FOURN_ID,ETAT_MAT_ID,EFF_ID,DR_ID,DEP_ID,TYPE_BUR_ID,TYPE_MATERIEL,MARQUE,MODEL_REFERENCE,NUM_INVENTAIRE,REF_TAG,MAT_NUM_BUR,DATE_ACHAT_MAT,COUT_MATERIEL_DA,OBSERVATIONS) values ('212','2','1','736','7','202','2','Écran',null,'Benq 21 pouces','010484',null,'Département Production',null,null,null);
Insert into C_GPI.MATERIEL (MAT_ID,FOURN_ID,ETAT_MAT_ID,EFF_ID,DR_ID,DEP_ID,TYPE_BUR_ID,TYPE_MATERIEL,MARQUE,MODEL_REFERENCE,NUM_INVENTAIRE,REF_TAG,MAT_NUM_BUR,DATE_ACHAT_MAT,COUT_MATERIEL_DA,OBSERVATIONS) values ('213','2','4','736','7','202','2','Imprimante',null,'HP Laser jet P1005','003744',null,'Département Production',null,null,'Imprimante Fonctionnement dégradé.');
Insert into C_GPI.MATERIEL (MAT_ID,FOURN_ID,ETAT_MAT_ID,EFF_ID,DR_ID,DEP_ID,TYPE_BUR_ID,TYPE_MATERIEL,MARQUE,MODEL_REFERENCE,NUM_INVENTAIRE,REF_TAG,MAT_NUM_BUR,DATE_ACHAT_MAT,COUT_MATERIEL_DA,OBSERVATIONS) values ('214','2','4','195','7','202','2','Desktop',null,'Relisys CPU G2030 RAM (4gb)','12955',null,null,null,null,null);
Insert into C_GPI.MATERIEL (MAT_ID,FOURN_ID,ETAT_MAT_ID,EFF_ID,DR_ID,DEP_ID,TYPE_BUR_ID,TYPE_MATERIEL,MARQUE,MODEL_REFERENCE,NUM_INVENTAIRE,REF_TAG,MAT_NUM_BUR,DATE_ACHAT_MAT,COUT_MATERIEL_DA,OBSERVATIONS) values ('215','2','4','195','7','202','2','Écran',null,'Viseo A93DX','007927',null,'Département Production',null,null,'Écran Fonctionnement dégradé');
Insert into C_GPI.MATERIEL (MAT_ID,FOURN_ID,ETAT_MAT_ID,EFF_ID,DR_ID,DEP_ID,TYPE_BUR_ID,TYPE_MATERIEL,MARQUE,MODEL_REFERENCE,NUM_INVENTAIRE,REF_TAG,MAT_NUM_BUR,DATE_ACHAT_MAT,COUT_MATERIEL_DA,OBSERVATIONS) values ('216','2','4','195','7','202','2','Imprimante',null,'Canon LBP 2900','003772',null,'Département Production',null,null,null);
Insert into C_GPI.MATERIEL (MAT_ID,FOURN_ID,ETAT_MAT_ID,EFF_ID,DR_ID,DEP_ID,TYPE_BUR_ID,TYPE_MATERIEL,MARQUE,MODEL_REFERENCE,NUM_INVENTAIRE,REF_TAG,MAT_NUM_BUR,DATE_ACHAT_MAT,COUT_MATERIEL_DA,OBSERVATIONS) values ('217','2','1','192','7','202','2','Desktop',null,'Dell OptiPlex 3050','12129','1XYPDN2','Département Production',null,null,null);
Insert into C_GPI.MATERIEL (MAT_ID,FOURN_ID,ETAT_MAT_ID,EFF_ID,DR_ID,DEP_ID,TYPE_BUR_ID,TYPE_MATERIEL,MARQUE,MODEL_REFERENCE,NUM_INVENTAIRE,REF_TAG,MAT_NUM_BUR,DATE_ACHAT_MAT,COUT_MATERIEL_DA,OBSERVATIONS) values ('218','2','1','192','7','202','2','Écran',null,'Dell 21 pouces','012151','2YQSTV2','Département Production',null,null,null);
Insert into C_GPI.MATERIEL (MAT_ID,FOURN_ID,ETAT_MAT_ID,EFF_ID,DR_ID,DEP_ID,TYPE_BUR_ID,TYPE_MATERIEL,MARQUE,MODEL_REFERENCE,NUM_INVENTAIRE,REF_TAG,MAT_NUM_BUR,DATE_ACHAT_MAT,COUT_MATERIEL_DA,OBSERVATIONS) values ('219','2','4','211','7','202','2','Imprimante',null,'Canon 6020B','006699',null,'Département Production',null,null,'Imprimante Fonctionnement dégradé.');
Insert into C_GPI.MATERIEL (MAT_ID,FOURN_ID,ETAT_MAT_ID,EFF_ID,DR_ID,DEP_ID,TYPE_BUR_ID,TYPE_MATERIEL,MARQUE,MODEL_REFERENCE,NUM_INVENTAIRE,REF_TAG,MAT_NUM_BUR,DATE_ACHAT_MAT,COUT_MATERIEL_DA,OBSERVATIONS) values ('260','140','1','171','5','149','1','Desktop',null,'DELL - Optiplex 3060-MT','012843','41399X2','05',to_date('18/07/21','DD/MM/RR'),null,null);
Insert into C_GPI.MATERIEL (MAT_ID,FOURN_ID,ETAT_MAT_ID,EFF_ID,DR_ID,DEP_ID,TYPE_BUR_ID,TYPE_MATERIEL,MARQUE,MODEL_REFERENCE,NUM_INVENTAIRE,REF_TAG,MAT_NUM_BUR,DATE_ACHAT_MAT,COUT_MATERIEL_DA,OBSERVATIONS) values ('261','140','1','171','5','149','1','ECRAN',null,'DELL','0000','DW32V82','05',to_date('18/07/21','DD/MM/RR'),null,null);
Insert into C_GPI.MATERIEL (MAT_ID,FOURN_ID,ETAT_MAT_ID,EFF_ID,DR_ID,DEP_ID,TYPE_BUR_ID,TYPE_MATERIEL,MARQUE,MODEL_REFERENCE,NUM_INVENTAIRE,REF_TAG,MAT_NUM_BUR,DATE_ACHAT_MAT,COUT_MATERIEL_DA,OBSERVATIONS) values ('262','140','4','171','5','149','1','Imprimante',null,'Canon i-SENSYS LBP 2900','002345','L11121E','05',to_date('18/07/21','DD/MM/RR'),null,null);
Insert into C_GPI.MATERIEL (MAT_ID,FOURN_ID,ETAT_MAT_ID,EFF_ID,DR_ID,DEP_ID,TYPE_BUR_ID,TYPE_MATERIEL,MARQUE,MODEL_REFERENCE,NUM_INVENTAIRE,REF_TAG,MAT_NUM_BUR,DATE_ACHAT_MAT,COUT_MATERIEL_DA,OBSERVATIONS) values ('263','140','4','250','5','187','1','Desktop',null,'DELL Optiplex 3050','011098','GKSX5L2','03',to_date('02/02/20','DD/MM/RR'),null,null);
Insert into C_GPI.MATERIEL (MAT_ID,FOURN_ID,ETAT_MAT_ID,EFF_ID,DR_ID,DEP_ID,TYPE_BUR_ID,TYPE_MATERIEL,MARQUE,MODEL_REFERENCE,NUM_INVENTAIRE,REF_TAG,MAT_NUM_BUR,DATE_ACHAT_MAT,COUT_MATERIEL_DA,OBSERVATIONS) values ('264','140','4','250','5','187','1','ECRAN',null,'DELL','010965','BCLGD52','03',to_date('02/02/20','DD/MM/RR'),null,null);
Insert into C_GPI.MATERIEL (MAT_ID,FOURN_ID,ETAT_MAT_ID,EFF_ID,DR_ID,DEP_ID,TYPE_BUR_ID,TYPE_MATERIEL,MARQUE,MODEL_REFERENCE,NUM_INVENTAIRE,REF_TAG,MAT_NUM_BUR,DATE_ACHAT_MAT,COUT_MATERIEL_DA,OBSERVATIONS) values ('265','140','4','250','5','187','1','Imprimante',null,'Canon i-SENSYS LBP6030 ...','0000','F166400','03',null,null,null);
Insert into C_GPI.MATERIEL (MAT_ID,FOURN_ID,ETAT_MAT_ID,EFF_ID,DR_ID,DEP_ID,TYPE_BUR_ID,TYPE_MATERIEL,MARQUE,MODEL_REFERENCE,NUM_INVENTAIRE,REF_TAG,MAT_NUM_BUR,DATE_ACHAT_MAT,COUT_MATERIEL_DA,OBSERVATIONS) values ('266','140','3','255','5','149','103','Desktop',null,'HP Pro 3400 series mt','006364',null,'02',null,null,null);
Insert into C_GPI.MATERIEL (MAT_ID,FOURN_ID,ETAT_MAT_ID,EFF_ID,DR_ID,DEP_ID,TYPE_BUR_ID,TYPE_MATERIEL,MARQUE,MODEL_REFERENCE,NUM_INVENTAIRE,REF_TAG,MAT_NUM_BUR,DATE_ACHAT_MAT,COUT_MATERIEL_DA,OBSERVATIONS) values ('267','140','3','255','5','149','103','ECRAN',null,'XCESS','002487',null,'02',null,null,null);
Insert into C_GPI.MATERIEL (MAT_ID,FOURN_ID,ETAT_MAT_ID,EFF_ID,DR_ID,DEP_ID,TYPE_BUR_ID,TYPE_MATERIEL,MARQUE,MODEL_REFERENCE,NUM_INVENTAIRE,REF_TAG,MAT_NUM_BUR,DATE_ACHAT_MAT,COUT_MATERIEL_DA,OBSERVATIONS) values ('268','140','4','255','5','149','103','Imprimante',null,'Canon i-SENSYS LBP6020','0011811','F158200','02',null,null,null);
Insert into C_GPI.MATERIEL (MAT_ID,FOURN_ID,ETAT_MAT_ID,EFF_ID,DR_ID,DEP_ID,TYPE_BUR_ID,TYPE_MATERIEL,MARQUE,MODEL_REFERENCE,NUM_INVENTAIRE,REF_TAG,MAT_NUM_BUR,DATE_ACHAT_MAT,COUT_MATERIEL_DA,OBSERVATIONS) values ('269','140','4','175','5','186','1','Desktop',null,'DELL Optiplex 3060','012844','43979X2','11',to_date('18/07/21','DD/MM/RR'),null,null);
Insert into C_GPI.MATERIEL (MAT_ID,FOURN_ID,ETAT_MAT_ID,EFF_ID,DR_ID,DEP_ID,TYPE_BUR_ID,TYPE_MATERIEL,MARQUE,MODEL_REFERENCE,NUM_INVENTAIRE,REF_TAG,MAT_NUM_BUR,DATE_ACHAT_MAT,COUT_MATERIEL_DA,OBSERVATIONS) values ('270','140','4','175','5','186','1','ECRAN',null,'DELL','010967','9MDJD52','11',null,null,null);
Insert into C_GPI.MATERIEL (MAT_ID,FOURN_ID,ETAT_MAT_ID,EFF_ID,DR_ID,DEP_ID,TYPE_BUR_ID,TYPE_MATERIEL,MARQUE,MODEL_REFERENCE,NUM_INVENTAIRE,REF_TAG,MAT_NUM_BUR,DATE_ACHAT_MAT,COUT_MATERIEL_DA,OBSERVATIONS) values ('271','140','4','175','5','186','1','Imprimante',null,'Canon i-SENSYS LBP6030','010228','F166400','11',null,null,null);
Insert into C_GPI.MATERIEL (MAT_ID,FOURN_ID,ETAT_MAT_ID,EFF_ID,DR_ID,DEP_ID,TYPE_BUR_ID,TYPE_MATERIEL,MARQUE,MODEL_REFERENCE,NUM_INVENTAIRE,REF_TAG,MAT_NUM_BUR,DATE_ACHAT_MAT,COUT_MATERIEL_DA,OBSERVATIONS) values ('272','140','3','253','5','272','4','Desktop',null,'O.E.M','010528',null,'10',null,null,null);
Insert into C_GPI.MATERIEL (MAT_ID,FOURN_ID,ETAT_MAT_ID,EFF_ID,DR_ID,DEP_ID,TYPE_BUR_ID,TYPE_MATERIEL,MARQUE,MODEL_REFERENCE,NUM_INVENTAIRE,REF_TAG,MAT_NUM_BUR,DATE_ACHAT_MAT,COUT_MATERIEL_DA,OBSERVATIONS) values ('273','140','3','253','5','272','4','ECRAN',null,'Acer- TCO-03  15"','005603',null,'10',null,null,null);
Insert into C_GPI.MATERIEL (MAT_ID,FOURN_ID,ETAT_MAT_ID,EFF_ID,DR_ID,DEP_ID,TYPE_BUR_ID,TYPE_MATERIEL,MARQUE,MODEL_REFERENCE,NUM_INVENTAIRE,REF_TAG,MAT_NUM_BUR,DATE_ACHAT_MAT,COUT_MATERIEL_DA,OBSERVATIONS) values ('274','140','4','253','5','272','4','Imprimante',null,'Canon i-SENSYS LBP6020','008454','F158200','10',null,null,null);
Insert into C_GPI.MATERIEL (MAT_ID,FOURN_ID,ETAT_MAT_ID,EFF_ID,DR_ID,DEP_ID,TYPE_BUR_ID,TYPE_MATERIEL,MARQUE,MODEL_REFERENCE,NUM_INVENTAIRE,REF_TAG,MAT_NUM_BUR,DATE_ACHAT_MAT,COUT_MATERIEL_DA,OBSERVATIONS) values ('275','140','4','176','5','186','1','Desktop',null,'DELL Optiplex 3050','011122','364D5L2','12',to_date('02/02/20','DD/MM/RR'),null,null);
Insert into C_GPI.MATERIEL (MAT_ID,FOURN_ID,ETAT_MAT_ID,EFF_ID,DR_ID,DEP_ID,TYPE_BUR_ID,TYPE_MATERIEL,MARQUE,MODEL_REFERENCE,NUM_INVENTAIRE,REF_TAG,MAT_NUM_BUR,DATE_ACHAT_MAT,COUT_MATERIEL_DA,OBSERVATIONS) values ('276','140','4','176','5','186','1','ECRAN',null,'BENQ T900  18,5"','004367',null,'12',null,null,null);
Insert into C_GPI.MATERIEL (MAT_ID,FOURN_ID,ETAT_MAT_ID,EFF_ID,DR_ID,DEP_ID,TYPE_BUR_ID,TYPE_MATERIEL,MARQUE,MODEL_REFERENCE,NUM_INVENTAIRE,REF_TAG,MAT_NUM_BUR,DATE_ACHAT_MAT,COUT_MATERIEL_DA,OBSERVATIONS) values ('277','140','4','177','5','186','1','Desktop',null,'HP - 280 G1 MT','009843','TRF55201V8','12',null,null,null);
Insert into C_GPI.MATERIEL (MAT_ID,FOURN_ID,ETAT_MAT_ID,EFF_ID,DR_ID,DEP_ID,TYPE_BUR_ID,TYPE_MATERIEL,MARQUE,MODEL_REFERENCE,NUM_INVENTAIRE,REF_TAG,MAT_NUM_BUR,DATE_ACHAT_MAT,COUT_MATERIEL_DA,OBSERVATIONS) values ('278','140','3','177','5','186','1','ECRAN',null,'Pilot 18"','010704',null,'12',null,null,null);
Insert into C_GPI.MATERIEL (MAT_ID,FOURN_ID,ETAT_MAT_ID,EFF_ID,DR_ID,DEP_ID,TYPE_BUR_ID,TYPE_MATERIEL,MARQUE,MODEL_REFERENCE,NUM_INVENTAIRE,REF_TAG,MAT_NUM_BUR,DATE_ACHAT_MAT,COUT_MATERIEL_DA,OBSERVATIONS) values ('279','140','4','178','5','186','1','Desktop',null,'DELL Optiplex 3050','011119','GMSX5L2','12',to_date('02/02/20','DD/MM/RR'),null,null);
Insert into C_GPI.MATERIEL (MAT_ID,FOURN_ID,ETAT_MAT_ID,EFF_ID,DR_ID,DEP_ID,TYPE_BUR_ID,TYPE_MATERIEL,MARQUE,MODEL_REFERENCE,NUM_INVENTAIRE,REF_TAG,MAT_NUM_BUR,DATE_ACHAT_MAT,COUT_MATERIEL_DA,OBSERVATIONS) values ('280','140','4','178','5','186','1','ECRAN',null,'DELL 18"','010964','9MSKD52','12',null,null,null);
Insert into C_GPI.MATERIEL (MAT_ID,FOURN_ID,ETAT_MAT_ID,EFF_ID,DR_ID,DEP_ID,TYPE_BUR_ID,TYPE_MATERIEL,MARQUE,MODEL_REFERENCE,NUM_INVENTAIRE,REF_TAG,MAT_NUM_BUR,DATE_ACHAT_MAT,COUT_MATERIEL_DA,OBSERVATIONS) values ('281','140','4','180','5','183','1','Desktop',null,'DELL Vostro 3667','010527','07BB','13',null,null,null);
Insert into C_GPI.MATERIEL (MAT_ID,FOURN_ID,ETAT_MAT_ID,EFF_ID,DR_ID,DEP_ID,TYPE_BUR_ID,TYPE_MATERIEL,MARQUE,MODEL_REFERENCE,NUM_INVENTAIRE,REF_TAG,MAT_NUM_BUR,DATE_ACHAT_MAT,COUT_MATERIEL_DA,OBSERVATIONS) values ('282','140','4','180','5','183','1','ECRAN',null,'DELL 22"','0000','83H8MG2','13',to_date('18/07/21','DD/MM/RR'),null,null);
Insert into C_GPI.MATERIEL (MAT_ID,FOURN_ID,ETAT_MAT_ID,EFF_ID,DR_ID,DEP_ID,TYPE_BUR_ID,TYPE_MATERIEL,MARQUE,MODEL_REFERENCE,NUM_INVENTAIRE,REF_TAG,MAT_NUM_BUR,DATE_ACHAT_MAT,COUT_MATERIEL_DA,OBSERVATIONS) values ('283','140','4','180','5','183','1','Imprimante',null,'Canon i-SENSYS LBP2900','002158','L11121E','13',null,null,null);
Insert into C_GPI.MATERIEL (MAT_ID,FOURN_ID,ETAT_MAT_ID,EFF_ID,DR_ID,DEP_ID,TYPE_BUR_ID,TYPE_MATERIEL,MARQUE,MODEL_REFERENCE,NUM_INVENTAIRE,REF_TAG,MAT_NUM_BUR,DATE_ACHAT_MAT,COUT_MATERIEL_DA,OBSERVATIONS) values ('284','140','4','179','5','183','1','Laptop',null,'DELL Inspiron 15','009302','JRKGP52','13',to_date('07/07/19','DD/MM/RR'),null,null);
Insert into C_GPI.MATERIEL (MAT_ID,FOURN_ID,ETAT_MAT_ID,EFF_ID,DR_ID,DEP_ID,TYPE_BUR_ID,TYPE_MATERIEL,MARQUE,MODEL_REFERENCE,NUM_INVENTAIRE,REF_TAG,MAT_NUM_BUR,DATE_ACHAT_MAT,COUT_MATERIEL_DA,OBSERVATIONS) values ('285','140','1','176','5','186','1','Imprimante',null,'Kyocera Multifunctional ECOSYS M2135dn','012641',null,'12',to_date('29/11/20','DD/MM/RR'),null,null);
Insert into C_GPI.MATERIEL (MAT_ID,FOURN_ID,ETAT_MAT_ID,EFF_ID,DR_ID,DEP_ID,TYPE_BUR_ID,TYPE_MATERIEL,MARQUE,MODEL_REFERENCE,NUM_INVENTAIRE,REF_TAG,MAT_NUM_BUR,DATE_ACHAT_MAT,COUT_MATERIEL_DA,OBSERVATIONS) values ('286','140','4','177','5','186','1','Scanner',null,'Canon Lide 120','009324',null,'12',null,null,null);
Insert into C_GPI.MATERIEL (MAT_ID,FOURN_ID,ETAT_MAT_ID,EFF_ID,DR_ID,DEP_ID,TYPE_BUR_ID,TYPE_MATERIEL,MARQUE,MODEL_REFERENCE,NUM_INVENTAIRE,REF_TAG,MAT_NUM_BUR,DATE_ACHAT_MAT,COUT_MATERIEL_DA,OBSERVATIONS) values ('287','140','4','172','5','258','1','Scanner',null,'Canon Lide 120','010202',null,'06',null,null,null);
Insert into C_GPI.MATERIEL (MAT_ID,FOURN_ID,ETAT_MAT_ID,EFF_ID,DR_ID,DEP_ID,TYPE_BUR_ID,TYPE_MATERIEL,MARQUE,MODEL_REFERENCE,NUM_INVENTAIRE,REF_TAG,MAT_NUM_BUR,DATE_ACHAT_MAT,COUT_MATERIEL_DA,OBSERVATIONS) values ('288','140','4','254','5','187','1','Scanner',null,'Canon Lide 120','011825',null,'07',null,null,null);
REM INSERTING into C_GPI.PRESTATIONS
SET DEFINE OFF;
Insert into C_GPI.PRESTATIONS (PRES_ID,FOURN_ID,DR_ID,PRESTATION,DATE_PRESTATION,COUT_PRESTATION) values ('1','1','1','INSTALLATION RESEAU INFORMATIQUE + GROUPE ELECTROGENE',null,null);
Insert into C_GPI.PRESTATIONS (PRES_ID,FOURN_ID,DR_ID,PRESTATION,DATE_PRESTATION,COUT_PRESTATION) values ('2','1','1','INSTALLATION & AMENAGEMENT du DATA CENTER',null,null);
Insert into C_GPI.PRESTATIONS (PRES_ID,FOURN_ID,DR_ID,PRESTATION,DATE_PRESTATION,COUT_PRESTATION) values ('3','1','1','INSTALLATION EQUIPEMENT RESEAU INFORMATIQUE',null,null);
Insert into C_GPI.PRESTATIONS (PRES_ID,FOURN_ID,DR_ID,PRESTATION,DATE_PRESTATION,COUT_PRESTATION) values ('151','2','1','Exemple  : Laptop en cours de réparation
Num-inventaire = 11111',to_date('10/01/24','DD/MM/RR'),null);
Insert into C_GPI.PRESTATIONS (PRES_ID,FOURN_ID,DR_ID,PRESTATION,DATE_PRESTATION,COUT_PRESTATION) values ('152','2','1','Exemple = Imprimante  en cours de réparation
Num-inv = 22222
Model = Multi-fonctions MF633',null,null);
REM INSERTING into C_GPI.TYPE_BUREAU
SET DEFINE OFF;
Insert into C_GPI.TYPE_BUREAU (TYPE_BUR_ID,TYPE_BUREAU) values ('1','BUREAU');
Insert into C_GPI.TYPE_BUREAU (TYPE_BUR_ID,TYPE_BUREAU) values ('2','OPEN SPACE');
Insert into C_GPI.TYPE_BUREAU (TYPE_BUR_ID,TYPE_BUREAU) values ('3','PARTIES COMMUNES');
Insert into C_GPI.TYPE_BUREAU (TYPE_BUR_ID,TYPE_BUREAU) values ('4','DEPOT (Stock de matériel)');
Insert into C_GPI.TYPE_BUREAU (TYPE_BUR_ID,TYPE_BUREAU) values ('5','DATA CENTER');
Insert into C_GPI.TYPE_BUREAU (TYPE_BUR_ID,TYPE_BUREAU) values ('6','Salle d''énergie (GROUPE ELECTROGENE)');
Insert into C_GPI.TYPE_BUREAU (TYPE_BUR_ID,TYPE_BUREAU) values ('103','LA RECEPTION');
Insert into C_GPI.TYPE_BUREAU (TYPE_BUR_ID,TYPE_BUREAU) values ('101','SALLE DE REUNION');
Insert into C_GPI.TYPE_BUREAU (TYPE_BUR_ID,TYPE_BUREAU) values ('160','Agence Directe');
Insert into C_GPI.TYPE_BUREAU (TYPE_BUR_ID,TYPE_BUREAU) values ('121','Autre');
Insert into C_GPI.TYPE_BUREAU (TYPE_BUR_ID,TYPE_BUREAU) values ('161','Agence Concédée');
Insert into C_GPI.TYPE_BUREAU (TYPE_BUR_ID,TYPE_BUREAU) values ('162','Agence Générale Agréée');
Insert into C_GPI.TYPE_BUREAU (TYPE_BUR_ID,TYPE_BUREAU) values ('163','ANNEXE');
--------------------------------------------------------
--  DDL for Index PK_CONTRAT_MAINTENANCE
--------------------------------------------------------

  CREATE UNIQUE INDEX "C_GPI"."PK_CONTRAT_MAINTENANCE" ON "C_GPI"."CONTRAT_MAINTENANCE" ("CONT_ID") 
  PCTFREE 10 INITRANS 2 MAXTRANS 255 COMPUTE STATISTICS 
  STORAGE(INITIAL 65536 NEXT 1048576 MINEXTENTS 1 MAXEXTENTS 2147483645
  PCTINCREASE 0 FREELISTS 1 FREELIST GROUPS 1
  BUFFER_POOL DEFAULT FLASH_CACHE DEFAULT CELL_FLASH_CACHE DEFAULT)
  TABLESPACE "APEX_38760343483348506" ;
--------------------------------------------------------
--  DDL for Index PK_DEPART
--------------------------------------------------------

  CREATE UNIQUE INDEX "C_GPI"."PK_DEPART" ON "C_GPI"."DEPART" ("DEPART_ID") 
  PCTFREE 10 INITRANS 2 MAXTRANS 255 COMPUTE STATISTICS 
  STORAGE(INITIAL 65536 NEXT 1048576 MINEXTENTS 1 MAXEXTENTS 2147483645
  PCTINCREASE 0 FREELISTS 1 FREELIST GROUPS 1
  BUFFER_POOL DEFAULT FLASH_CACHE DEFAULT CELL_FLASH_CACHE DEFAULT)
  TABLESPACE "APEX_38760343483348506" ;
--------------------------------------------------------
--  DDL for Index PK_DEPARTEMENTS
--------------------------------------------------------

  CREATE UNIQUE INDEX "C_GPI"."PK_DEPARTEMENTS" ON "C_GPI"."DEPARTEMENTS" ("DEP_ID") 
  PCTFREE 10 INITRANS 2 MAXTRANS 255 COMPUTE STATISTICS 
  STORAGE(INITIAL 65536 NEXT 1048576 MINEXTENTS 1 MAXEXTENTS 2147483645
  PCTINCREASE 0 FREELISTS 1 FREELIST GROUPS 1
  BUFFER_POOL DEFAULT FLASH_CACHE DEFAULT CELL_FLASH_CACHE DEFAULT)
  TABLESPACE "APEX_38760343483348506" ;
--------------------------------------------------------
--  DDL for Index PK_DIRECTIONS
--------------------------------------------------------

  CREATE UNIQUE INDEX "C_GPI"."PK_DIRECTIONS" ON "C_GPI"."DIRECTIONS" ("DR_ID") 
  PCTFREE 10 INITRANS 2 MAXTRANS 255 COMPUTE STATISTICS 
  STORAGE(INITIAL 65536 NEXT 1048576 MINEXTENTS 1 MAXEXTENTS 2147483645
  PCTINCREASE 0 FREELISTS 1 FREELIST GROUPS 1
  BUFFER_POOL DEFAULT FLASH_CACHE DEFAULT CELL_FLASH_CACHE DEFAULT)
  TABLESPACE "APEX_38760343483348506" ;
--------------------------------------------------------
--  DDL for Index PK_EFFECTIF
--------------------------------------------------------

  CREATE UNIQUE INDEX "C_GPI"."PK_EFFECTIF" ON "C_GPI"."EFFECTIF" ("EFF_ID") 
  PCTFREE 10 INITRANS 2 MAXTRANS 255 COMPUTE STATISTICS 
  STORAGE(INITIAL 65536 NEXT 1048576 MINEXTENTS 1 MAXEXTENTS 2147483645
  PCTINCREASE 0 FREELISTS 1 FREELIST GROUPS 1
  BUFFER_POOL DEFAULT FLASH_CACHE DEFAULT CELL_FLASH_CACHE DEFAULT)
  TABLESPACE "APEX_38760343483348506" ;
--------------------------------------------------------
--  DDL for Index PK_ETAT_MATERIEL
--------------------------------------------------------

  CREATE UNIQUE INDEX "C_GPI"."PK_ETAT_MATERIEL" ON "C_GPI"."ETAT_MATERIEL" ("ETAT_MAT_ID") 
  PCTFREE 10 INITRANS 2 MAXTRANS 255 COMPUTE STATISTICS 
  STORAGE(INITIAL 65536 NEXT 1048576 MINEXTENTS 1 MAXEXTENTS 2147483645
  PCTINCREASE 0 FREELISTS 1 FREELIST GROUPS 1
  BUFFER_POOL DEFAULT FLASH_CACHE DEFAULT CELL_FLASH_CACHE DEFAULT)
  TABLESPACE "APEX_38760343483348506" ;
--------------------------------------------------------
--  DDL for Index PK_FOURNISSEURS
--------------------------------------------------------

  CREATE UNIQUE INDEX "C_GPI"."PK_FOURNISSEURS" ON "C_GPI"."FOURNISSEURS" ("FOURN_ID") 
  PCTFREE 10 INITRANS 2 MAXTRANS 255 COMPUTE STATISTICS 
  STORAGE(INITIAL 65536 NEXT 1048576 MINEXTENTS 1 MAXEXTENTS 2147483645
  PCTINCREASE 0 FREELISTS 1 FREELIST GROUPS 1
  BUFFER_POOL DEFAULT FLASH_CACHE DEFAULT CELL_FLASH_CACHE DEFAULT)
  TABLESPACE "APEX_38760343483348506" ;
--------------------------------------------------------
--  DDL for Index PK_GPI_USERS
--------------------------------------------------------

  CREATE UNIQUE INDEX "C_GPI"."PK_GPI_USERS" ON "C_GPI"."GPI_USERS" ("USER_ID") 
  PCTFREE 10 INITRANS 2 MAXTRANS 255 COMPUTE STATISTICS 
  STORAGE(INITIAL 65536 NEXT 1048576 MINEXTENTS 1 MAXEXTENTS 2147483645
  PCTINCREASE 0 FREELISTS 1 FREELIST GROUPS 1
  BUFFER_POOL DEFAULT FLASH_CACHE DEFAULT CELL_FLASH_CACHE DEFAULT)
  TABLESPACE "APEX_38760343483348506" ;
--------------------------------------------------------
--  DDL for Index PK_LOGICIELS
--------------------------------------------------------

  CREATE UNIQUE INDEX "C_GPI"."PK_LOGICIELS" ON "C_GPI"."LOGICIELS" ("LOG_ID") 
  PCTFREE 10 INITRANS 2 MAXTRANS 255 COMPUTE STATISTICS 
  STORAGE(INITIAL 65536 NEXT 1048576 MINEXTENTS 1 MAXEXTENTS 2147483645
  PCTINCREASE 0 FREELISTS 1 FREELIST GROUPS 1
  BUFFER_POOL DEFAULT FLASH_CACHE DEFAULT CELL_FLASH_CACHE DEFAULT)
  TABLESPACE "APEX_38760343483348506" ;
--------------------------------------------------------
--  DDL for Index PK_MATERIEL
--------------------------------------------------------

  CREATE UNIQUE INDEX "C_GPI"."PK_MATERIEL" ON "C_GPI"."MATERIEL" ("MAT_ID") 
  PCTFREE 10 INITRANS 2 MAXTRANS 255 COMPUTE STATISTICS 
  STORAGE(INITIAL 65536 NEXT 1048576 MINEXTENTS 1 MAXEXTENTS 2147483645
  PCTINCREASE 0 FREELISTS 1 FREELIST GROUPS 1
  BUFFER_POOL DEFAULT FLASH_CACHE DEFAULT CELL_FLASH_CACHE DEFAULT)
  TABLESPACE "APEX_38760343483348506" ;
--------------------------------------------------------
--  DDL for Index PK_PRESTATIONS
--------------------------------------------------------

  CREATE UNIQUE INDEX "C_GPI"."PK_PRESTATIONS" ON "C_GPI"."PRESTATIONS" ("PRES_ID") 
  PCTFREE 10 INITRANS 2 MAXTRANS 255 COMPUTE STATISTICS 
  STORAGE(INITIAL 65536 NEXT 1048576 MINEXTENTS 1 MAXEXTENTS 2147483645
  PCTINCREASE 0 FREELISTS 1 FREELIST GROUPS 1
  BUFFER_POOL DEFAULT FLASH_CACHE DEFAULT CELL_FLASH_CACHE DEFAULT)
  TABLESPACE "APEX_38760343483348506" ;
--------------------------------------------------------
--  DDL for Index PK_TYPE_BUREAU
--------------------------------------------------------

  CREATE UNIQUE INDEX "C_GPI"."PK_TYPE_BUREAU" ON "C_GPI"."TYPE_BUREAU" ("TYPE_BUR_ID") 
  PCTFREE 10 INITRANS 2 MAXTRANS 255 COMPUTE STATISTICS 
  STORAGE(INITIAL 65536 NEXT 1048576 MINEXTENTS 1 MAXEXTENTS 2147483645
  PCTINCREASE 0 FREELISTS 1 FREELIST GROUPS 1
  BUFFER_POOL DEFAULT FLASH_CACHE DEFAULT CELL_FLASH_CACHE DEFAULT)
  TABLESPACE "APEX_38760343483348506" ;
--------------------------------------------------------
--  DDL for Index PK_CONTRAT_MAINTENANCE
--------------------------------------------------------

  CREATE UNIQUE INDEX "C_GPI"."PK_CONTRAT_MAINTENANCE" ON "C_GPI"."CONTRAT_MAINTENANCE" ("CONT_ID") 
  PCTFREE 10 INITRANS 2 MAXTRANS 255 COMPUTE STATISTICS 
  STORAGE(INITIAL 65536 NEXT 1048576 MINEXTENTS 1 MAXEXTENTS 2147483645
  PCTINCREASE 0 FREELISTS 1 FREELIST GROUPS 1
  BUFFER_POOL DEFAULT FLASH_CACHE DEFAULT CELL_FLASH_CACHE DEFAULT)
  TABLESPACE "APEX_38760343483348506" ;
--------------------------------------------------------
--  DDL for Index PK_DEPART
--------------------------------------------------------

  CREATE UNIQUE INDEX "C_GPI"."PK_DEPART" ON "C_GPI"."DEPART" ("DEPART_ID") 
  PCTFREE 10 INITRANS 2 MAXTRANS 255 COMPUTE STATISTICS 
  STORAGE(INITIAL 65536 NEXT 1048576 MINEXTENTS 1 MAXEXTENTS 2147483645
  PCTINCREASE 0 FREELISTS 1 FREELIST GROUPS 1
  BUFFER_POOL DEFAULT FLASH_CACHE DEFAULT CELL_FLASH_CACHE DEFAULT)
  TABLESPACE "APEX_38760343483348506" ;
--------------------------------------------------------
--  DDL for Index PK_DEPARTEMENTS
--------------------------------------------------------

  CREATE UNIQUE INDEX "C_GPI"."PK_DEPARTEMENTS" ON "C_GPI"."DEPARTEMENTS" ("DEP_ID") 
  PCTFREE 10 INITRANS 2 MAXTRANS 255 COMPUTE STATISTICS 
  STORAGE(INITIAL 65536 NEXT 1048576 MINEXTENTS 1 MAXEXTENTS 2147483645
  PCTINCREASE 0 FREELISTS 1 FREELIST GROUPS 1
  BUFFER_POOL DEFAULT FLASH_CACHE DEFAULT CELL_FLASH_CACHE DEFAULT)
  TABLESPACE "APEX_38760343483348506" ;
--------------------------------------------------------
--  DDL for Index PK_DIRECTIONS
--------------------------------------------------------

  CREATE UNIQUE INDEX "C_GPI"."PK_DIRECTIONS" ON "C_GPI"."DIRECTIONS" ("DR_ID") 
  PCTFREE 10 INITRANS 2 MAXTRANS 255 COMPUTE STATISTICS 
  STORAGE(INITIAL 65536 NEXT 1048576 MINEXTENTS 1 MAXEXTENTS 2147483645
  PCTINCREASE 0 FREELISTS 1 FREELIST GROUPS 1
  BUFFER_POOL DEFAULT FLASH_CACHE DEFAULT CELL_FLASH_CACHE DEFAULT)
  TABLESPACE "APEX_38760343483348506" ;
--------------------------------------------------------
--  DDL for Index PK_EFFECTIF
--------------------------------------------------------

  CREATE UNIQUE INDEX "C_GPI"."PK_EFFECTIF" ON "C_GPI"."EFFECTIF" ("EFF_ID") 
  PCTFREE 10 INITRANS 2 MAXTRANS 255 COMPUTE STATISTICS 
  STORAGE(INITIAL 65536 NEXT 1048576 MINEXTENTS 1 MAXEXTENTS 2147483645
  PCTINCREASE 0 FREELISTS 1 FREELIST GROUPS 1
  BUFFER_POOL DEFAULT FLASH_CACHE DEFAULT CELL_FLASH_CACHE DEFAULT)
  TABLESPACE "APEX_38760343483348506" ;
--------------------------------------------------------
--  DDL for Index PK_ETAT_MATERIEL
--------------------------------------------------------

  CREATE UNIQUE INDEX "C_GPI"."PK_ETAT_MATERIEL" ON "C_GPI"."ETAT_MATERIEL" ("ETAT_MAT_ID") 
  PCTFREE 10 INITRANS 2 MAXTRANS 255 COMPUTE STATISTICS 
  STORAGE(INITIAL 65536 NEXT 1048576 MINEXTENTS 1 MAXEXTENTS 2147483645
  PCTINCREASE 0 FREELISTS 1 FREELIST GROUPS 1
  BUFFER_POOL DEFAULT FLASH_CACHE DEFAULT CELL_FLASH_CACHE DEFAULT)
  TABLESPACE "APEX_38760343483348506" ;
--------------------------------------------------------
--  DDL for Index PK_FOURNISSEURS
--------------------------------------------------------

  CREATE UNIQUE INDEX "C_GPI"."PK_FOURNISSEURS" ON "C_GPI"."FOURNISSEURS" ("FOURN_ID") 
  PCTFREE 10 INITRANS 2 MAXTRANS 255 COMPUTE STATISTICS 
  STORAGE(INITIAL 65536 NEXT 1048576 MINEXTENTS 1 MAXEXTENTS 2147483645
  PCTINCREASE 0 FREELISTS 1 FREELIST GROUPS 1
  BUFFER_POOL DEFAULT FLASH_CACHE DEFAULT CELL_FLASH_CACHE DEFAULT)
  TABLESPACE "APEX_38760343483348506" ;
--------------------------------------------------------
--  DDL for Index PK_GPI_USERS
--------------------------------------------------------

  CREATE UNIQUE INDEX "C_GPI"."PK_GPI_USERS" ON "C_GPI"."GPI_USERS" ("USER_ID") 
  PCTFREE 10 INITRANS 2 MAXTRANS 255 COMPUTE STATISTICS 
  STORAGE(INITIAL 65536 NEXT 1048576 MINEXTENTS 1 MAXEXTENTS 2147483645
  PCTINCREASE 0 FREELISTS 1 FREELIST GROUPS 1
  BUFFER_POOL DEFAULT FLASH_CACHE DEFAULT CELL_FLASH_CACHE DEFAULT)
  TABLESPACE "APEX_38760343483348506" ;
--------------------------------------------------------
--  DDL for Index PK_LOGICIELS
--------------------------------------------------------

  CREATE UNIQUE INDEX "C_GPI"."PK_LOGICIELS" ON "C_GPI"."LOGICIELS" ("LOG_ID") 
  PCTFREE 10 INITRANS 2 MAXTRANS 255 COMPUTE STATISTICS 
  STORAGE(INITIAL 65536 NEXT 1048576 MINEXTENTS 1 MAXEXTENTS 2147483645
  PCTINCREASE 0 FREELISTS 1 FREELIST GROUPS 1
  BUFFER_POOL DEFAULT FLASH_CACHE DEFAULT CELL_FLASH_CACHE DEFAULT)
  TABLESPACE "APEX_38760343483348506" ;
--------------------------------------------------------
--  DDL for Index PK_MATERIEL
--------------------------------------------------------

  CREATE UNIQUE INDEX "C_GPI"."PK_MATERIEL" ON "C_GPI"."MATERIEL" ("MAT_ID") 
  PCTFREE 10 INITRANS 2 MAXTRANS 255 COMPUTE STATISTICS 
  STORAGE(INITIAL 65536 NEXT 1048576 MINEXTENTS 1 MAXEXTENTS 2147483645
  PCTINCREASE 0 FREELISTS 1 FREELIST GROUPS 1
  BUFFER_POOL DEFAULT FLASH_CACHE DEFAULT CELL_FLASH_CACHE DEFAULT)
  TABLESPACE "APEX_38760343483348506" ;
--------------------------------------------------------
--  DDL for Index PK_PRESTATIONS
--------------------------------------------------------

  CREATE UNIQUE INDEX "C_GPI"."PK_PRESTATIONS" ON "C_GPI"."PRESTATIONS" ("PRES_ID") 
  PCTFREE 10 INITRANS 2 MAXTRANS 255 COMPUTE STATISTICS 
  STORAGE(INITIAL 65536 NEXT 1048576 MINEXTENTS 1 MAXEXTENTS 2147483645
  PCTINCREASE 0 FREELISTS 1 FREELIST GROUPS 1
  BUFFER_POOL DEFAULT FLASH_CACHE DEFAULT CELL_FLASH_CACHE DEFAULT)
  TABLESPACE "APEX_38760343483348506" ;
--------------------------------------------------------
--  DDL for Index PK_TYPE_BUREAU
--------------------------------------------------------

  CREATE UNIQUE INDEX "C_GPI"."PK_TYPE_BUREAU" ON "C_GPI"."TYPE_BUREAU" ("TYPE_BUR_ID") 
  PCTFREE 10 INITRANS 2 MAXTRANS 255 COMPUTE STATISTICS 
  STORAGE(INITIAL 65536 NEXT 1048576 MINEXTENTS 1 MAXEXTENTS 2147483645
  PCTINCREASE 0 FREELISTS 1 FREELIST GROUPS 1
  BUFFER_POOL DEFAULT FLASH_CACHE DEFAULT CELL_FLASH_CACHE DEFAULT)
  TABLESPACE "APEX_38760343483348506" ;
--------------------------------------------------------
--  DDL for Trigger TRINDEXCONTRAT_MAINTENANCE
--------------------------------------------------------

  CREATE OR REPLACE EDITIONABLE TRIGGER "C_GPI"."TRINDEXCONTRAT_MAINTENANCE" 
              before insert on CONTRAT_MAINTENANCE
              for each row
              begin
                  if :new.CONT_ID  is null then
                      SELECT SQCONTRAT_MAINTENANCE.NEXTVAL
						INTO :New.CONT_ID from sys.dual;
                 end if;
              end;

/
ALTER TRIGGER "C_GPI"."TRINDEXCONTRAT_MAINTENANCE" ENABLE;
--------------------------------------------------------
--  DDL for Trigger TRINDEXDEPART
--------------------------------------------------------

  CREATE OR REPLACE EDITIONABLE TRIGGER "C_GPI"."TRINDEXDEPART" 
              before insert on DEPART
              for each row
              begin
                  if :new.DEPART_ID is null then
                      SELECT SQDEPART.NEXTVAL
						INTO :New.DEPART_ID from sys.dual;
                 end if;
              end;
/
ALTER TRIGGER "C_GPI"."TRINDEXDEPART" ENABLE;
--------------------------------------------------------
--  DDL for Trigger TRINDEXDEPARTEMENTS
--------------------------------------------------------

  CREATE OR REPLACE EDITIONABLE TRIGGER "C_GPI"."TRINDEXDEPARTEMENTS" 
              before insert on DEPARTEMENTS
              for each row
              begin
                  if :new.DEP_ID is null then
                      SELECT SQDEPARTEMENTS.NEXTVAL
						INTO :New.DEP_ID from sys.dual;
                 end if;
              end;

/
ALTER TRIGGER "C_GPI"."TRINDEXDEPARTEMENTS" ENABLE;
--------------------------------------------------------
--  DDL for Trigger TRINDEXDIRECTIONS
--------------------------------------------------------

  CREATE OR REPLACE EDITIONABLE TRIGGER "C_GPI"."TRINDEXDIRECTIONS" 
              before insert on DIRECTIONS
              for each row
              begin
                  if :new.DR_ID is null then
                      SELECT SQDIRECTIONS.NEXTVAL
						INTO :New.DR_ID from sys.dual;
                 end if;
              end;

/
ALTER TRIGGER "C_GPI"."TRINDEXDIRECTIONS" ENABLE;
--------------------------------------------------------
--  DDL for Trigger TRINDEXEFFECTIF
--------------------------------------------------------

  CREATE OR REPLACE EDITIONABLE TRIGGER "C_GPI"."TRINDEXEFFECTIF" 
              before insert on EFFECTIF
              for each row
              begin
                  if :new.EFF_ID is null then
                      SELECT SQEFFECTIF.NEXTVAL
						INTO :New.EFF_ID from sys.dual;
                 end if;
              end;

/
ALTER TRIGGER "C_GPI"."TRINDEXEFFECTIF" ENABLE;
--------------------------------------------------------
--  DDL for Trigger TRINDEXETAT_MATERIEL
--------------------------------------------------------

  CREATE OR REPLACE EDITIONABLE TRIGGER "C_GPI"."TRINDEXETAT_MATERIEL" 
              before insert on ETAT_MATERIEL
              for each row
              begin
                  if :new.ETAT_MAT_ID is null then
                      SELECT SQETAT_MATERIEL.NEXTVAL
						INTO :New.ETAT_MAT_ID from sys.dual;
                 end if;
              end;

/
ALTER TRIGGER "C_GPI"."TRINDEXETAT_MATERIEL" ENABLE;
--------------------------------------------------------
--  DDL for Trigger TRINDEXFOURNISSEURS
--------------------------------------------------------

  CREATE OR REPLACE EDITIONABLE TRIGGER "C_GPI"."TRINDEXFOURNISSEURS" 
              before insert on FOURNISSEURS
              for each row
              begin
                  if :new.FOURN_ID is null then
                      SELECT SQFOURNISSEURS.NEXTVAL
						INTO :New.FOURN_ID from sys.dual;
                 end if;
              end;

/
ALTER TRIGGER "C_GPI"."TRINDEXFOURNISSEURS" ENABLE;
--------------------------------------------------------
--  DDL for Trigger TRINDEXGPI_USERS
--------------------------------------------------------

  CREATE OR REPLACE EDITIONABLE TRIGGER "C_GPI"."TRINDEXGPI_USERS" 
              before insert on GPI_USERS
              for each row
              begin
                  if :new.USER_ID is null then
                      SELECT SQGPI_USERS.NEXTVAL
						INTO :New.USER_ID from sys.dual;
                 end if;
              end;
/
ALTER TRIGGER "C_GPI"."TRINDEXGPI_USERS" ENABLE;
--------------------------------------------------------
--  DDL for Trigger TRINDEXLOGICIELS
--------------------------------------------------------

  CREATE OR REPLACE EDITIONABLE TRIGGER "C_GPI"."TRINDEXLOGICIELS" 
              before insert on LOGICIELS
              for each row
              begin
                  if :new.LOG_ID  is null then
                      SELECT SQLOGICIELS.NEXTVAL
						INTO :New.LOG_ID from sys.dual;
                 end if;
              end;

/
ALTER TRIGGER "C_GPI"."TRINDEXLOGICIELS" ENABLE;
--------------------------------------------------------
--  DDL for Trigger TRINDEXMATERIEL
--------------------------------------------------------

  CREATE OR REPLACE EDITIONABLE TRIGGER "C_GPI"."TRINDEXMATERIEL" 
              before insert on MATERIEL
              for each row
              begin
                  if :new.MAT_ID is null then
                      SELECT SQMATERIEL.NEXTVAL
						INTO :New.MAT_ID from sys.dual;
                 end if;
              end;

/
ALTER TRIGGER "C_GPI"."TRINDEXMATERIEL" ENABLE;
--------------------------------------------------------
--  DDL for Trigger TRINDEXPRESTATIONS
--------------------------------------------------------

  CREATE OR REPLACE EDITIONABLE TRIGGER "C_GPI"."TRINDEXPRESTATIONS" 
              before insert on PRESTATIONS
              for each row
              begin
                  if :new.PRES_ID is null then
                      SELECT SQPRESTATIONS.NEXTVAL
						INTO :New.PRES_ID from sys.dual;
                 end if;
              end;

/
ALTER TRIGGER "C_GPI"."TRINDEXPRESTATIONS" ENABLE;
--------------------------------------------------------
--  DDL for Trigger TRINDEXTYPE_BUREAU
--------------------------------------------------------

  CREATE OR REPLACE EDITIONABLE TRIGGER "C_GPI"."TRINDEXTYPE_BUREAU" 
              before insert on TYPE_BUREAU
              for each row
              begin
                  if :new.TYPE_BUR_ID is null then
                      SELECT SQTYPE_BUREAU.NEXTVAL
						INTO :New.TYPE_BUR_ID from sys.dual;
                 end if;
              end;

/
ALTER TRIGGER "C_GPI"."TRINDEXTYPE_BUREAU" ENABLE;
--------------------------------------------------------
--  DDL for Trigger TRINDEXCONTRAT_MAINTENANCE
--------------------------------------------------------

  CREATE OR REPLACE EDITIONABLE TRIGGER "C_GPI"."TRINDEXCONTRAT_MAINTENANCE" 
              before insert on CONTRAT_MAINTENANCE
              for each row
              begin
                  if :new.CONT_ID  is null then
                      SELECT SQCONTRAT_MAINTENANCE.NEXTVAL
						INTO :New.CONT_ID from sys.dual;
                 end if;
              end;

/
ALTER TRIGGER "C_GPI"."TRINDEXCONTRAT_MAINTENANCE" ENABLE;
--------------------------------------------------------
--  DDL for Trigger TRINDEXDEPART
--------------------------------------------------------

  CREATE OR REPLACE EDITIONABLE TRIGGER "C_GPI"."TRINDEXDEPART" 
              before insert on DEPART
              for each row
              begin
                  if :new.DEPART_ID is null then
                      SELECT SQDEPART.NEXTVAL
						INTO :New.DEPART_ID from sys.dual;
                 end if;
              end;
/
ALTER TRIGGER "C_GPI"."TRINDEXDEPART" ENABLE;
--------------------------------------------------------
--  DDL for Trigger TRINDEXDEPARTEMENTS
--------------------------------------------------------

  CREATE OR REPLACE EDITIONABLE TRIGGER "C_GPI"."TRINDEXDEPARTEMENTS" 
              before insert on DEPARTEMENTS
              for each row
              begin
                  if :new.DEP_ID is null then
                      SELECT SQDEPARTEMENTS.NEXTVAL
						INTO :New.DEP_ID from sys.dual;
                 end if;
              end;

/
ALTER TRIGGER "C_GPI"."TRINDEXDEPARTEMENTS" ENABLE;
--------------------------------------------------------
--  DDL for Trigger TRINDEXDIRECTIONS
--------------------------------------------------------

  CREATE OR REPLACE EDITIONABLE TRIGGER "C_GPI"."TRINDEXDIRECTIONS" 
              before insert on DIRECTIONS
              for each row
              begin
                  if :new.DR_ID is null then
                      SELECT SQDIRECTIONS.NEXTVAL
						INTO :New.DR_ID from sys.dual;
                 end if;
              end;

/
ALTER TRIGGER "C_GPI"."TRINDEXDIRECTIONS" ENABLE;
--------------------------------------------------------
--  DDL for Trigger TRINDEXEFFECTIF
--------------------------------------------------------

  CREATE OR REPLACE EDITIONABLE TRIGGER "C_GPI"."TRINDEXEFFECTIF" 
              before insert on EFFECTIF
              for each row
              begin
                  if :new.EFF_ID is null then
                      SELECT SQEFFECTIF.NEXTVAL
						INTO :New.EFF_ID from sys.dual;
                 end if;
              end;

/
ALTER TRIGGER "C_GPI"."TRINDEXEFFECTIF" ENABLE;
--------------------------------------------------------
--  DDL for Trigger TRINDEXETAT_MATERIEL
--------------------------------------------------------

  CREATE OR REPLACE EDITIONABLE TRIGGER "C_GPI"."TRINDEXETAT_MATERIEL" 
              before insert on ETAT_MATERIEL
              for each row
              begin
                  if :new.ETAT_MAT_ID is null then
                      SELECT SQETAT_MATERIEL.NEXTVAL
						INTO :New.ETAT_MAT_ID from sys.dual;
                 end if;
              end;

/
ALTER TRIGGER "C_GPI"."TRINDEXETAT_MATERIEL" ENABLE;
--------------------------------------------------------
--  DDL for Trigger TRINDEXFOURNISSEURS
--------------------------------------------------------

  CREATE OR REPLACE EDITIONABLE TRIGGER "C_GPI"."TRINDEXFOURNISSEURS" 
              before insert on FOURNISSEURS
              for each row
              begin
                  if :new.FOURN_ID is null then
                      SELECT SQFOURNISSEURS.NEXTVAL
						INTO :New.FOURN_ID from sys.dual;
                 end if;
              end;

/
ALTER TRIGGER "C_GPI"."TRINDEXFOURNISSEURS" ENABLE;
--------------------------------------------------------
--  DDL for Trigger TRINDEXGPI_USERS
--------------------------------------------------------

  CREATE OR REPLACE EDITIONABLE TRIGGER "C_GPI"."TRINDEXGPI_USERS" 
              before insert on GPI_USERS
              for each row
              begin
                  if :new.USER_ID is null then
                      SELECT SQGPI_USERS.NEXTVAL
						INTO :New.USER_ID from sys.dual;
                 end if;
              end;
/
ALTER TRIGGER "C_GPI"."TRINDEXGPI_USERS" ENABLE;
--------------------------------------------------------
--  DDL for Trigger TRINDEXLOGICIELS
--------------------------------------------------------

  CREATE OR REPLACE EDITIONABLE TRIGGER "C_GPI"."TRINDEXLOGICIELS" 
              before insert on LOGICIELS
              for each row
              begin
                  if :new.LOG_ID  is null then
                      SELECT SQLOGICIELS.NEXTVAL
						INTO :New.LOG_ID from sys.dual;
                 end if;
              end;

/
ALTER TRIGGER "C_GPI"."TRINDEXLOGICIELS" ENABLE;
--------------------------------------------------------
--  DDL for Trigger TRINDEXMATERIEL
--------------------------------------------------------

  CREATE OR REPLACE EDITIONABLE TRIGGER "C_GPI"."TRINDEXMATERIEL" 
              before insert on MATERIEL
              for each row
              begin
                  if :new.MAT_ID is null then
                      SELECT SQMATERIEL.NEXTVAL
						INTO :New.MAT_ID from sys.dual;
                 end if;
              end;

/
ALTER TRIGGER "C_GPI"."TRINDEXMATERIEL" ENABLE;
--------------------------------------------------------
--  DDL for Trigger TRINDEXPRESTATIONS
--------------------------------------------------------

  CREATE OR REPLACE EDITIONABLE TRIGGER "C_GPI"."TRINDEXPRESTATIONS" 
              before insert on PRESTATIONS
              for each row
              begin
                  if :new.PRES_ID is null then
                      SELECT SQPRESTATIONS.NEXTVAL
						INTO :New.PRES_ID from sys.dual;
                 end if;
              end;

/
ALTER TRIGGER "C_GPI"."TRINDEXPRESTATIONS" ENABLE;
--------------------------------------------------------
--  DDL for Trigger TRINDEXTYPE_BUREAU
--------------------------------------------------------

  CREATE OR REPLACE EDITIONABLE TRIGGER "C_GPI"."TRINDEXTYPE_BUREAU" 
              before insert on TYPE_BUREAU
              for each row
              begin
                  if :new.TYPE_BUR_ID is null then
                      SELECT SQTYPE_BUREAU.NEXTVAL
						INTO :New.TYPE_BUR_ID from sys.dual;
                 end if;
              end;

/
ALTER TRIGGER "C_GPI"."TRINDEXTYPE_BUREAU" ENABLE;
--------------------------------------------------------
--  DDL for Procedure GESTDEPART
--------------------------------------------------------
set define off;

  CREATE OR REPLACE EDITIONABLE PROCEDURE "C_GPI"."GESTDEPART" IS
    V_MATRICULE EFFECTIF.MATRICULE%TYPE;
BEGIN
    -- Sélection automatique de l'employé démissionnaire
    SELECT MATRICULE
    INTO V_MATRICULE
    FROM EFFECTIF
    WHERE MATRICULE = (SELECT MAX(MATRICULE) FROM EFFECTIF WHERE STATUT_EMP='i');
      
    -- Transfert de l'employé sélectionné vers la table DEPART
    INSERT INTO DEPART (MATRICULE, MOBILE, NUMSECUSOC, DATERECRU, NATCONTRAT, NOM, PRENOM, TYPE_JOB, DEP_ID, GROUPSOC, DR_ID, USER_MAIL, DATEDEPART)
    SELECT MATRICULE, MOBILE, NUMSECUSOC, DATERECRU, NATCONTRAT, NOM, PRENOM, TYPE_JOB, DEP_ID, GROUPSOC, DR_ID, USER_MAIL, SYSDATE
    FROM EFFECTIF
    WHERE MATRICULE = V_MATRICULE;
    
    -- Suppression de l'employé transféré de la table EFFECTIF
    DELETE FROM EFFECTIF WHERE MATRICULE = V_MATRICULE AND STATUT_EMP='i';
    
    EXCEPTION
    WHEN NO_DATA_FOUND THEN
        DBMS_OUTPUT.PUT_LINE('Aucun employé démissionnaire trouvé.');
    WHEN OTHERS THEN
        DBMS_OUTPUT.PUT_LINE('Une erreur est survenue lors du transfert du personnel démissionnaire.');


END;

/
--------------------------------------------------------
--  DDL for Function GETDEPDATA
--------------------------------------------------------

  CREATE OR REPLACE EDITIONABLE FUNCTION "C_GPI"."GETDEPDATA" (p_current_user in varchar2) RETURN t_dep_table
AS
    v_result t_dep_table;
    v_dr number;
    v_current_user varchar2(256):=trim(p_current_user);
    
BEGIN
   begin
  
    select dr_id into v_dr from gpi_users where users_gpi=v_current_user;
    dbms_output.put_line('dir id=,' ||v_dr);

    exception when no_data_found then
    Rollback;
   end;
    v_result := t_dep_table();
    if(v_dr=1) then
      for rec in (SELECT 
        DEP_ID,
       DEPARTEMENT,
       NOM_DEPARTEMENT,
	   DR_ID 
       
      FROM DEPARTEMENTS) loop
         v_result.extend;
         v_result(v_result.count):=t_dep_row(rec.DEP_ID,rec.DEPARTEMENT,rec.NOM_DEPARTEMENT, rec.DR_ID);        
    end loop ;
    RETURN v_result;
    end if;
    
    if(v_dr !=1) then
     for rec in (SELECT 
    
       DEP_ID,
       DEPARTEMENT,
       NOM_DEPARTEMENT,
	   DR_ID
       
      FROM DEPARTEMENTS where dr_id=(select dr_id from gpi_users where users_gpi=v_current_user) ) loop
         v_result.extend;
         v_result(v_result.count):=t_dep_row(rec.DEP_ID,rec.DEPARTEMENT,rec.NOM_DEPARTEMENT, rec.DR_ID);        
    end loop ;
    RETURN v_result;
    end if;
END getDepData;

/
--------------------------------------------------------
--  DDL for Function GETDIRDATA
--------------------------------------------------------

  CREATE OR REPLACE EDITIONABLE FUNCTION "C_GPI"."GETDIRDATA" (p_current_user in varchar2) RETURN t_dir_table
AS
    v_result t_dir_table;
    v_dr number;
    v_current_user varchar2(256):=trim(p_current_user);
    
BEGIN
   begin
  
    select dr_id into v_dr from gpi_users where users_gpi=v_current_user;
    dbms_output.put_line('dir id= ' ||v_dr);

    exception when no_data_found then
    Rollback;
   end;
    v_result := t_dir_table();
    if(v_dr=1) then
      for rec in (SELECT 
        DR_ID,
       NOM_DIRECTION,
       CODE_DR
       
      FROM DIRECTIONS) loop
         v_result.extend;
         v_result(v_result.count):=t_dir_row(rec.DR_ID,rec.NOM_DIRECTION,rec.CODE_DR);        
    end loop ;
    RETURN v_result;
    end if;
    
    if(v_dr !=1) then
     for rec in (SELECT 
    
       DR_ID,
       NOM_DIRECTION,
       CODE_DR
       
      FROM DIRECTIONS where dr_id=(select dr_id from gpi_users where users_gpi=v_current_user) ) loop
         v_result.extend;
         v_result(v_result.count):=t_dir_row(rec.DR_ID,rec.NOM_DIRECTION,rec.CODE_DR);        
    end loop ;
    RETURN v_result;
    end if;
END getDirData;

/
--------------------------------------------------------
--  DDL for Function GETEFFECTIFDATA
--------------------------------------------------------

  CREATE OR REPLACE EDITIONABLE FUNCTION "C_GPI"."GETEFFECTIFDATA" (p_current_user in varchar2) RETURN t_effectif_table
AS
    v_result t_effectif_table;
    v_dr number;
    v_current_user varchar2(256):=trim(p_current_user);
    
BEGIN
   begin
  
    select dr_id into v_dr from gpi_users where users_gpi=v_current_user;
    dbms_output.put_line('dir id=,' ||v_dr);

    exception when no_data_found then
    Rollback;
   end;
    v_result := t_effectif_table();
    if(v_dr=1) then
      for rec in (SELECT EFF_ID,
       DR_ID,
       DEP_ID,
       TYPE_BUR_ID,
       NOM,
       PRENOM,
       USER_MAIL,
       TYPE_JOB,
       NUMERO_BUREAU,
       MOBILE
       
      FROM EFFECTIF) loop
         v_result.extend;
         v_result(v_result.count):=t_effectif_row(rec.EFF_ID,rec.DR_ID,rec.DEP_ID,rec.TYPE_BUR_ID,rec.NOM,rec.PRENOM,rec.USER_MAIL,rec.TYPE_JOB,rec.NUMERO_BUREAU,rec.MOBILE);        
    end loop ;
    RETURN v_result;
    end if;
    
    if(v_dr !=1) then
     for rec in (SELECT EFF_ID,
       DR_ID,
       DEP_ID,
       TYPE_BUR_ID,
       NOM,
       PRENOM,
       USER_MAIL,
       TYPE_JOB,
       NUMERO_BUREAU,
       MOBILE
       
      FROM EFFECTIF where dr_id=(select dr_id from gpi_users where users_gpi=v_current_user) ) loop
         v_result.extend;
         v_result(v_result.count):=t_effectif_row(rec.EFF_ID,rec.DR_ID,rec.DEP_ID,rec.TYPE_BUR_ID,rec.NOM,rec.PRENOM,rec.USER_MAIL,rec.TYPE_JOB,rec.NUMERO_BUREAU,rec.MOBILE);        
    end loop ;
    RETURN v_result;
    end if;
END getEffectifData;

/
--------------------------------------------------------
--  DDL for Function GETMATERIELDATA
--------------------------------------------------------

  CREATE OR REPLACE EDITIONABLE FUNCTION "C_GPI"."GETMATERIELDATA" (p_current_user in varchar2) RETURN t_materiel_table
AS
    v_result t_materiel_table;
    v_dr number;
    v_current_user varchar2(256):=trim(p_current_user);
    
BEGIN
   begin
  
    select dr_id into v_dr from gpi_users where users_gpi=v_current_user;
    dbms_output.put_line('dir id=,' ||v_dr);

    exception when no_data_found then
    Rollback;
   end;
    v_result := t_materiel_table();
    if(v_dr=1) then
      for rec in (SELECT MAT_ID,
       FOURN_ID,
       ETAT_MAT_ID,
       EFF_ID,
       DR_ID,
       DEP_ID,
       TYPE_BUR_ID,
       TYPE_MATERIEL,
       MARQUE,
       MODEL_REFERENCE,
       NUM_INVENTAIRE,
       REF_TAG,
       MAT_NUM_BUR,
       DATE_ACHAT_MAT,
       COUT_MATERIEL_DA,
       OBSERVATIONS
      FROM MATERIEL) loop
         v_result.extend;
         v_result(v_result.count):=t_materiel_row(rec.MAT_ID,rec.FOURN_ID,rec.ETAT_MAT_ID,rec.EFF_ID,rec.DR_ID,rec.DEP_ID,rec.TYPE_BUR_ID,rec.TYPE_MATERIEL,rec.MARQUE,rec.MODEL_REFERENCE,rec.NUM_INVENTAIRE,rec.REF_TAG,rec.MAT_NUM_BUR,rec.DATE_ACHAT_MAT,rec.COUT_MATERIEL_DA,rec.OBSERVATIONS);        
    end loop ;
    RETURN v_result;
    end if;
    
    if(v_dr !=1) then
     for rec in (SELECT MAT_ID,
       FOURN_ID,
       ETAT_MAT_ID,
       EFF_ID,
       DR_ID,
       DEP_ID,
       TYPE_BUR_ID,
       TYPE_MATERIEL,
       MARQUE,
       MODEL_REFERENCE,
       NUM_INVENTAIRE,
       REF_TAG,
       MAT_NUM_BUR,
       DATE_ACHAT_MAT,
       COUT_MATERIEL_DA,
       OBSERVATIONS
      FROM MATERIEL where dr_id=(select dr_id from gpi_users where users_gpi=v_current_user) ) loop
         v_result.extend;
         v_result(v_result.count):=t_materiel_row(rec.MAT_ID,rec.FOURN_ID,rec.ETAT_MAT_ID,rec.EFF_ID,rec.DR_ID,rec.DEP_ID,rec.TYPE_BUR_ID,rec.TYPE_MATERIEL,rec.MARQUE,rec.MODEL_REFERENCE,rec.NUM_INVENTAIRE,rec.REF_TAG,rec.MAT_NUM_BUR,rec.DATE_ACHAT_MAT,rec.COUT_MATERIEL_DA,rec.OBSERVATIONS);        
    end loop ;
    RETURN v_result;
    end if;
END getMaterielData;

/
--------------------------------------------------------
--  DDL for Function GETPRESTATIONSDATA
--------------------------------------------------------

  CREATE OR REPLACE EDITIONABLE FUNCTION "C_GPI"."GETPRESTATIONSDATA" (p_current_user in varchar2) RETURN t_prestations_table
AS
    v_result t_prestations_table;
    v_dr number;
    v_current_user varchar2(256):=trim(p_current_user);
    
BEGIN
   begin
  
    select dr_id into v_dr from gpi_users where users_gpi=v_current_user;
    dbms_output.put_line('dir id=,' ||v_dr);

    exception when no_data_found then
    Rollback;
   end;
    v_result := t_prestations_table();
    if(v_dr=1) then
      for rec in (SELECT PRES_ID,
       FOURN_ID,
       DR_ID,
       PRESTATION,
       DATE_PRESTATION,
       COUT_PRESTATION
      FROM PRESTATIONS) loop
         v_result.extend;
         v_result(v_result.count):=t_prestations_row(rec.PRES_ID,rec.FOURN_ID,rec.DR_ID,rec.PRESTATION,rec.DATE_PRESTATION,rec.COUT_PRESTATION );        
    end loop ;
    RETURN v_result;
    end if;
    
    if(v_dr !=1) then
     for rec in (SELECT PRES_ID,
       FOURN_ID,
       DR_ID,
       PRESTATION,
       DATE_PRESTATION,
       COUT_PRESTATION
      FROM PRESTATIONS where dr_id=(select dr_id from gpi_users where users_gpi=v_current_user) ) loop
         v_result.extend;
         v_result(v_result.count):=t_prestations_row(rec.PRES_ID,rec.FOURN_ID,rec.DR_ID,rec.PRESTATION,rec.DATE_PRESTATION,rec.COUT_PRESTATION );        
    end loop ;
    RETURN v_result;
    end if;
END getPrestationsData;

/
--------------------------------------------------------
--  DDL for Function GET_USER_DIR
--------------------------------------------------------

  CREATE OR REPLACE EDITIONABLE FUNCTION "C_GPI"."GET_USER_DIR" (p_current_user in varchar2) RETURN VARCHAR2 AS 
 v_dr number;
 v_current_user varchar2(256):=trim(p_current_user);
 v_code_dr number;
BEGIN
 select dr_id into v_dr from gpi_users where users_gpi=v_current_user;
 
     dbms_output.put_line('dir id= ' ||v_dr);
     
    select code_dr into v_code_dr from DIRECTIONS where dr_id= v_dr;
    
    dbms_output.put_line('v_code_dr= ' ||v_code_dr);

  RETURN v_code_dr;
END GET_USER_DIR;

/
--------------------------------------------------------
--  Constraints for Table CONTRAT_MAINTENANCE
--------------------------------------------------------

  ALTER TABLE "C_GPI"."CONTRAT_MAINTENANCE" ADD CONSTRAINT "PK_CONTRAT_MAINTENANCE" PRIMARY KEY ("CONT_ID")
  USING INDEX PCTFREE 10 INITRANS 2 MAXTRANS 255 COMPUTE STATISTICS 
  STORAGE(INITIAL 65536 NEXT 1048576 MINEXTENTS 1 MAXEXTENTS 2147483645
  PCTINCREASE 0 FREELISTS 1 FREELIST GROUPS 1
  BUFFER_POOL DEFAULT FLASH_CACHE DEFAULT CELL_FLASH_CACHE DEFAULT)
  TABLESPACE "APEX_38760343483348506"  ENABLE;
  ALTER TABLE "C_GPI"."CONTRAT_MAINTENANCE" MODIFY ("FOURN_ID" NOT NULL ENABLE);
  ALTER TABLE "C_GPI"."CONTRAT_MAINTENANCE" MODIFY ("CONT_ID" NOT NULL ENABLE);
--------------------------------------------------------
--  Constraints for Table DEPART
--------------------------------------------------------

  ALTER TABLE "C_GPI"."DEPART" ADD CONSTRAINT "PK_DEPART" PRIMARY KEY ("DEPART_ID")
  USING INDEX PCTFREE 10 INITRANS 2 MAXTRANS 255 COMPUTE STATISTICS 
  STORAGE(INITIAL 65536 NEXT 1048576 MINEXTENTS 1 MAXEXTENTS 2147483645
  PCTINCREASE 0 FREELISTS 1 FREELIST GROUPS 1
  BUFFER_POOL DEFAULT FLASH_CACHE DEFAULT CELL_FLASH_CACHE DEFAULT)
  TABLESPACE "APEX_38760343483348506"  ENABLE;
  ALTER TABLE "C_GPI"."DEPART" MODIFY ("DEPART_ID" NOT NULL ENABLE);
--------------------------------------------------------
--  Constraints for Table DEPARTEMENTS
--------------------------------------------------------

  ALTER TABLE "C_GPI"."DEPARTEMENTS" ADD CONSTRAINT "PK_DEPARTEMENTS" PRIMARY KEY ("DEP_ID")
  USING INDEX PCTFREE 10 INITRANS 2 MAXTRANS 255 COMPUTE STATISTICS 
  STORAGE(INITIAL 65536 NEXT 1048576 MINEXTENTS 1 MAXEXTENTS 2147483645
  PCTINCREASE 0 FREELISTS 1 FREELIST GROUPS 1
  BUFFER_POOL DEFAULT FLASH_CACHE DEFAULT CELL_FLASH_CACHE DEFAULT)
  TABLESPACE "APEX_38760343483348506"  ENABLE;
  ALTER TABLE "C_GPI"."DEPARTEMENTS" MODIFY ("DEP_ID" NOT NULL ENABLE);
--------------------------------------------------------
--  Constraints for Table DIRECTIONS
--------------------------------------------------------

  ALTER TABLE "C_GPI"."DIRECTIONS" ADD CONSTRAINT "PK_DIRECTIONS" PRIMARY KEY ("DR_ID")
  USING INDEX PCTFREE 10 INITRANS 2 MAXTRANS 255 COMPUTE STATISTICS 
  STORAGE(INITIAL 65536 NEXT 1048576 MINEXTENTS 1 MAXEXTENTS 2147483645
  PCTINCREASE 0 FREELISTS 1 FREELIST GROUPS 1
  BUFFER_POOL DEFAULT FLASH_CACHE DEFAULT CELL_FLASH_CACHE DEFAULT)
  TABLESPACE "APEX_38760343483348506"  ENABLE;
  ALTER TABLE "C_GPI"."DIRECTIONS" MODIFY ("DR_ID" NOT NULL ENABLE);
--------------------------------------------------------
--  Constraints for Table EFFECTIF
--------------------------------------------------------

  ALTER TABLE "C_GPI"."EFFECTIF" ADD CONSTRAINT "PK_EFFECTIF" PRIMARY KEY ("EFF_ID")
  USING INDEX PCTFREE 10 INITRANS 2 MAXTRANS 255 COMPUTE STATISTICS 
  STORAGE(INITIAL 65536 NEXT 1048576 MINEXTENTS 1 MAXEXTENTS 2147483645
  PCTINCREASE 0 FREELISTS 1 FREELIST GROUPS 1
  BUFFER_POOL DEFAULT FLASH_CACHE DEFAULT CELL_FLASH_CACHE DEFAULT)
  TABLESPACE "APEX_38760343483348506"  ENABLE;
  ALTER TABLE "C_GPI"."EFFECTIF" MODIFY ("DEP_ID" NOT NULL ENABLE);
  ALTER TABLE "C_GPI"."EFFECTIF" MODIFY ("DR_ID" NOT NULL ENABLE);
--------------------------------------------------------
--  Constraints for Table ETAT_MATERIEL
--------------------------------------------------------

  ALTER TABLE "C_GPI"."ETAT_MATERIEL" ADD CONSTRAINT "PK_ETAT_MATERIEL" PRIMARY KEY ("ETAT_MAT_ID")
  USING INDEX PCTFREE 10 INITRANS 2 MAXTRANS 255 COMPUTE STATISTICS 
  STORAGE(INITIAL 65536 NEXT 1048576 MINEXTENTS 1 MAXEXTENTS 2147483645
  PCTINCREASE 0 FREELISTS 1 FREELIST GROUPS 1
  BUFFER_POOL DEFAULT FLASH_CACHE DEFAULT CELL_FLASH_CACHE DEFAULT)
  TABLESPACE "APEX_38760343483348506"  ENABLE;
--------------------------------------------------------
--  Constraints for Table FOURNISSEURS
--------------------------------------------------------

  ALTER TABLE "C_GPI"."FOURNISSEURS" ADD CONSTRAINT "PK_FOURNISSEURS" PRIMARY KEY ("FOURN_ID")
  USING INDEX PCTFREE 10 INITRANS 2 MAXTRANS 255 COMPUTE STATISTICS 
  STORAGE(INITIAL 65536 NEXT 1048576 MINEXTENTS 1 MAXEXTENTS 2147483645
  PCTINCREASE 0 FREELISTS 1 FREELIST GROUPS 1
  BUFFER_POOL DEFAULT FLASH_CACHE DEFAULT CELL_FLASH_CACHE DEFAULT)
  TABLESPACE "APEX_38760343483348506"  ENABLE;
  ALTER TABLE "C_GPI"."FOURNISSEURS" MODIFY ("FOURN_ID" NOT NULL ENABLE);
--------------------------------------------------------
--  Constraints for Table GPI_USERS
--------------------------------------------------------

  ALTER TABLE "C_GPI"."GPI_USERS" ADD CONSTRAINT "PK_GPI_USERS" PRIMARY KEY ("USER_ID")
  USING INDEX PCTFREE 10 INITRANS 2 MAXTRANS 255 COMPUTE STATISTICS 
  STORAGE(INITIAL 65536 NEXT 1048576 MINEXTENTS 1 MAXEXTENTS 2147483645
  PCTINCREASE 0 FREELISTS 1 FREELIST GROUPS 1
  BUFFER_POOL DEFAULT FLASH_CACHE DEFAULT CELL_FLASH_CACHE DEFAULT)
  TABLESPACE "APEX_38760343483348506"  ENABLE;
  ALTER TABLE "C_GPI"."GPI_USERS" MODIFY ("USER_ID" NOT NULL ENABLE);
--------------------------------------------------------
--  Constraints for Table LOGICIELS
--------------------------------------------------------

  ALTER TABLE "C_GPI"."LOGICIELS" ADD CONSTRAINT "PK_LOGICIELS" PRIMARY KEY ("LOG_ID")
  USING INDEX PCTFREE 10 INITRANS 2 MAXTRANS 255 COMPUTE STATISTICS 
  STORAGE(INITIAL 65536 NEXT 1048576 MINEXTENTS 1 MAXEXTENTS 2147483645
  PCTINCREASE 0 FREELISTS 1 FREELIST GROUPS 1
  BUFFER_POOL DEFAULT FLASH_CACHE DEFAULT CELL_FLASH_CACHE DEFAULT)
  TABLESPACE "APEX_38760343483348506"  ENABLE;
  ALTER TABLE "C_GPI"."LOGICIELS" MODIFY ("FOURN_ID" NOT NULL ENABLE);
  ALTER TABLE "C_GPI"."LOGICIELS" MODIFY ("LOG_ID" NOT NULL ENABLE);
--------------------------------------------------------
--  Constraints for Table MATERIEL
--------------------------------------------------------

  ALTER TABLE "C_GPI"."MATERIEL" ADD CONSTRAINT "PK_MATERIEL" PRIMARY KEY ("MAT_ID")
  USING INDEX PCTFREE 10 INITRANS 2 MAXTRANS 255 COMPUTE STATISTICS 
  STORAGE(INITIAL 65536 NEXT 1048576 MINEXTENTS 1 MAXEXTENTS 2147483645
  PCTINCREASE 0 FREELISTS 1 FREELIST GROUPS 1
  BUFFER_POOL DEFAULT FLASH_CACHE DEFAULT CELL_FLASH_CACHE DEFAULT)
  TABLESPACE "APEX_38760343483348506"  ENABLE;
  ALTER TABLE "C_GPI"."MATERIEL" MODIFY ("TYPE_BUR_ID" NOT NULL ENABLE);
  ALTER TABLE "C_GPI"."MATERIEL" MODIFY ("DEP_ID" NOT NULL ENABLE);
  ALTER TABLE "C_GPI"."MATERIEL" MODIFY ("DR_ID" NOT NULL ENABLE);
  ALTER TABLE "C_GPI"."MATERIEL" MODIFY ("EFF_ID" NOT NULL ENABLE);
  ALTER TABLE "C_GPI"."MATERIEL" MODIFY ("ETAT_MAT_ID" NOT NULL ENABLE);
  ALTER TABLE "C_GPI"."MATERIEL" MODIFY ("FOURN_ID" NOT NULL ENABLE);
  ALTER TABLE "C_GPI"."MATERIEL" MODIFY ("MAT_ID" NOT NULL ENABLE);
--------------------------------------------------------
--  Constraints for Table PRESTATIONS
--------------------------------------------------------

  ALTER TABLE "C_GPI"."PRESTATIONS" ADD CONSTRAINT "PK_PRESTATIONS" PRIMARY KEY ("PRES_ID")
  USING INDEX PCTFREE 10 INITRANS 2 MAXTRANS 255 COMPUTE STATISTICS 
  STORAGE(INITIAL 65536 NEXT 1048576 MINEXTENTS 1 MAXEXTENTS 2147483645
  PCTINCREASE 0 FREELISTS 1 FREELIST GROUPS 1
  BUFFER_POOL DEFAULT FLASH_CACHE DEFAULT CELL_FLASH_CACHE DEFAULT)
  TABLESPACE "APEX_38760343483348506"  ENABLE;
  ALTER TABLE "C_GPI"."PRESTATIONS" MODIFY ("DR_ID" NOT NULL ENABLE);
  ALTER TABLE "C_GPI"."PRESTATIONS" MODIFY ("FOURN_ID" NOT NULL ENABLE);
  ALTER TABLE "C_GPI"."PRESTATIONS" MODIFY ("PRES_ID" NOT NULL ENABLE);
--------------------------------------------------------
--  Constraints for Table TYPE_BUREAU
--------------------------------------------------------

  ALTER TABLE "C_GPI"."TYPE_BUREAU" ADD CONSTRAINT "PK_TYPE_BUREAU" PRIMARY KEY ("TYPE_BUR_ID")
  USING INDEX PCTFREE 10 INITRANS 2 MAXTRANS 255 COMPUTE STATISTICS 
  STORAGE(INITIAL 65536 NEXT 1048576 MINEXTENTS 1 MAXEXTENTS 2147483645
  PCTINCREASE 0 FREELISTS 1 FREELIST GROUPS 1
  BUFFER_POOL DEFAULT FLASH_CACHE DEFAULT CELL_FLASH_CACHE DEFAULT)
  TABLESPACE "APEX_38760343483348506"  ENABLE;
  ALTER TABLE "C_GPI"."TYPE_BUREAU" MODIFY ("TYPE_BUR_ID" NOT NULL ENABLE);
--------------------------------------------------------
--  Ref Constraints for Table CONTRAT_MAINTENANCE
--------------------------------------------------------

  ALTER TABLE "C_GPI"."CONTRAT_MAINTENANCE" ADD CONSTRAINT "FK_CONTRAT__MAINTENAN_FOURNISS" FOREIGN KEY ("FOURN_ID")
	  REFERENCES "C_GPI"."FOURNISSEURS" ("FOURN_ID") ENABLE;
--------------------------------------------------------
--  Ref Constraints for Table EFFECTIF
--------------------------------------------------------

  ALTER TABLE "C_GPI"."EFFECTIF" ADD CONSTRAINT "FK_EFFECTIF_ASSOCIATI_TYPE_BUR" FOREIGN KEY ("TYPE_BUR_ID")
	  REFERENCES "C_GPI"."TYPE_BUREAU" ("TYPE_BUR_ID") ENABLE;
  ALTER TABLE "C_GPI"."EFFECTIF" ADD CONSTRAINT "FK_EFFECTIF_TRAVAIL_DIRECTIO" FOREIGN KEY ("DR_ID")
	  REFERENCES "C_GPI"."DIRECTIONS" ("DR_ID") ENABLE;
  ALTER TABLE "C_GPI"."EFFECTIF" ADD CONSTRAINT "FK_EFFECTIF_WORKS_DEPARTEM" FOREIGN KEY ("DEP_ID")
	  REFERENCES "C_GPI"."DEPARTEMENTS" ("DEP_ID") ENABLE;
--------------------------------------------------------
--  Ref Constraints for Table LOGICIELS
--------------------------------------------------------

  ALTER TABLE "C_GPI"."LOGICIELS" ADD CONSTRAINT "FK_LOGICIEL_VENDRE_FOURNISS" FOREIGN KEY ("FOURN_ID")
	  REFERENCES "C_GPI"."FOURNISSEURS" ("FOURN_ID") ENABLE;
--------------------------------------------------------
--  Ref Constraints for Table MATERIEL
--------------------------------------------------------

  ALTER TABLE "C_GPI"."MATERIEL" ADD CONSTRAINT "FK_MATERIEL_AFFECTATI_DIRECTIO" FOREIGN KEY ("DR_ID")
	  REFERENCES "C_GPI"."DIRECTIONS" ("DR_ID") ENABLE;
  ALTER TABLE "C_GPI"."MATERIEL" ADD CONSTRAINT "FK_MATERIEL_APPARTENA_DEPARTEM" FOREIGN KEY ("DEP_ID")
	  REFERENCES "C_GPI"."DEPARTEMENTS" ("DEP_ID") ENABLE;
  ALTER TABLE "C_GPI"."MATERIEL" ADD CONSTRAINT "FK_MATERIEL_CONSTATAT_ETAT_MAT" FOREIGN KEY ("ETAT_MAT_ID")
	  REFERENCES "C_GPI"."ETAT_MATERIEL" ("ETAT_MAT_ID") ENABLE;
  ALTER TABLE "C_GPI"."MATERIEL" ADD CONSTRAINT "FK_MATERIEL_CONTENANC_TYPE_BUR" FOREIGN KEY ("TYPE_BUR_ID")
	  REFERENCES "C_GPI"."TYPE_BUREAU" ("TYPE_BUR_ID") ENABLE;
  ALTER TABLE "C_GPI"."MATERIEL" ADD CONSTRAINT "FK_MATERIEL_FOURNIR_FOURNISS" FOREIGN KEY ("FOURN_ID")
	  REFERENCES "C_GPI"."FOURNISSEURS" ("FOURN_ID") ENABLE;
  ALTER TABLE "C_GPI"."MATERIEL" ADD CONSTRAINT "FK_MATERIEL_UTILISATI_EFFECTIF" FOREIGN KEY ("EFF_ID")
	  REFERENCES "C_GPI"."EFFECTIF" ("EFF_ID") ENABLE;
--------------------------------------------------------
--  Ref Constraints for Table PRESTATIONS
--------------------------------------------------------

  ALTER TABLE "C_GPI"."PRESTATIONS" ADD CONSTRAINT "FK_PRESTATI_ASSOCIATI_DIRECTIO" FOREIGN KEY ("DR_ID")
	  REFERENCES "C_GPI"."DIRECTIONS" ("DR_ID") ENABLE;
  ALTER TABLE "C_GPI"."PRESTATIONS" ADD CONSTRAINT "FK_PRESTATI_PRESTATIO_FOURNISS" FOREIGN KEY ("FOURN_ID")
	  REFERENCES "C_GPI"."FOURNISSEURS" ("FOURN_ID") ENABLE;
